CustomerID,TotalOrders,TotalQuantity,TotalRevenue,AverageOrderValue,PurchaseFrequency,CustomerLifetimeValue,FirstPurchaseDate,LastPurchaseDate,CustomerLifeSpanDays,AverageDaysBetweenOrders,Country,Recency,Frequency,Monetary,R_Score,F_Score,M_Score,RFM_Score,Cluster,Segment,ChurnRisk
18102.0,145,181645.0,580987.04,558.64,0.1965,81012.3,2009-12-01 09:24:00,2011-12-09 11:50:00,738,5.13,United Kingdom,1,145,580987.04,5,5,5,555,2,Champion,Low
14646.0,151,367193.0,528602.52,137.34,0.2052,20742.08,2009-12-02 16:52:00,2011-12-08 12:12:00,736,4.91,Netherlands,2,151,528602.52,5,5,5,555,2,Champion,Low
14156.0,156,164325.0,313437.62,77.62,0.214,12109.19,2009-12-01 12:30:00,2011-11-30 10:54:00,729,4.7,EIRE,10,156,313437.62,5,5,5,555,2,Champion,Low
14911.0,398,147972.0,291420.81,26.31,0.54,10470.85,2009-12-01 11:41:00,2011-12-08 15:54:00,737,1.86,EIRE,1,398,291420.81,5,5,5,555,2,Champion,Low
17450.0,51,83914.0,244784.25,582.82,0.1186,29722.65,2010-09-27 16:59:00,2011-12-01 13:29:00,430,8.6,United Kingdom,8,51,244784.25,5,5,5,555,4,Loyal,Low
13694.0,143,188201.0,195640.69,128.8,0.1954,18422.62,2009-12-04 15:26:00,2011-12-06 09:32:00,732,5.15,United Kingdom,4,143,195640.69,5,5,5,555,2,Champion,Low
17511.0,60,117174.0,172132.87,92.15,0.0816,5526.79,2009-12-02 10:52:00,2011-12-07 10:12:00,735,12.46,United Kingdom,3,60,172132.87,5,5,5,555,4,Loyal,Low
16446.0,2,80997.0,168472.5,56157.5,0.0098,112820.42,2011-05-18 09:52:00,2011-12-09 09:15:00,205,205.0,United Kingdom,1,2,168472.5,5,2,5,525,3,VIP Wholesale,Low
16684.0,55,104810.0,147142.77,204.93,0.0755,11263.77,2009-12-07 12:56:00,2011-12-05 14:06:00,728,13.48,United Kingdom,4,55,147142.77,5,5,5,555,4,Loyal,Low
12415.0,28,91447.0,144458.37,156.0,0.0557,4370.67,2010-06-30 08:30:00,2011-11-15 14:22:00,503,18.63,Australia,24,28,144458.37,4,5,5,455,4,Loyal,Low
15061.0,127,74280.0,126389.02,140.75,0.1728,17876.38,2009-12-01 12:18:00,2011-12-06 12:06:00,735,5.83,United Kingdom,4,127,126389.02,5,5,5,555,4,Loyal,Low
16029.0,107,54450.0,117763.62,318.28,0.1544,34055.71,2009-12-08 11:23:00,2011-11-01 10:27:00,693,6.54,United Kingdom,39,107,117763.62,4,5,5,455,4,Loyal,Medium
17949.0,118,60538.0,117314.08,752.01,0.1603,88722.74,2009-12-02 11:07:00,2011-12-08 18:46:00,736,6.29,United Kingdom,1,118,117314.08,5,5,5,555,4,Loyal,Low
15311.0,208,70149.0,114966.42,26.7,0.2818,5552.76,2009-12-01 11:21:00,2011-12-09 12:00:00,738,3.57,United Kingdom,1,208,114966.42,5,5,5,555,4,Loyal,Low
13089.0,203,58932.0,113416.91,34.21,0.2762,6944.87,2009-12-02 15:44:00,2011-12-07 09:02:00,735,3.64,United Kingdom,3,203,113416.91,5,5,5,555,4,Loyal,Low
12931.0,57,62906.0,92347.34,423.61,0.0795,24146.41,2009-12-01 11:46:00,2011-11-18 12:39:00,717,12.8,United Kingdom,22,57,92347.34,4,5,5,455,4,Loyal,Low
14298.0,82,100272.0,91194.49,31.84,0.1139,2611.13,2009-12-11 13:49:00,2011-12-01 13:12:00,720,8.89,United Kingdom,8,82,91194.49,5,5,5,555,4,Loyal,Low
15769.0,46,49068.0,88612.52,397.37,0.0638,18278.94,2009-12-11 09:58:00,2011-12-02 13:52:00,721,16.02,United Kingdom,7,46,88612.52,5,5,5,555,4,Loyal,Low
12346.0,12,74285.0,77556.46,2281.07,0.03,27372.84,2009-12-14 08:34:00,2011-01-18 10:01:00,400,36.36,United Kingdom,326,12,77556.46,2,5,5,255,4,Loyal,Very High
13798.0,110,48187.0,75428.87,104.62,0.1507,11509.35,2009-12-08 16:21:00,2011-12-08 15:51:00,730,6.7,United Kingdom,1,110,75428.87,5,5,5,555,4,Loyal,Low
15838.0,34,64114.0,73205.5,355.37,0.0477,12086.17,2009-12-15 09:51:00,2011-11-28 14:00:00,713,21.61,United Kingdom,11,34,73205.5,5,5,5,555,4,Loyal,Low
17841.0,211,36584.0,68545.25,5.51,0.2867,1162.67,2009-12-02 15:41:00,2011-12-08 12:07:00,736,3.5,United Kingdom,2,211,68545.25,5,5,5,555,4,Loyal,Low
16754.0,29,63551.0,65500.07,467.86,0.1078,13567.1,2010-03-08 11:32:00,2010-12-02 17:38:00,269,9.61,United Kingdom,372,29,65500.07,2,5,5,255,4,Loyal,Very High
14096.0,17,16352.0,65164.79,12.75,0.1753,216.8,2011-08-30 10:49:00,2011-12-05 17:17:00,97,6.06,United Kingdom,4,17,65164.79,5,5,5,555,1,Regular,Low
14088.0,16,15276.0,64036.8,93.9,0.0389,1501.26,2010-10-14 19:46:00,2011-11-29 16:16:00,411,27.4,United Kingdom,10,16,64036.8,5,5,5,555,1,Regular,Low
16422.0,109,64225.0,61920.87,88.71,0.1605,9667.57,2010-01-12 11:57:00,2011-11-22 14:00:00,679,6.29,United Kingdom,17,109,61920.87,5,5,5,555,4,Loyal,Low
17389.0,61,17880.0,57215.33,133.37,0.083,8136.24,2009-12-04 12:06:00,2011-12-09 09:38:00,735,12.25,United Kingdom,1,61,57215.33,5,5,5,555,4,Loyal,Low
13081.0,28,40077.0,56838.37,24.93,0.0389,698.24,2009-12-08 13:58:00,2011-11-28 10:54:00,720,26.67,United Kingdom,12,28,56838.37,5,5,5,555,4,Loyal,Low
16013.0,84,25520.0,56078.44,259.62,0.1154,21810.99,2009-12-08 10:24:00,2011-12-06 10:36:00,728,8.77,United Kingdom,4,84,56078.44,5,5,5,555,4,Loyal,Low
14680.0,58,26894.0,55688.5,43.71,0.0817,2535.49,2009-12-04 12:36:00,2011-11-14 16:59:00,710,12.46,United Kingdom,25,58,55688.5,4,5,5,455,4,Loyal,Low
13093.0,55,25971.0,54144.25,52.21,0.1196,2872.39,2009-12-04 10:32:00,2011-03-09 12:14:00,460,8.52,United Kingdom,276,55,54144.25,2,5,5,255,4,Loyal,Very High
12748.0,336,37109.0,53539.64,8.13,0.4571,2731.42,2009-12-04 17:31:00,2011-12-09 12:20:00,735,2.19,United Kingdom,1,336,53539.64,5,5,5,555,4,Loyal,Low
17850.0,155,21052.0,51208.87,20.49,0.4282,3176.12,2009-12-05 12:28:00,2010-12-02 15:27:00,362,2.35,United Kingdom,372,155,51208.87,2,5,5,255,4,Loyal,Very High
13408.0,106,28675.0,50174.78,60.74,0.1444,6437.81,2009-12-04 09:31:00,2011-12-08 09:05:00,734,6.99,United Kingdom,2,106,50174.78,5,5,5,555,4,Loyal,Low
13777.0,61,23190.0,49638.26,139.43,0.0828,8508.52,2009-12-02 09:47:00,2011-12-09 12:25:00,737,12.28,United Kingdom,1,61,49638.26,5,5,5,555,4,Loyal,Low
17404.0,23,50679.0,47781.12,163.63,0.033,3763.65,2010-01-07 11:31:00,2011-12-05 16:26:00,697,31.68,Sweden,4,23,47781.12,5,5,5,555,4,Loyal,Low
13881.0,43,29760.0,45179.1,98.86,0.067,4252.36,2010-03-04 14:41:00,2011-12-06 12:50:00,642,15.29,United Kingdom,4,43,45179.1,5,5,5,555,4,Loyal,Low
15749.0,3,18028.0,44534.3,4453.43,0.0309,13348.27,2011-01-11 12:55:00,2011-04-18 13:20:00,97,48.5,United Kingdom,235,3,44534.3,2,3,5,235,1,Regular,Very High
16705.0,42,22302.0,43515.05,62.97,0.0575,2643.17,2009-12-09 13:34:00,2011-12-09 12:08:00,730,17.8,United Kingdom,1,42,43515.05,5,5,5,555,1,Regular,Low
12471.0,79,16858.0,39918.19,35.17,0.1082,2777.94,2009-12-07 10:41:00,2011-12-07 15:43:00,730,9.36,Germany,2,79,39918.19,5,5,5,555,4,Loyal,Low
15098.0,3,121.0,39916.5,13305.5,,,2011-06-10 15:22:00,2011-06-10 15:33:00,0,0.0,United Kingdom,182,3,39916.5,3,3,5,335,1,Regular,Very High
15039.0,93,17780.0,39141.48,14.52,0.1292,1350.71,2009-12-10 11:39:00,2011-11-30 11:31:00,720,7.83,United Kingdom,10,93,39141.48,5,5,5,555,4,Loyal,Low
14031.0,44,13783.0,39019.51,52.03,0.0604,2290.96,2009-12-03 15:35:00,2011-12-02 17:13:00,729,16.95,United Kingdom,7,44,39019.51,5,5,5,555,1,Regular,Low
17675.0,70,16180.0,37642.48,33.73,0.0962,2362.23,2009-12-10 16:10:00,2011-12-08 18:03:00,728,10.55,United Kingdom,1,70,37642.48,5,5,5,555,4,Loyal,Low
17381.0,38,42879.0,36398.65,223.3,0.0704,8488.97,2010-06-09 12:55:00,2011-12-01 11:59:00,540,14.59,United Kingdom,9,38,36398.65,5,5,5,555,4,Loyal,Low
12921.0,74,21328.0,35233.24,23.5,0.1015,1738.85,2009-12-01 13:43:00,2011-11-30 16:22:00,729,9.99,United Kingdom,9,74,35233.24,5,5,5,555,4,Loyal,Low
17677.0,54,20921.0,35058.46,51.18,0.0748,2764.01,2009-12-16 11:23:00,2011-12-08 09:56:00,722,13.62,United Kingdom,2,54,35058.46,5,5,5,555,1,Regular,Low
12678.0,21,22372.0,34281.18,91.17,0.0319,1916.58,2010-01-07 16:46:00,2011-10-28 13:04:00,659,32.95,France,42,21,34281.18,4,5,5,455,1,Regular,Medium
13902.0,5,220600.0,34095.26,541.19,0.0543,2703.57,2009-12-15 10:02:00,2010-03-17 13:09:00,92,23.0,Denmark,632,5,34095.26,1,4,5,145,4,Loyal,Very High
13767.0,73,14595.0,33903.57,44.38,0.0992,3240.24,2009-12-01 10:52:00,2011-12-07 15:00:00,736,10.22,United Kingdom,2,73,33903.57,5,5,5,555,4,Loyal,Low
16210.0,35,12397.0,33750.97,131.84,0.0476,4618.83,2009-12-02 12:54:00,2011-12-08 12:36:00,736,21.65,United Kingdom,2,35,33750.97,5,5,5,555,1,Regular,Low
16779.0,53,19411.0,32809.03,31.55,0.0722,1671.99,2009-12-03 13:03:00,2011-12-07 14:54:00,734,14.12,United Kingdom,2,53,32809.03,5,5,5,555,1,Regular,Low
15856.0,52,19550.0,32275.95,29.29,0.071,1522.26,2009-12-03 14:02:00,2011-12-05 17:09:00,732,14.35,United Kingdom,4,52,32275.95,5,5,5,555,1,Regular,Low
14258.0,25,17488.0,32051.34,106.84,0.0344,2668.26,2009-12-04 08:36:00,2011-11-30 15:27:00,726,30.25,United Kingdom,9,25,32051.34,5,5,5,555,1,Regular,Low
17428.0,45,17356.0,31466.76,43.7,0.061,1967.29,2009-12-01 17:28:00,2011-12-09 09:45:00,738,16.77,United Kingdom,1,45,31466.76,5,5,5,555,1,Regular,Low
17940.0,16,85148.0,30306.79,865.91,0.0233,13860.71,2009-12-03 12:31:00,2011-10-21 13:27:00,687,45.8,United Kingdom,49,16,30306.79,4,5,5,455,4,Loyal,Medium
12709.0,34,13772.0,30291.76,61.82,0.0476,2103.98,2009-12-09 13:49:00,2011-11-24 15:38:00,715,21.67,Germany,15,34,30291.76,5,5,5,555,1,Regular,Low
14606.0,192,15217.0,29951.37,4.71,0.2612,904.24,2009-12-03 12:40:00,2011-12-08 19:28:00,735,3.85,United Kingdom,1,192,29951.37,5,5,5,555,4,Loyal,Low
12681.0,45,17011.0,29834.76,20.95,0.0632,942.72,2009-12-13 13:31:00,2011-11-25 11:33:00,712,16.18,France,15,45,29834.76,5,5,5,555,1,Regular,Low
13078.0,57,12032.0,29018.06,36.69,0.0776,2092.65,2009-12-01 09:06:00,2011-12-06 15:36:00,735,13.13,United Kingdom,3,57,29018.06,5,5,5,555,1,Regular,Low
13098.0,28,15968.0,28882.44,50.49,0.0886,1413.6,2011-01-26 13:46:00,2011-12-08 14:14:00,316,11.7,United Kingdom,1,28,28882.44,5,5,5,555,1,Regular,Low
17857.0,24,19906.0,27347.04,488.34,0.0377,11727.44,2010-03-08 12:09:00,2011-12-05 13:13:00,637,27.7,United Kingdom,4,24,27347.04,5,5,5,555,1,Regular,Low
14527.0,122,6647.0,27246.88,10.32,0.166,1259.14,2009-12-02 12:06:00,2011-12-07 12:19:00,735,6.07,United Kingdom,3,122,27246.88,5,5,5,555,4,Loyal,Low
16333.0,22,32184.0,26626.8,591.71,0.0728,13009.1,2011-02-03 10:50:00,2011-12-02 12:19:00,302,14.38,United Kingdom,8,22,26626.8,5,5,5,555,1,Regular,Low
15513.0,35,10477.0,26437.05,48.33,0.0529,1692.51,2010-01-13 14:59:00,2011-11-06 14:36:00,662,19.47,United Kingdom,33,35,26437.05,4,5,5,455,1,Regular,Medium
17865.0,46,12950.0,26312.19,26.05,0.065,1198.82,2009-12-01 10:49:00,2011-11-09 12:08:00,708,15.73,United Kingdom,31,46,26312.19,4,5,5,455,1,Regular,Medium
18251.0,9,39639.0,26278.86,243.32,0.0143,2192.07,2009-12-22 12:01:00,2011-09-13 15:03:00,630,78.75,United Kingdom,87,9,26278.86,3,5,5,355,1,Regular,Medium
13802.0,19,14129.0,26259.11,58.61,0.0363,1112.7,2010-02-16 10:11:00,2011-07-24 10:54:00,523,29.06,United Kingdom,139,19,26259.11,3,5,5,355,1,Regular,High
12731.0,17,11641.0,25775.71,65.59,0.0272,1113.25,2010-03-02 09:23:00,2011-11-16 11:59:00,624,39.0,France,24,17,25775.71,4,5,5,455,1,Regular,Low
14062.0,24,12794.0,25585.65,75.25,0.0333,1804.19,2009-12-10 14:28:00,2011-11-30 10:04:00,720,31.3,United Kingdom,10,24,25585.65,5,5,5,555,1,Regular,Low
12744.0,11,6994.0,25317.06,74.68,0.0204,822.67,2010-04-27 16:19:00,2011-10-19 11:18:00,540,54.0,Singapore,52,11,25317.06,4,5,5,455,1,Regular,Medium
12939.0,20,10328.0,25264.8,293.78,0.0316,5867.14,2010-01-12 11:27:00,2011-10-06 14:33:00,632,33.26,United Kingdom,64,20,25264.8,3,5,5,355,1,Regular,Medium
14895.0,38,10714.0,25119.54,27.91,0.0526,1059.94,2009-12-10 14:22:00,2011-12-02 09:23:00,722,19.51,United Kingdom,8,38,25119.54,5,5,5,555,1,Regular,Low
15498.0,44,12134.0,24972.86,26.54,0.061,1167.26,2009-12-16 17:27:00,2011-12-07 12:48:00,721,16.77,United Kingdom,3,44,24972.86,5,5,5,555,1,Regular,Low
12621.0,35,13706.0,24311.2,32.16,0.0525,1126.16,2010-02-09 12:01:00,2011-12-08 11:25:00,667,19.62,Germany,2,35,24311.2,5,5,5,555,1,Regular,Low
16525.0,48,14430.0,24151.3,68.42,0.0653,3283.85,2009-12-02 13:53:00,2011-12-07 15:07:00,735,15.64,United Kingdom,2,48,24151.3,5,5,5,555,1,Regular,Low
13001.0,33,13448.0,24042.65,23.69,0.0451,782.08,2009-12-03 16:21:00,2011-12-05 14:51:00,732,22.88,United Kingdom,4,33,24042.65,5,5,5,555,1,Regular,Low
14607.0,22,15335.0,23763.13,117.06,0.031,2572.86,2009-12-15 11:25:00,2011-11-24 10:35:00,709,33.76,United Kingdom,16,22,23763.13,5,5,5,555,1,Regular,Low
12482.0,29,27042.0,23691.4,116.13,0.3766,3367.56,2010-02-24 10:24:00,2010-05-12 16:51:00,77,2.75,Sweden,576,29,23691.4,1,5,5,155,0,Lost,Very High
17920.0,54,12265.0,23581.78,14.38,0.0741,776.79,2009-12-06 10:37:00,2011-12-05 14:29:00,729,13.75,United Kingdom,4,54,23581.78,5,5,5,555,1,Regular,Low
15640.0,29,12140.0,23494.31,31.41,0.0402,910.39,2009-12-14 16:36:00,2011-12-05 14:35:00,721,25.75,United Kingdom,4,29,23494.31,5,5,5,555,1,Regular,Low
12409.0,7,13143.0,23419.29,88.71,0.0144,622.11,2010-05-23 15:21:00,2011-09-22 10:38:00,487,81.17,Switzerland,79,7,23419.29,3,4,5,345,1,Regular,Medium
16133.0,56,13653.0,22992.26,42.27,0.0911,2368.24,2010-03-31 12:21:00,2011-12-06 11:24:00,615,11.18,United Kingdom,4,56,22992.26,5,5,5,555,1,Regular,Low
12682.0,52,10522.0,22950.22,23.21,0.0707,1206.1,2009-12-01 09:28:00,2011-12-06 10:00:00,735,14.41,France,4,52,22950.22,5,5,5,555,1,Regular,Low
14063.0,9,3850.0,22710.2,567.75,0.0307,5106.97,2009-12-08 13:46:00,2010-09-27 16:18:00,293,36.63,United Kingdom,438,9,22710.2,1,5,5,155,0,Lost,Very High
12540.0,33,11019.0,22254.49,28.86,0.0463,952.72,2009-12-07 16:56:00,2011-11-20 11:31:00,713,22.28,Spain,20,33,22254.49,4,5,5,455,1,Regular,Low
15159.0,34,13512.0,22116.73,27.3,0.0791,928.55,2010-10-04 09:31:00,2011-12-08 12:05:00,430,13.03,United Kingdom,2,34,22116.73,5,5,5,555,1,Regular,Low
13340.0,12,9636.0,22100.56,102.79,0.0197,1235.23,2010-02-22 14:54:00,2011-10-25 13:15:00,610,55.45,United Kingdom,45,12,22100.56,4,5,5,455,1,Regular,Medium
14051.0,37,5709.0,21770.98,68.46,0.0503,2534.44,2009-12-03 11:53:00,2011-12-09 10:20:00,736,20.44,United Kingdom,1,37,21770.98,5,5,5,555,1,Regular,Low
16839.0,44,11295.0,21758.25,62.17,0.0669,2736.74,2010-02-11 15:02:00,2011-12-01 09:03:00,658,15.3,United Kingdom,9,44,21758.25,5,5,5,555,1,Regular,Low
12753.0,6,11421.0,21429.39,108.78,0.0176,650.94,2010-12-12 11:44:00,2011-11-17 10:52:00,340,68.0,Japan,23,6,21429.39,4,4,5,445,1,Regular,Low
15615.0,47,12090.0,21373.97,23.72,0.0646,1113.99,2009-12-02 15:28:00,2011-11-29 14:42:00,727,15.8,United Kingdom,10,47,21373.97,5,5,5,555,1,Regular,Low
13319.0,58,8974.0,21323.22,23.1,0.0797,1340.3,2009-12-06 14:46:00,2011-12-04 13:34:00,728,12.77,United Kingdom,5,58,21323.22,5,5,5,555,1,Regular,Low
14866.0,19,9089.0,20746.54,152.55,0.0413,2898.14,2010-08-26 11:54:00,2011-11-29 11:45:00,460,25.56,United Kingdom,11,19,20746.54,5,5,5,555,1,Regular,Low
14667.0,54,11939.0,20395.34,16.06,0.0743,867.5,2009-12-02 12:38:00,2011-11-29 11:30:00,727,13.72,United Kingdom,11,54,20395.34,5,5,5,555,1,Regular,Low
15251.0,21,12108.0,20324.54,88.37,0.0313,1853.21,2010-01-29 12:42:00,2011-11-30 15:02:00,670,33.5,United Kingdom,9,21,20324.54,5,5,5,555,1,Regular,Low
12477.0,9,6119.0,20276.37,35.95,0.015,324.09,2010-03-26 14:01:00,2011-11-17 09:51:00,601,75.13,Germany,23,9,20276.37,4,5,5,455,1,Regular,Low
17706.0,31,7824.0,20272.15,27.51,0.0453,853.65,2010-01-19 12:13:00,2011-12-05 13:34:00,685,22.83,United Kingdom,4,31,20272.15,5,5,5,555,1,Regular,Low
17243.0,69,7932.0,20203.58,18.83,0.0936,1298.95,2009-12-01 15:36:00,2011-12-08 13:26:00,737,10.84,United Kingdom,1,69,20203.58,5,5,5,555,1,Regular,Low
18008.0,23,7825.0,19759.08,203.7,0.0364,4686.08,2010-01-06 12:35:00,2011-09-30 15:17:00,632,28.73,United Kingdom,70,23,19759.08,3,5,5,355,1,Regular,Medium
17340.0,18,9497.0,19617.95,28.94,0.0284,521.08,2010-02-14 14:54:00,2011-11-10 10:45:00,634,37.29,United Kingdom,30,18,19617.95,4,5,5,455,1,Regular,Low
16843.0,35,18502.0,19571.43,32.84,0.0509,1148.36,2009-12-10 11:40:00,2011-10-28 09:06:00,687,20.21,United Kingdom,43,35,19571.43,4,5,5,455,1,Regular,Medium
17139.0,25,9853.0,19566.76,24.22,0.0367,606.21,2010-01-11 11:31:00,2011-11-24 10:12:00,682,28.42,United Kingdom,16,25,19566.76,5,5,5,555,1,Regular,Low
14194.0,36,10037.0,18670.59,19.61,0.0516,706.29,2010-01-06 12:16:00,2011-12-05 10:38:00,698,19.94,United Kingdom,5,36,18670.59,5,5,5,555,1,Regular,Low
12357.0,3,6587.0,18287.66,61.78,0.0085,186.42,2010-11-16 10:05:00,2011-11-06 16:07:00,355,177.5,Switzerland,33,3,18287.66,4,3,5,435,1,Regular,Medium
13113.0,37,4435.0,18230.07,48.36,0.0596,1789.88,2010-03-28 16:13:00,2011-12-09 12:49:00,621,17.25,United Kingdom,1,37,18230.07,5,5,5,555,1,Regular,Low
12557.0,8,6382.0,18096.14,341.44,0.0113,2723.94,2009-12-17 10:39:00,2011-11-23 16:59:00,706,100.86,Spain,16,8,18096.14,5,4,5,545,1,Regular,Low
16746.0,42,11900.0,18046.75,18.36,0.0575,771.72,2009-12-04 13:00:00,2011-12-05 12:33:00,731,17.83,United Kingdom,5,42,18046.75,5,5,5,555,1,Regular,Low
17581.0,43,9519.0,17951.17,22.13,0.0584,951.2,2009-12-03 12:34:00,2011-12-09 12:21:00,736,17.52,United Kingdom,1,43,17951.17,5,5,5,555,1,Regular,Low
12901.0,28,23075.0,17654.54,152.19,0.1069,4262.51,2011-03-14 10:41:00,2011-12-01 10:07:00,262,9.7,United Kingdom,9,28,17654.54,5,5,5,555,1,Regular,Low
17377.0,78,7335.0,17644.27,10.31,0.1092,803.86,2009-12-02 12:39:00,2011-11-16 11:17:00,714,9.27,United Kingdom,24,78,17644.27,4,5,5,455,1,Regular,Low
14952.0,32,6977.0,17629.35,57.42,0.0473,1838.71,2009-12-03 15:34:00,2011-10-11 10:33:00,677,21.84,United Kingdom,60,32,17629.35,3,5,5,355,1,Regular,Medium
16652.0,16,7477.0,17550.39,63.82,0.0279,1022.05,2010-03-17 10:22:00,2011-10-12 09:38:00,574,38.27,United Kingdom,59,16,17550.39,4,5,5,455,1,Regular,Medium
15189.0,46,6902.0,17524.38,72.72,0.0906,3346.92,2010-07-18 13:37:00,2011-12-08 13:22:00,508,11.29,United Kingdom,1,46,17524.38,5,5,5,555,1,Regular,Low
18172.0,52,7407.0,17467.24,36.77,0.0728,1911.28,2009-12-11 09:58:00,2011-11-25 11:12:00,714,14.0,United Kingdom,15,52,17467.24,5,5,5,555,1,Regular,Low
16019.0,27,6959.0,17329.16,43.0,0.0398,1162.04,2009-12-14 14:12:00,2011-10-24 11:51:00,679,26.12,United Kingdom,47,27,17329.16,4,5,5,455,1,Regular,Medium
17416.0,22,8769.0,17298.45,28.98,0.0316,637.37,2009-12-14 16:29:00,2011-11-10 12:47:00,696,33.14,United Kingdom,30,22,17298.45,4,5,5,455,1,Regular,Low
15078.0,53,8777.0,17286.73,22.42,0.0728,1188.22,2009-12-04 12:03:00,2011-12-02 15:41:00,728,14.0,United Kingdom,7,53,17286.73,5,5,5,555,1,Regular,Low
15523.0,16,15633.0,17259.19,81.41,0.0245,1302.44,2009-12-02 15:16:00,2011-09-16 16:29:00,653,43.53,United Kingdom,84,16,17259.19,3,5,5,355,1,Regular,Medium
13027.0,19,42840.0,17239.2,202.81,0.033,3848.32,2010-01-20 10:41:00,2011-08-18 09:39:00,575,31.94,United Kingdom,114,19,17239.2,3,5,5,355,1,Regular,High
14277.0,9,89806.0,17197.61,45.38,0.0127,409.77,2009-12-13 15:43:00,2011-11-24 15:01:00,711,88.88,France,15,9,17197.61,5,5,5,555,4,Loyal,Low
15808.0,21,6753.0,17180.25,22.25,0.0486,467.14,2009-12-01 16:30:00,2011-02-06 14:33:00,432,21.6,United Kingdom,306,21,17180.25,2,5,5,255,1,Regular,Very High
15125.0,24,8433.0,17024.87,70.94,0.0405,1703.73,2010-03-31 13:29:00,2011-11-14 13:57:00,593,25.78,United Kingdom,25,24,17024.87,4,5,5,455,1,Regular,Low
12647.0,36,6633.0,16955.55,32.92,0.0535,1185.3,2010-01-13 15:06:00,2011-11-17 12:56:00,673,19.23,Germany,22,36,16955.55,4,5,5,455,1,Regular,Low
16656.0,30,15433.0,16833.17,119.38,0.0421,3583.47,2009-12-04 12:59:00,2011-11-17 14:43:00,713,24.59,United Kingdom,22,30,16833.17,4,5,5,455,1,Regular,Low
12433.0,10,13534.0,16794.14,30.04,0.021,300.28,2010-08-20 09:23:00,2011-12-09 10:02:00,476,52.89,Norway,1,10,16794.14,5,5,5,555,1,Regular,Low
17735.0,26,10683.0,16790.33,19.21,0.0525,499.22,2010-07-30 13:25:00,2011-12-07 16:47:00,495,19.8,United Kingdom,2,26,16790.33,5,5,5,555,1,Regular,Low
12454.0,5,7703.0,16679.78,416.99,0.0137,2085.16,2010-10-14 17:33:00,2011-10-14 17:13:00,365,91.25,Spain,56,5,16679.78,4,4,5,445,1,Regular,Medium
16553.0,33,16427.0,16584.01,56.79,0.0656,1873.89,2010-02-11 18:46:00,2011-06-29 15:42:00,503,15.72,United Kingdom,163,33,16584.01,3,5,5,355,1,Regular,High
13564.0,37,8878.0,16498.97,13.75,0.0624,508.79,2009-12-02 11:55:00,2011-07-18 14:33:00,593,16.47,United Kingdom,144,37,16498.97,3,5,5,355,1,Regular,High
15358.0,42,14902.0,16425.86,15.08,0.0577,633.44,2009-12-07 12:19:00,2011-12-05 09:04:00,728,17.76,United Kingdom,5,42,16425.86,5,5,5,555,1,Regular,Low
14961.0,22,8372.0,16410.15,24.49,0.0303,537.98,2009-12-04 11:32:00,2011-11-29 09:42:00,725,34.52,United Kingdom,11,22,16410.15,5,5,5,555,1,Regular,Low
13225.0,16,7401.0,16260.07,130.08,0.0223,2085.66,2009-12-17 09:09:00,2011-12-06 13:29:00,719,47.93,United Kingdom,3,16,16260.07,5,5,5,555,1,Regular,Low
16180.0,13,9813.0,16249.87,49.69,0.03,646.96,2010-06-23 13:19:00,2011-08-31 16:28:00,434,36.17,United Kingdom,100,13,16249.87,3,5,5,355,1,Regular,High
12472.0,19,10378.0,16249.29,19.32,0.0274,366.85,2009-12-14 10:49:00,2011-11-07 14:01:00,693,38.5,Germany,32,19,16249.29,4,5,5,455,1,Regular,Medium
12980.0,21,1910.0,16245.78,312.42,0.0362,6559.57,2009-12-02 11:26:00,2011-07-05 09:34:00,580,29.0,United Kingdom,158,21,16245.78,3,5,5,355,1,Regular,High
17107.0,10,7530.0,16052.72,23.96,0.0155,239.17,2010-01-31 15:47:00,2011-11-06 14:14:00,644,71.56,United Kingdom,33,10,16052.72,4,5,5,455,1,Regular,Medium
15044.0,35,5241.0,16024.15,17.88,0.0497,625.6,2009-12-16 15:13:00,2011-11-20 13:20:00,704,20.71,United Kingdom,19,35,16024.15,5,5,5,555,1,Regular,Low
13199.0,67,11567.0,15964.21,78.64,0.0917,5271.45,2009-12-05 10:11:00,2011-12-06 12:30:00,731,11.08,United Kingdom,4,67,15964.21,5,5,5,555,1,Regular,Low
17716.0,24,8819.0,15956.97,26.55,0.0336,637.84,2009-12-02 17:18:00,2011-11-17 12:00:00,715,31.09,United Kingdom,23,24,15956.97,4,5,5,455,1,Regular,Low
12971.0,116,14306.0,15704.6,38.59,0.1609,4476.78,2009-12-15 19:04:00,2011-12-06 12:20:00,721,6.27,United Kingdom,4,116,15704.6,5,5,5,555,4,Loyal,Low
16191.0,24,9348.0,15677.82,67.58,0.0331,1623.99,2009-12-11 12:24:00,2011-12-07 11:26:00,726,31.57,United Kingdom,3,24,15677.82,5,5,5,555,1,Regular,Low
12949.0,22,8233.0,15526.7,21.72,0.0312,478.43,2009-12-03 15:56:00,2011-11-09 11:25:00,706,33.62,United Kingdom,31,22,15526.7,4,5,5,455,1,Regular,Medium
14769.0,17,11058.0,15514.11,11.1,0.0236,188.87,2009-12-16 09:17:00,2011-12-07 10:24:00,721,45.06,United Kingdom,3,17,15514.11,5,5,5,555,1,Regular,Low
14849.0,43,11838.0,15407.61,20.88,0.0635,897.62,2010-01-10 11:40:00,2011-11-18 10:58:00,677,16.12,United Kingdom,22,43,15407.61,4,5,5,455,1,Regular,Low
15768.0,34,4215.0,15308.89,12.67,0.0548,431.17,2009-12-03 12:10:00,2011-08-16 10:48:00,621,18.82,United Kingdom,116,34,15308.89,3,5,5,355,1,Regular,High
18087.0,17,7775.0,14761.52,167.74,0.0266,2855.61,2009-12-01 09:43:00,2011-09-02 15:12:00,640,40.0,United Kingdom,98,17,14761.52,3,5,5,355,1,Regular,High
18092.0,18,8298.0,14693.72,104.96,0.0246,1892.62,2009-12-04 12:37:00,2011-12-07 13:14:00,733,43.12,United Kingdom,2,18,14693.72,5,5,5,555,1,Regular,Low
16126.0,15,6140.0,14644.6,38.44,0.0212,576.97,2009-12-02 13:34:00,2011-11-10 16:03:00,708,50.57,United Kingdom,29,15,14644.6,4,5,5,455,1,Regular,Low
17133.0,12,10107.0,14622.33,261.11,0.0196,3137.18,2010-03-21 12:31:00,2011-11-24 12:27:00,613,55.73,United Kingdom,16,12,14622.33,5,5,5,555,1,Regular,Low
16873.0,12,8601.0,14617.39,28.55,0.0181,343.13,2010-02-09 14:17:00,2011-12-05 12:05:00,664,60.36,United Kingdom,5,12,14617.39,5,5,5,555,1,Regular,Low
14543.0,39,2639.0,14587.87,68.81,0.0549,2682.14,2009-12-01 13:47:00,2011-11-11 12:45:00,710,18.68,United Kingdom,29,39,14587.87,4,5,5,455,1,Regular,Low
17448.0,46,11534.0,14523.67,13.03,0.3108,599.36,2010-03-04 17:29:00,2010-07-30 14:07:00,148,3.29,United Kingdom,497,46,14523.67,1,5,5,155,0,Lost,Very High
15482.0,19,6516.0,14417.36,97.41,0.0263,1849.68,2009-12-02 16:59:00,2011-11-24 10:46:00,722,40.11,United Kingdom,16,19,14417.36,5,5,5,555,1,Regular,Low
14733.0,15,5799.0,14335.15,44.94,0.0389,674.79,2010-11-02 15:42:00,2011-11-23 15:39:00,386,27.57,United Kingdom,16,15,14335.15,5,5,5,555,1,Regular,Low
13488.0,23,7375.0,14205.96,20.92,0.0345,480.68,2010-01-25 10:13:00,2011-11-22 14:41:00,666,30.27,United Kingdom,17,23,14205.96,5,5,5,555,1,Regular,Low
15601.0,30,10395.0,14191.74,17.22,0.0413,517.03,2009-12-01 14:53:00,2011-11-28 15:15:00,727,25.07,United Kingdom,11,30,14191.74,5,5,5,555,1,Regular,Low
16713.0,32,8482.0,14115.56,11.15,0.0453,356.6,2009-12-15 12:49:00,2011-11-21 12:36:00,706,22.77,United Kingdom,19,32,14115.56,5,5,5,555,1,Regular,Low
12714.0,12,8774.0,14093.71,20.25,0.0165,242.57,2009-12-04 10:00:00,2011-11-30 15:43:00,726,66.0,France,9,12,14093.71,5,5,5,555,1,Regular,Low
12476.0,23,5631.0,14083.91,27.4,0.0473,629.87,2010-07-26 09:04:00,2011-11-24 12:40:00,486,22.09,Germany,16,23,14083.91,5,5,5,555,1,Regular,Low
14299.0,27,8136.0,14070.25,42.0,0.037,1132.87,2009-12-02 10:58:00,2011-12-01 16:05:00,729,28.04,United Kingdom,8,27,14070.25,5,5,5,555,1,Regular,Low
13178.0,21,8778.0,14059.19,20.46,0.0301,429.24,2009-12-16 14:00:00,2011-11-13 16:14:00,697,34.85,United Kingdom,26,21,14059.19,4,5,5,455,1,Regular,Low
18223.0,26,6644.0,14000.85,24.31,0.0356,632.63,2009-12-04 12:20:00,2011-12-05 09:11:00,731,29.24,United Kingdom,5,26,14000.85,5,5,5,555,1,Regular,Low
12435.0,6,4958.0,13925.93,124.34,0.0091,744.52,2009-12-02 13:58:00,2011-09-21 09:06:00,658,131.6,Denmark,80,6,13925.93,3,4,5,345,1,Regular,Medium
15760.0,2,2.0,13916.34,6958.17,,,2010-03-19 11:35:00,2010-03-19 11:45:00,0,0.0,Norway,631,2,13916.34,1,2,5,125,0,Lost,Very High
17589.0,18,8704.0,13837.94,10.63,0.0309,191.17,2010-03-07 13:48:00,2011-10-10 16:58:00,582,34.24,United Kingdom,60,18,13837.94,3,5,5,355,1,Regular,Medium
15005.0,56,8666.0,13754.58,5.76,0.0775,322.75,2009-12-01 14:19:00,2011-11-24 12:25:00,723,13.15,United Kingdom,16,56,13754.58,5,5,5,555,1,Regular,Low
15382.0,12,9178.0,13733.55,21.73,0.0166,260.08,2009-12-04 14:13:00,2011-11-25 10:58:00,721,65.55,United Kingdom,15,12,13733.55,5,5,5,555,1,Regular,Low
15093.0,23,10778.0,13702.38,43.36,0.0323,998.58,2009-12-08 12:46:00,2011-11-21 13:09:00,713,32.41,United Kingdom,18,23,13702.38,5,5,5,555,1,Regular,Low
12583.0,27,8535.0,13591.58,30.47,0.0369,821.89,2009-12-06 11:57:00,2011-12-07 08:07:00,731,28.12,France,3,27,13591.58,5,5,5,555,1,Regular,Low
12989.0,33,6935.0,13551.75,139.71,0.0455,4615.04,2009-12-10 13:27:00,2011-12-06 15:28:00,726,22.69,United Kingdom,3,33,13551.75,5,5,5,555,1,Regular,Low
15291.0,40,4905.0,13517.76,55.4,0.0563,2217.62,2009-12-03 11:09:00,2011-11-14 11:02:00,711,18.23,United Kingdom,26,40,13517.76,4,5,5,455,1,Regular,Low
13629.0,19,7722.0,13370.86,153.69,0.0295,2915.27,2010-02-11 17:34:00,2011-11-16 13:21:00,643,35.72,United Kingdom,23,19,13370.86,4,5,5,455,1,Regular,Low
13097.0,28,5345.0,13324.1,13.27,0.0397,371.93,2009-12-01 13:31:00,2011-11-07 10:43:00,706,26.15,United Kingdom,33,28,13324.1,4,5,5,455,1,Regular,Medium
16558.0,38,7813.0,13304.11,17.67,0.0516,671.06,2009-12-03 18:11:00,2011-12-09 10:20:00,736,19.89,United Kingdom,1,38,13304.11,5,5,5,555,1,Regular,Low
16923.0,32,6190.0,13157.13,12.15,0.0481,388.64,2010-01-31 11:14:00,2011-11-27 13:00:00,665,21.45,United Kingdom,12,32,13157.13,5,5,5,555,1,Regular,Low
13090.0,24,3247.0,13091.74,47.78,0.0494,1147.12,2010-08-02 13:58:00,2011-12-01 12:39:00,486,21.13,United Kingdom,9,24,13091.74,5,5,5,555,1,Regular,Low
15738.0,41,9030.0,13043.32,27.06,0.0577,1110.13,2009-12-10 15:52:00,2011-11-21 08:26:00,711,17.77,United Kingdom,19,41,13043.32,5,5,5,555,1,Regular,Low
14049.0,13,8480.0,13023.4,12.27,0.0216,159.28,2010-04-01 14:52:00,2011-11-23 12:20:00,601,50.08,United Kingdom,17,13,13023.4,5,5,5,555,1,Regular,Low
18225.0,26,7282.0,13014.8,22.75,0.0355,591.18,2009-12-04 16:52:00,2011-12-06 13:27:00,732,29.28,United Kingdom,3,26,13014.8,5,5,5,555,1,Regular,Low
15502.0,14,5559.0,13003.87,39.41,0.026,552.29,2010-06-03 11:12:00,2011-11-24 12:48:00,539,41.46,United Kingdom,16,14,13003.87,5,5,5,555,1,Regular,Low
14110.0,33,5825.0,12987.95,32.55,0.0449,1074.2,2009-12-01 09:50:00,2011-12-06 12:26:00,735,22.97,United Kingdom,4,33,12987.95,5,5,5,555,1,Regular,Low
13969.0,35,6640.0,12973.46,12.19,0.0567,426.45,2010-03-25 13:15:00,2011-12-02 15:11:00,617,18.15,United Kingdom,7,35,12973.46,5,5,5,555,1,Regular,Low
13668.0,35,6096.0,12948.48,17.13,0.0482,599.43,2009-12-11 14:28:00,2011-12-07 12:11:00,726,21.35,United Kingdom,3,35,12948.48,5,5,5,555,1,Regular,Low
13316.0,10,19931.0,12940.82,74.8,0.0166,747.49,2010-03-10 10:01:00,2011-11-02 13:40:00,602,66.89,United Kingdom,37,10,12940.82,4,5,5,455,1,Regular,Medium
13952.0,14,5947.0,12823.52,31.35,0.0277,439.41,2009-12-16 09:41:00,2011-05-06 09:00:00,506,38.92,United Kingdom,218,14,12823.52,2,5,5,255,1,Regular,Very High
13468.0,72,5617.0,12793.28,18.46,0.098,1329.67,2009-12-03 13:32:00,2011-12-08 10:39:00,735,10.35,United Kingdom,2,72,12793.28,5,5,5,555,1,Regular,Low
16549.0,34,7087.0,12781.8,4.13,0.0556,140.3,2010-03-28 15:45:00,2011-11-29 15:06:00,611,18.52,United Kingdom,10,34,12781.8,5,5,5,555,1,Regular,Low
12437.0,39,8000.0,12683.4,22.53,0.053,878.85,2009-12-02 16:24:00,2011-12-08 11:35:00,736,19.37,France,2,39,12683.4,5,5,5,555,1,Regular,Low
12451.0,8,9359.0,12669.88,24.79,0.0154,198.14,2010-06-28 12:58:00,2011-11-29 08:40:00,519,74.14,Switzerland,11,8,12669.88,5,4,5,545,1,Regular,Low
12536.0,3,2803.0,12601.83,48.28,0.1875,144.84,2011-10-11 14:52:00,2011-10-27 14:20:00,16,8.0,France,43,3,12601.83,4,3,5,435,1,Regular,Medium
16161.0,43,6255.0,12580.06,11.09,0.0644,477.08,2010-02-08 11:06:00,2011-12-08 12:10:00,668,15.9,United Kingdom,2,43,12580.06,5,5,5,555,1,Regular,Low
17017.0,29,9397.0,12576.99,33.27,0.0395,964.6,2009-12-03 13:22:00,2011-12-07 09:32:00,734,26.21,United Kingdom,3,29,12576.99,5,5,5,555,1,Regular,Low
14040.0,35,4972.0,12523.81,16.04,0.0501,560.92,2009-12-01 12:14:00,2011-10-30 12:42:00,698,20.53,United Kingdom,41,35,12523.81,4,5,5,455,1,Regular,Medium
17858.0,30,5383.0,12518.65,33.56,0.0412,1006.59,2009-12-06 15:41:00,2011-12-04 11:56:00,728,25.1,United Kingdom,6,30,12518.65,5,5,5,555,1,Regular,Low
14936.0,12,6274.0,12410.81,23.55,0.0218,282.36,2010-05-05 12:26:00,2011-11-06 10:30:00,550,50.0,Channel Islands,34,12,12410.81,4,5,5,455,1,Regular,Medium
16000.0,3,5110.0,12393.7,1377.08,,,2011-12-07 12:14:00,2011-12-07 12:17:00,0,0.0,United Kingdom,3,3,12393.7,5,3,5,535,1,Regular,Low
12474.0,31,7940.0,12372.75,17.48,0.0478,542.27,2010-02-11 09:41:00,2011-11-22 14:39:00,649,21.63,Germany,17,31,12372.75,5,5,5,555,1,Regular,Low
14735.0,56,4513.0,12240.16,33.44,0.0765,1872.57,2009-12-04 11:32:00,2011-12-06 12:09:00,732,13.31,United Kingdom,4,56,12240.16,5,5,5,555,1,Regular,Low
12481.0,15,7158.0,12185.51,32.07,0.0256,480.28,2010-04-11 13:10:00,2011-11-17 08:29:00,585,41.79,Germany,23,15,12185.51,4,5,5,455,1,Regular,Low
15144.0,29,5251.0,12160.31,34.84,0.0404,1010.61,2009-12-13 11:35:00,2011-12-01 15:12:00,718,25.64,United Kingdom,8,29,12160.31,5,5,5,555,1,Regular,Low
15465.0,32,2638.0,12100.4,47.45,0.0451,1519.4,2009-12-10 09:42:00,2011-11-20 10:11:00,710,22.9,United Kingdom,20,32,12100.4,4,5,5,455,1,Regular,Low
15194.0,28,8922.0,12021.53,25.26,0.0382,707.3,2009-12-03 10:37:00,2011-12-06 15:10:00,733,27.15,United Kingdom,3,28,12021.53,5,5,5,555,1,Regular,Low
13050.0,35,7015.0,11986.52,12.18,0.0493,426.34,2009-12-15 15:06:00,2011-11-25 09:18:00,710,20.88,United Kingdom,15,35,11986.52,5,5,5,555,1,Regular,Low
14415.0,23,6263.0,11980.09,9.71,0.0319,223.64,2009-12-16 14:08:00,2011-12-08 14:38:00,722,32.82,United Kingdom,1,23,11980.09,5,5,5,555,1,Regular,Low
17364.0,28,7464.0,11972.92,13.24,0.0383,371.19,2009-12-07 15:28:00,2011-12-09 09:00:00,732,27.11,United Kingdom,1,28,11972.92,5,5,5,555,1,Regular,Low
17044.0,12,5722.0,11962.3,80.28,0.017,964.89,2009-12-07 12:25:00,2011-11-14 14:28:00,707,64.27,United Kingdom,25,12,11962.3,4,5,5,455,1,Regular,Low
13458.0,16,6760.0,11959.27,24.66,0.042,394.61,2010-11-16 14:01:00,2011-12-02 15:29:00,381,25.4,United Kingdom,7,16,11959.27,5,5,5,555,1,Regular,Low
13854.0,39,3642.0,11944.56,67.1,0.0564,2618.83,2010-01-08 11:28:00,2011-12-01 09:06:00,692,18.21,United Kingdom,9,39,11944.56,5,5,5,555,1,Regular,Low
16258.0,15,7200.0,11942.52,34.72,0.0253,521.78,2010-03-10 14:19:00,2011-10-25 13:30:00,594,42.43,United Kingdom,45,15,11942.52,4,5,5,455,1,Regular,Medium
16814.0,36,4844.0,11924.85,15.55,0.0607,559.72,2010-04-11 12:45:00,2011-11-25 13:27:00,593,16.94,United Kingdom,14,36,11924.85,5,5,5,555,1,Regular,Low
16523.0,28,4979.0,11916.33,32.12,0.041,899.46,2010-01-24 13:14:00,2011-12-08 09:06:00,683,25.3,United Kingdom,2,28,11916.33,5,5,5,555,1,Regular,Low
17338.0,17,5780.0,11889.33,9.11,0.0273,154.69,2010-03-10 16:09:00,2011-11-22 14:23:00,622,38.88,United Kingdom,17,17,11889.33,5,5,5,555,1,Regular,Low
13687.0,1,87167.0,11880.84,264.02,,,2010-09-27 16:30:00,2010-09-27 16:30:00,0,,United Kingdom,438,1,11880.84,1,1,5,115,4,Loyal,Very High
14505.0,19,5325.0,11879.08,7.54,0.0266,143.0,2009-12-09 14:48:00,2011-11-22 15:45:00,713,39.61,United Kingdom,17,19,11879.08,5,5,5,555,1,Regular,Low
18226.0,26,7883.0,11878.88,22.5,0.0433,584.55,2010-03-05 10:05:00,2011-10-26 13:36:00,600,24.0,United Kingdom,44,26,11878.88,4,5,5,455,1,Regular,Medium
12567.0,15,5308.0,11767.48,21.16,0.0233,317.51,2010-02-11 10:30:00,2011-11-17 11:02:00,644,46.0,France,23,15,11767.48,4,5,5,455,1,Regular,Low
12705.0,14,7188.0,11762.1,19.64,0.027,274.69,2010-06-24 09:51:00,2011-11-24 13:17:00,518,39.85,Germany,15,14,11762.1,5,5,5,555,1,Regular,Low
14426.0,17,7023.0,11727.94,19.42,0.0273,329.76,2010-03-04 14:36:00,2011-11-16 12:25:00,622,38.88,United Kingdom,24,17,11727.94,4,5,5,455,1,Regular,Low
13004.0,36,8768.0,11650.85,14.3,0.0505,514.89,2009-12-15 09:44:00,2011-11-28 11:27:00,713,20.37,United Kingdom,12,36,11650.85,5,5,5,555,1,Regular,Low
12683.0,21,7019.0,11633.7,23.89,0.0291,501.93,2009-12-13 15:01:00,2011-12-05 16:31:00,722,36.1,France,4,21,11633.7,5,5,5,555,1,Regular,Low
15023.0,20,4758.0,11578.65,12.09,0.0298,241.75,2010-02-03 15:45:00,2011-12-06 17:23:00,671,35.32,United Kingdom,3,20,11578.65,5,5,5,555,1,Regular,Low
14739.0,25,9696.0,11573.62,47.43,0.0341,1185.53,2009-12-02 13:23:00,2011-12-05 16:54:00,733,30.54,United Kingdom,4,25,11573.62,5,5,5,555,1,Regular,Low
13418.0,31,7354.0,11559.66,21.53,0.0432,666.88,2009-12-11 12:51:00,2011-11-28 10:23:00,717,23.9,United Kingdom,12,31,11559.66,5,5,5,555,1,Regular,Low
15218.0,22,6530.0,11468.83,28.96,0.0327,636.38,2010-01-26 11:33:00,2011-11-29 11:48:00,672,32.0,United Kingdom,11,22,11468.83,5,5,5,555,1,Regular,Low
13680.0,12,5244.0,11419.67,17.68,0.0163,211.53,2009-12-04 14:14:00,2011-12-08 13:47:00,734,66.73,United Kingdom,1,12,11419.67,5,5,5,555,1,Regular,Low
14016.0,11,5722.0,11403.41,25.45,0.0204,279.84,2010-01-08 14:12:00,2011-07-01 11:29:00,539,53.9,EIRE,162,11,11403.41,3,5,5,355,1,Regular,High
12668.0,10,5049.0,11383.03,21.24,0.015,212.19,2010-01-31 15:45:00,2011-11-28 10:56:00,666,74.0,Germany,12,10,11383.03,5,5,5,555,1,Regular,Low
13102.0,37,6366.0,11380.1,23.66,0.0637,875.65,2010-05-06 13:12:00,2011-12-08 12:52:00,581,16.14,United Kingdom,1,37,11380.1,5,5,5,555,1,Regular,Low
15874.0,21,5102.0,11284.76,33.0,0.0329,692.68,2010-01-07 13:56:00,2011-10-07 12:31:00,638,31.9,United Kingdom,64,21,11284.76,3,5,5,355,1,Regular,Medium
15555.0,36,8511.0,11243.91,7.07,0.0499,254.36,2009-12-06 11:58:00,2011-11-27 16:19:00,721,20.6,United Kingdom,12,36,11243.91,5,5,5,555,1,Regular,Low
12539.0,7,4535.0,11214.75,22.25,0.0101,155.96,2009-12-23 13:00:00,2011-11-17 13:30:00,694,115.67,Spain,22,7,11214.75,4,4,5,445,1,Regular,Low
13576.0,28,4506.0,11202.59,41.8,0.0388,1169.35,2009-12-08 15:12:00,2011-11-29 15:34:00,721,26.7,United Kingdom,10,28,11202.59,5,5,5,555,1,Regular,Low
12524.0,17,7178.0,11126.11,46.36,0.0258,789.42,2010-02-08 14:41:00,2011-11-30 15:31:00,660,41.25,Germany,9,17,11126.11,5,5,5,555,1,Regular,Low
14134.0,15,5814.0,11123.35,61.8,0.0432,926.41,2009-12-10 09:25:00,2010-11-22 12:26:00,347,24.79,United Kingdom,383,15,11123.35,2,5,5,255,0,Lost,Very High
13013.0,29,5661.0,11097.43,22.79,0.0401,661.65,2009-12-14 10:34:00,2011-12-08 15:01:00,724,25.86,United Kingdom,1,29,11097.43,5,5,5,555,1,Regular,Low
15032.0,8,6601.0,11010.05,115.9,0.0169,926.47,2009-12-10 15:27:00,2011-03-28 15:03:00,473,67.57,United Kingdom,256,8,11010.05,2,4,5,245,1,Regular,Very High
14045.0,16,4459.0,10986.63,296.94,0.0271,4755.82,2010-01-08 10:08:00,2011-08-22 15:27:00,591,39.4,United Kingdom,109,16,10986.63,3,5,5,355,1,Regular,High
12918.0,1,1.0,10953.5,10953.5,,,2010-03-23 15:22:00,2010-03-23 15:22:00,0,,United Kingdom,626,1,10953.5,1,1,5,115,0,Lost,Very High
16985.0,23,3103.0,10923.16,44.95,0.0323,1033.74,2009-12-10 13:34:00,2011-11-22 13:33:00,712,32.36,United Kingdom,17,23,10923.16,5,5,5,555,1,Regular,Low
18052.0,1,17766.0,10877.18,679.82,,,2010-05-24 11:11:00,2010-05-24 11:11:00,0,,United Kingdom,565,1,10877.18,1,1,5,115,0,Lost,Very High
16033.0,27,4200.0,10608.81,7.81,0.0563,211.06,2010-08-11 16:44:00,2011-12-04 12:44:00,480,18.46,United Kingdom,6,27,10608.81,5,5,5,555,1,Regular,Low
13324.0,18,8448.0,10513.47,79.65,0.0342,1435.56,2010-05-25 10:23:00,2011-11-03 16:28:00,527,31.0,United Kingdom,36,18,10513.47,4,5,5,455,1,Regular,Medium
15290.0,26,6567.0,10496.28,35.95,0.0401,935.6,2010-02-24 10:15:00,2011-12-05 11:39:00,649,25.96,United Kingdom,5,26,10496.28,5,5,5,555,1,Regular,Low
12431.0,27,4600.0,10432.22,26.75,0.041,721.66,2010-01-15 09:04:00,2011-11-04 11:55:00,658,25.31,Australia,36,27,10432.22,4,5,5,455,1,Regular,Medium
14028.0,3,7170.0,10396.5,1155.17,,,2010-06-07 12:02:00,2010-06-07 13:33:00,0,0.0,United Kingdom,550,3,10396.5,1,3,5,135,0,Lost,Very High
16168.0,66,4975.0,10360.67,33.86,0.0909,2234.54,2009-12-03 12:38:00,2011-11-29 12:45:00,726,11.17,United Kingdom,11,66,10360.67,5,5,5,555,1,Regular,Low
16984.0,9,5127.0,10350.53,9.66,0.0162,86.7,2010-03-07 15:34:00,2011-09-12 13:43:00,554,69.25,United Kingdom,88,9,10350.53,3,5,5,355,1,Regular,Medium
15296.0,12,5452.0,10323.03,19.33,0.0188,231.49,2010-01-21 13:48:00,2011-10-20 11:47:00,637,57.91,United Kingdom,51,12,10323.03,4,5,5,455,1,Regular,Medium
14422.0,19,6067.0,10271.52,18.61,0.0263,353.38,2009-12-17 12:12:00,2011-12-09 11:26:00,722,40.11,United Kingdom,1,19,10271.52,5,5,5,555,1,Regular,Low
17160.0,17,8390.0,10209.16,15.68,0.0241,266.03,2009-12-04 10:57:00,2011-11-08 14:05:00,704,44.0,United Kingdom,31,17,10209.16,4,5,5,455,1,Regular,Medium
15719.0,31,5356.0,10195.97,5.76,0.0439,178.52,2009-12-01 12:47:00,2011-11-07 12:29:00,706,23.53,United Kingdom,33,31,10195.97,4,5,5,455,1,Regular,Medium
14796.0,27,7188.0,10169.33,6.81,0.0373,183.91,2009-12-14 15:06:00,2011-12-08 15:31:00,724,27.85,United Kingdom,1,27,10169.33,5,5,5,555,1,Regular,Low
16327.0,16,8124.0,10159.64,11.58,0.0225,185.25,2009-12-14 13:06:00,2011-11-25 13:23:00,711,47.4,United Kingdom,14,16,10159.64,5,5,5,555,1,Regular,Low
18229.0,28,3071.0,10150.51,50.5,0.0386,1413.24,2009-12-03 14:42:00,2011-11-28 09:48:00,725,26.85,United Kingdom,12,28,10150.51,5,5,5,555,1,Regular,Low
15805.0,30,6205.0,10148.93,19.19,0.0425,575.8,2009-12-10 12:57:00,2011-11-16 16:32:00,706,24.34,United Kingdom,23,30,10148.93,4,5,5,455,1,Regular,Low
18055.0,14,3534.0,10142.64,19.03,0.0345,266.55,2010-10-22 13:27:00,2011-12-02 14:25:00,406,31.23,United Kingdom,7,14,10142.64,5,5,5,555,1,Regular,Low
17809.0,20,2995.0,10085.89,103.98,0.0277,2076.66,2009-12-02 14:52:00,2011-11-23 12:59:00,721,37.95,United Kingdom,16,20,10085.89,5,5,5,555,1,Regular,Low
15547.0,26,7278.0,10057.05,7.55,0.0358,196.23,2009-12-06 13:40:00,2011-12-02 12:52:00,726,29.04,United Kingdom,7,26,10057.05,5,5,5,555,1,Regular,Low
13941.0,15,4782.0,10027.18,106.67,0.0214,1602.48,2009-12-16 16:10:00,2011-11-18 09:43:00,702,50.14,United Kingdom,22,15,10027.18,4,5,5,455,1,Regular,Low
13985.0,22,4936.0,10020.86,20.88,0.0331,458.91,2010-02-09 13:56:00,2011-12-05 17:06:00,664,31.62,United Kingdom,4,22,10020.86,5,5,5,555,1,Regular,Low
15694.0,24,2467.0,9978.48,69.78,0.0328,1675.39,2009-12-07 15:43:00,2011-12-09 09:44:00,732,31.83,United Kingdom,1,24,9978.48,5,5,5,555,1,Regular,Low
14755.0,25,4401.0,9972.55,20.99,0.0344,524.93,2009-12-03 16:51:00,2011-11-30 11:24:00,727,30.29,United Kingdom,10,25,9972.55,5,5,5,555,1,Regular,Low
16182.0,9,5887.0,9971.65,195.52,0.0158,1754.67,2010-03-09 09:34:00,2011-09-28 13:23:00,568,71.0,United Kingdom,72,9,9971.65,3,5,5,355,1,Regular,Medium
14101.0,13,10542.0,9961.93,110.69,0.0237,1437.6,2010-03-28 13:36:00,2011-09-27 12:28:00,548,45.67,United Kingdom,74,13,9961.93,3,5,5,355,1,Regular,Medium
16131.0,12,4768.0,9957.42,45.47,0.0175,545.87,2009-12-02 10:09:00,2011-10-19 11:53:00,686,62.36,United Kingdom,52,12,9957.42,4,5,5,455,1,Regular,Medium
18260.0,23,5244.0,9947.26,24.26,0.0417,558.43,2009-12-15 13:50:00,2011-06-20 12:37:00,552,25.09,United Kingdom,173,23,9947.26,3,5,5,355,1,Regular,High
17049.0,19,4273.0,9942.53,17.82,0.0295,338.02,2010-03-04 10:23:00,2011-12-07 10:48:00,643,35.72,United Kingdom,3,19,9942.53,5,5,5,555,1,Regular,Low
16701.0,26,11046.0,9916.73,36.06,0.0356,937.13,2009-12-01 19:19:00,2011-12-01 11:10:00,730,29.2,United Kingdom,9,26,9916.73,5,5,5,555,1,Regular,Low
12758.0,7,6155.0,9903.24,31.64,0.0113,222.38,2009-12-01 14:40:00,2011-08-15 10:22:00,622,103.67,Portugal,117,7,9903.24,3,4,5,345,1,Regular,High
14329.0,15,5913.0,9887.62,17.91,0.0212,268.06,2009-12-16 15:31:00,2011-11-22 15:50:00,706,50.43,United Kingdom,17,15,9887.62,5,5,5,555,1,Regular,Low
12590.0,2,4283.0,9864.26,145.06,,,2011-05-12 14:46:00,2011-05-12 14:52:00,0,0.0,Germany,211,2,9864.26,2,2,5,225,1,Regular,Very High
14828.0,13,9718.0,9839.46,97.42,0.0243,1268.88,2009-12-07 11:19:00,2011-05-27 10:16:00,536,44.67,United Kingdom,197,13,9839.46,2,5,5,255,1,Regular,Very High
12490.0,21,5906.0,9823.64,21.26,0.0286,445.69,2009-12-01 12:52:00,2011-12-04 16:07:00,733,36.65,France,5,21,9823.64,5,5,5,555,1,Regular,Low
13599.0,33,6248.0,9811.04,25.03,0.0448,826.43,2009-12-01 12:30:00,2011-12-08 16:10:00,737,23.03,United Kingdom,1,33,9811.04,5,5,5,555,1,Regular,Low
16353.0,38,3483.0,9795.46,56.62,0.0521,2150.48,2009-12-07 13:55:00,2011-12-06 12:23:00,729,19.7,United Kingdom,4,38,9795.46,5,5,5,555,1,Regular,Low
14944.0,19,4864.0,9784.67,32.29,0.0301,613.29,2010-02-17 08:47:00,2011-11-10 09:10:00,631,35.06,United Kingdom,30,19,9784.67,4,5,5,455,1,Regular,Low
17306.0,21,13747.0,9782.35,135.87,0.0534,2851.39,2010-11-01 11:38:00,2011-11-29 12:14:00,393,19.65,United Kingdom,11,21,9782.35,5,5,5,555,1,Regular,Low
13018.0,35,6746.0,9763.16,16.19,0.0554,566.86,2010-03-01 12:34:00,2011-11-23 13:28:00,632,18.59,United Kingdom,16,35,9763.16,5,5,5,555,1,Regular,Low
13735.0,13,4135.0,9762.77,15.09,0.0185,195.97,2009-12-13 13:31:00,2011-11-15 11:14:00,702,58.5,United Kingdom,25,13,9762.77,4,5,5,455,1,Regular,Low
14085.0,33,6434.0,9720.67,9.3,0.0453,307.12,2009-12-08 13:41:00,2011-12-07 13:46:00,729,22.78,United Kingdom,2,33,9720.67,5,5,5,555,1,Regular,Low
12380.0,11,3355.0,9676.3,34.93,0.0172,385.11,2010-02-15 12:05:00,2011-11-18 11:27:00,641,64.1,Belgium,22,11,9676.3,4,5,5,455,1,Regular,Low
12839.0,26,6578.0,9669.12,17.45,0.0356,453.49,2009-12-07 09:18:00,2011-12-07 12:33:00,730,29.2,United Kingdom,3,26,9669.12,5,5,5,555,1,Regular,Low
16782.0,38,4027.0,9636.12,5.73,0.0528,217.83,2009-12-09 11:58:00,2011-11-29 13:20:00,720,19.46,United Kingdom,10,38,9636.12,5,5,5,555,1,Regular,Low
17315.0,43,5088.0,9599.58,12.85,0.0984,552.56,2010-09-27 12:45:00,2011-12-08 12:15:00,437,10.4,United Kingdom,2,43,9599.58,5,5,5,555,1,Regular,Low
18109.0,38,4822.0,9555.71,14.61,0.0724,555.33,2010-07-01 12:13:00,2011-12-08 11:36:00,525,14.19,United Kingdom,2,38,9555.71,5,5,5,555,1,Regular,Low
14091.0,2,3316.0,9530.08,733.08,0.0455,1467.63,2010-01-10 13:41:00,2010-02-23 15:17:00,44,44.0,United Kingdom,654,2,9530.08,1,2,5,125,0,Lost,Very High
17811.0,47,5278.0,9519.8,8.26,0.1066,388.31,2010-09-20 11:24:00,2011-12-05 13:46:00,441,9.59,United Kingdom,4,47,9519.8,5,5,5,555,1,Regular,Low
13999.0,29,5043.0,9502.26,20.39,0.0401,591.97,2009-12-05 12:42:00,2011-11-29 13:40:00,724,25.86,United Kingdom,10,29,9502.26,5,5,5,555,1,Regular,Low
17504.0,18,5420.0,9490.17,27.75,0.0389,499.8,2010-02-08 09:22:00,2011-05-17 12:59:00,463,27.24,United Kingdom,206,18,9490.17,2,5,5,255,1,Regular,Very High
14146.0,12,5780.0,9450.3,20.72,0.0175,249.11,2010-01-13 16:04:00,2011-12-01 10:18:00,687,62.45,United Kingdom,9,12,9450.3,5,5,5,555,1,Regular,Low
14439.0,5,2244.0,9443.04,73.2,0.0136,366.35,2010-01-21 14:01:00,2011-01-24 11:39:00,368,92.0,Greece,320,5,9443.04,2,4,5,245,0,Lost,Very High
13267.0,36,3959.0,9429.81,22.94,0.0493,825.59,2009-12-07 16:56:00,2011-12-07 11:12:00,730,20.86,United Kingdom,3,36,9429.81,5,5,5,555,1,Regular,Low
17230.0,18,3753.0,9388.49,43.26,0.0385,777.79,2009-12-08 13:41:00,2011-03-20 16:12:00,467,27.47,United Kingdom,264,18,9388.49,2,5,5,255,1,Regular,Very High
15727.0,15,5908.0,9371.71,13.68,0.0225,205.61,2010-01-24 12:12:00,2011-11-23 12:36:00,668,47.71,United Kingdom,17,15,9371.71,5,5,5,555,1,Regular,Low
15981.0,21,4827.0,9362.77,32.51,0.0352,682.03,2010-03-29 10:07:00,2011-11-15 08:00:00,596,29.8,United Kingdom,25,21,9362.77,4,5,5,455,1,Regular,Low
13069.0,38,15171.0,9284.45,8.94,0.07,339.81,2010-06-14 14:27:00,2011-12-09 08:39:00,543,14.68,United Kingdom,1,38,9284.45,5,5,5,555,1,Regular,Low
13162.0,16,5755.0,9275.49,38.97,0.0261,623.49,2009-12-04 13:59:00,2011-08-09 15:59:00,613,40.87,United Kingdom,122,16,9275.49,3,5,5,355,1,Regular,High
15249.0,18,4980.0,9266.0,18.46,0.0304,332.22,2010-03-26 14:51:00,2011-11-08 11:45:00,592,34.82,United Kingdom,32,18,9266.0,4,5,5,455,1,Regular,Medium
14367.0,16,4426.0,9227.82,17.71,0.0597,283.35,2011-03-08 14:12:00,2011-12-01 13:19:00,268,17.87,United Kingdom,8,16,9227.82,5,5,5,555,1,Regular,Low
14292.0,16,3429.0,9226.25,47.8,0.0257,765.33,2010-03-19 11:10:00,2011-12-02 11:50:00,623,41.53,United Kingdom,8,16,9226.25,5,5,5,555,1,Regular,Low
13327.0,20,4203.0,9134.48,28.46,0.0293,569.54,2009-12-18 15:35:00,2011-11-01 10:21:00,683,35.95,United Kingdom,39,20,9134.48,4,5,5,455,1,Regular,Medium
17757.0,56,5011.0,9074.05,7.22,0.0807,404.36,2010-01-13 15:56:00,2011-12-08 15:31:00,694,12.62,United Kingdom,1,56,9074.05,5,5,5,555,1,Regular,Low
15298.0,23,6000.0,9061.77,21.32,0.0316,491.14,2009-12-08 17:04:00,2011-12-07 17:17:00,729,33.14,United Kingdom,2,23,9061.77,5,5,5,555,1,Regular,Low
15939.0,16,6260.0,9060.39,56.28,0.0561,899.83,2010-11-30 12:07:00,2011-09-11 11:30:00,285,19.0,United Kingdom,90,16,9060.39,3,5,5,355,1,Regular,Medium
16709.0,14,3261.0,9056.01,29.99,0.0217,420.41,2009-12-09 13:16:00,2011-09-16 10:56:00,646,49.69,United Kingdom,85,14,9056.01,3,5,5,355,1,Regular,Medium
17068.0,47,4351.0,8987.68,9.02,0.0772,424.07,2010-03-28 14:26:00,2011-11-27 13:14:00,609,13.24,United Kingdom,12,47,8987.68,5,5,5,555,1,Regular,Low
15150.0,13,6167.0,8977.94,15.67,0.0247,203.59,2010-06-14 12:01:00,2011-11-22 12:52:00,526,43.83,United Kingdom,17,13,8977.94,5,5,5,555,1,Regular,Low
15903.0,12,3926.0,8939.84,77.07,0.0175,923.88,2010-01-14 10:57:00,2011-11-30 08:08:00,685,62.27,United Kingdom,10,12,8939.84,5,5,5,555,1,Regular,Low
15867.0,31,5067.0,8923.3,8.75,0.0431,271.53,2009-12-14 15:16:00,2011-12-04 13:32:00,720,24.0,United Kingdom,5,31,8923.3,5,5,5,555,1,Regular,Low
12766.0,9,5022.0,8918.99,22.19,0.0223,199.91,2010-10-28 09:29:00,2011-12-06 08:46:00,404,50.5,Portugal,4,9,8918.99,5,5,5,555,1,Regular,Low
12747.0,26,2640.0,8898.48,35.74,0.0356,928.81,2009-12-07 13:23:00,2011-12-07 14:34:00,730,29.2,United Kingdom,2,26,8898.48,5,5,5,555,1,Regular,Low
14060.0,30,7419.0,8898.24,34.49,0.0473,1034.29,2010-03-11 09:47:00,2011-12-05 12:29:00,634,21.86,United Kingdom,5,30,8898.24,5,5,5,555,1,Regular,Low
13555.0,13,4762.0,8891.84,22.4,0.0211,291.15,2010-01-19 13:20:00,2011-09-27 12:36:00,616,51.33,United Kingdom,74,13,8891.84,3,5,5,355,1,Regular,Medium
14709.0,25,4141.0,8886.33,24.89,0.0348,622.78,2009-12-05 15:26:00,2011-11-24 15:41:00,719,29.96,United Kingdom,15,25,8886.33,5,5,5,555,1,Regular,Low
12359.0,10,2739.0,8873.39,24.51,0.0148,245.58,2009-12-05 13:32:00,2011-10-13 12:47:00,677,75.22,Cyprus,58,10,8873.39,4,5,5,455,1,Regular,Medium
14135.0,24,8534.0,8839.67,40.36,0.0326,968.38,2009-12-02 08:58:00,2011-12-08 11:38:00,736,32.0,United Kingdom,2,24,8839.67,5,5,5,555,1,Regular,Low
16700.0,25,6644.0,8830.77,17.15,0.0343,428.83,2009-12-02 10:51:00,2011-12-01 11:00:00,729,30.38,United Kingdom,9,25,8830.77,5,5,5,555,1,Regular,Low
16550.0,18,5405.0,8813.58,11.67,0.0286,209.94,2009-12-02 11:24:00,2011-08-23 11:12:00,629,37.0,United Kingdom,109,18,8813.58,3,5,5,355,1,Regular,High
15260.0,25,4468.0,8767.73,23.01,0.0395,575.33,2009-12-06 11:45:00,2011-08-31 13:55:00,633,26.38,United Kingdom,100,25,8767.73,3,5,5,355,1,Regular,High
16532.0,5,2544.0,8756.64,1459.44,0.0083,7304.35,2010-03-29 10:26:00,2011-11-22 11:08:00,603,150.75,United Kingdom,18,5,8756.64,5,4,5,545,1,Regular,Low
13448.0,13,4195.0,8745.93,16.41,0.0181,212.96,2009-12-06 12:14:00,2011-11-23 12:33:00,717,59.75,United Kingdom,17,13,8745.93,5,5,5,555,1,Regular,Low
15570.0,25,4079.0,8736.49,11.97,0.0407,299.13,2010-03-28 14:04:00,2011-12-02 14:47:00,614,25.58,United Kingdom,7,25,8736.49,5,5,5,555,1,Regular,Low
16186.0,26,6594.0,8718.43,17.26,0.0367,448.48,2009-12-09 15:36:00,2011-11-17 12:43:00,708,28.32,United Kingdom,23,26,8718.43,4,5,5,455,1,Regular,Low
17576.0,41,4583.0,8711.95,9.8,0.0563,401.67,2009-12-03 16:54:00,2011-12-01 17:56:00,728,18.2,United Kingdom,8,41,8711.95,5,5,5,555,1,Regular,Low
12957.0,13,4686.0,8706.97,17.77,0.0181,231.26,2009-12-11 12:01:00,2011-11-30 09:53:00,719,59.92,United Kingdom,10,13,8706.97,5,5,5,555,1,Regular,Low
13758.0,15,4667.0,8698.13,30.52,0.0206,457.07,2009-12-01 10:06:00,2011-11-28 11:11:00,727,51.93,United Kingdom,12,15,8698.13,5,5,5,555,1,Regular,Low
13263.0,39,5372.0,8676.2,4.55,0.0947,177.52,2010-10-22 17:07:00,2011-12-08 13:59:00,412,10.84,United Kingdom,1,39,8676.2,5,5,5,555,1,Regular,Low
15497.0,9,2937.0,8657.39,71.55,0.0128,644.75,2009-12-18 15:08:00,2011-11-22 11:51:00,704,88.0,United Kingdom,18,9,8657.39,5,5,5,555,1,Regular,Low
13756.0,23,5138.0,8655.95,25.24,0.0319,581.32,2009-12-15 15:18:00,2011-12-07 16:44:00,722,32.82,United Kingdom,2,23,8655.95,5,5,5,555,1,Regular,Low
16945.0,33,5889.0,8548.16,18.03,0.0465,594.42,2009-12-09 11:33:00,2011-11-18 11:39:00,709,22.16,United Kingdom,22,33,8548.16,4,5,5,455,1,Regular,Low
15281.0,16,5233.0,8543.57,16.37,0.0434,262.16,2010-10-08 12:14:00,2011-10-12 09:10:00,369,24.6,United Kingdom,59,16,8543.57,4,5,5,455,1,Regular,Medium
13269.0,28,6366.0,8537.32,17.57,0.038,491.4,2009-12-02 11:47:00,2011-12-08 14:53:00,736,27.26,United Kingdom,1,28,8537.32,5,5,5,555,1,Regular,Low
15270.0,21,4010.0,8524.86,50.74,0.0297,1065.43,2009-12-17 15:02:00,2011-11-24 09:24:00,707,35.35,United Kingdom,16,21,8524.86,5,5,5,555,1,Regular,Low
12798.0,4,8455.0,8510.93,257.91,0.0097,1028.21,2010-10-14 12:27:00,2011-11-29 15:52:00,411,137.0,Japan,10,4,8510.93,5,3,5,535,1,Regular,Low
13209.0,13,5781.0,8509.51,23.25,0.0199,302.59,2010-01-24 14:30:00,2011-11-09 13:54:00,654,54.5,United Kingdom,30,13,8509.51,4,5,5,455,1,Regular,Low
15786.0,5,5957.0,8501.62,18.28,0.0102,91.36,2010-06-21 10:13:00,2011-10-24 14:13:00,490,122.5,United Kingdom,46,5,8501.62,4,4,5,445,1,Regular,Medium
13148.0,26,4487.0,8497.82,11.14,0.037,289.76,2009-12-07 15:26:00,2011-11-10 15:23:00,703,28.12,United Kingdom,29,26,8497.82,4,5,5,455,1,Regular,Low
14286.0,7,8795.0,8479.76,16.99,0.0098,118.55,2009-12-04 08:40:00,2011-11-16 10:34:00,712,118.67,United Kingdom,24,7,8479.76,4,4,5,445,1,Regular,Low
18139.0,6,5557.0,8438.34,53.07,6.0,318.42,2011-11-21 14:06:00,2011-11-22 10:44:00,1,0.2,United Kingdom,18,6,8438.34,5,4,5,545,1,Regular,Low
13047.0,24,3328.0,8428.53,22.3,0.0347,535.48,2009-12-16 11:43:00,2011-11-08 12:06:00,692,30.09,United Kingdom,32,24,8428.53,4,5,5,455,1,Regular,Medium
14160.0,7,4661.0,8421.47,78.71,0.0795,550.66,2010-01-10 12:06:00,2010-04-08 14:30:00,88,14.67,United Kingdom,610,7,8421.47,1,4,5,145,0,Lost,Very High
17396.0,14,2313.0,8409.6,178.93,0.0348,2503.16,2010-09-24 13:04:00,2011-10-31 14:12:00,402,30.92,United Kingdom,39,14,8409.6,4,5,5,455,1,Regular,Medium
15984.0,30,5730.0,8393.02,11.99,0.0408,360.05,2009-12-01 13:38:00,2011-12-07 12:16:00,736,25.38,United Kingdom,3,30,8393.02,5,5,5,555,1,Regular,Low
14676.0,12,8792.0,8356.79,62.83,0.0197,752.55,2010-03-10 09:30:00,2011-11-08 13:29:00,608,55.27,United Kingdom,31,12,8356.79,4,5,5,455,1,Regular,Medium
14057.0,22,6438.0,8346.66,18.67,0.0309,411.33,2009-12-03 13:17:00,2011-11-16 10:32:00,713,33.95,United Kingdom,24,22,8346.66,4,5,5,455,1,Regular,Low
17611.0,28,5341.0,8337.53,7.5,0.0383,209.98,2009-12-01 13:29:00,2011-12-02 13:29:00,731,27.07,United Kingdom,7,28,8337.53,5,5,5,555,1,Regular,Low
13206.0,13,7086.0,8308.19,14.68,0.0392,191.05,2009-12-07 13:48:00,2010-11-04 16:50:00,332,27.67,United Kingdom,400,13,8308.19,2,5,5,255,0,Lost,Very High
12643.0,12,4665.0,8304.82,162.84,0.0248,1950.56,2010-04-07 14:16:00,2011-08-03 12:56:00,483,43.91,France,128,12,8304.82,3,5,5,355,1,Regular,High
17686.0,9,3583.0,8296.81,19.34,0.0171,173.96,2010-06-24 09:49:00,2011-12-02 15:39:00,526,65.75,United Kingdom,7,9,8296.81,5,5,5,555,1,Regular,Low
12637.0,12,4257.0,8283.81,13.49,0.0252,161.82,2010-06-14 13:36:00,2011-10-03 13:46:00,476,43.27,France,67,12,8283.81,3,5,5,355,1,Regular,Medium
15998.0,16,5350.0,8274.14,5.81,0.0228,92.99,2009-12-01 11:45:00,2011-11-03 12:45:00,702,46.8,United Kingdom,37,16,8274.14,4,5,5,455,1,Regular,Medium
15034.0,14,4748.0,8231.2,10.95,0.0249,153.23,2010-05-11 13:30:00,2011-11-24 12:11:00,562,43.23,United Kingdom,16,14,8231.2,5,5,5,555,1,Regular,Low
13381.0,12,5125.0,8224.37,23.1,0.017,277.64,2009-12-01 15:19:00,2011-11-08 11:58:00,707,64.27,United Kingdom,32,12,8224.37,4,5,5,455,1,Regular,Medium
13139.0,8,4614.0,8202.98,30.95,0.019,247.57,2010-09-28 09:12:00,2011-11-23 13:54:00,421,60.14,United Kingdom,16,8,8202.98,5,4,5,545,1,Regular,Low
16722.0,22,7986.0,8189.56,21.67,0.0306,476.77,2009-12-03 19:23:00,2011-11-22 13:28:00,719,34.24,United Kingdom,17,22,8189.56,5,5,5,555,1,Regular,Low
17365.0,15,8015.0,8184.49,10.31,0.0226,154.72,2010-02-01 11:56:00,2011-11-27 12:13:00,664,47.43,United Kingdom,13,15,8184.49,5,5,5,555,1,Regular,Low
13426.0,22,4868.0,8167.38,23.81,0.0301,523.18,2009-12-09 15:16:00,2011-12-09 08:59:00,730,34.76,United Kingdom,1,22,8167.38,5,5,5,555,1,Regular,Low
13715.0,17,4800.0,8153.04,15.92,0.0476,270.53,2010-03-11 15:33:00,2011-03-03 19:21:00,357,22.31,United Kingdom,281,17,8153.04,2,5,5,255,1,Regular,Very High
14056.0,23,4252.0,8152.71,7.49,0.0813,172.33,2011-02-28 15:19:00,2011-12-08 13:36:00,283,12.86,United Kingdom,1,23,8152.71,5,5,5,555,1,Regular,Low
16672.0,20,2832.0,8134.94,71.36,0.0758,1428.0,2011-03-18 10:15:00,2011-12-07 16:29:00,264,13.89,United Kingdom,2,20,8134.94,5,5,5,555,1,Regular,Low
17593.0,11,5595.0,8092.32,19.83,0.015,217.73,2009-12-04 14:35:00,2011-12-06 10:30:00,732,73.2,United Kingdom,4,11,8092.32,5,5,5,555,1,Regular,Low
15955.0,22,3967.0,8085.98,23.64,0.0349,519.77,2010-02-23 16:36:00,2011-11-15 14:15:00,630,30.0,United Kingdom,24,22,8085.98,4,5,5,455,1,Regular,Low
17426.0,13,5187.0,8077.77,18.92,0.0199,245.48,2010-02-17 13:39:00,2011-12-01 18:07:00,652,54.33,United Kingdom,8,13,8077.77,5,5,5,555,1,Regular,Low
16767.0,15,7102.0,8056.76,25.1,0.0268,376.7,2010-04-28 16:49:00,2011-11-09 09:42:00,560,40.0,United Kingdom,31,15,8056.76,4,5,5,455,1,Regular,Medium
16670.0,20,4534.0,8030.15,16.56,0.0281,331.78,2009-12-10 15:28:00,2011-11-23 09:34:00,713,37.53,United Kingdom,17,20,8030.15,5,5,5,555,1,Regular,Low
14525.0,17,5106.0,8026.54,15.26,0.024,258.93,2009-12-13 14:01:00,2011-11-20 11:37:00,707,44.19,United Kingdom,20,17,8026.54,4,5,5,455,1,Regular,Low
18041.0,38,7316.0,8018.77,9.64,0.0556,366.08,2010-01-14 10:04:00,2011-11-28 11:39:00,683,18.46,United Kingdom,12,38,8018.77,5,5,5,555,1,Regular,Low
16556.0,17,4353.0,8012.58,16.62,0.0255,282.26,2009-12-07 10:51:00,2011-10-04 11:36:00,666,41.63,United Kingdom,67,17,8012.58,3,5,5,355,1,Regular,Medium
13869.0,10,4302.0,7996.87,9.54,0.0176,95.37,2010-01-17 14:53:00,2011-08-08 13:53:00,568,63.11,United Kingdom,123,10,7996.87,3,5,5,355,1,Regular,High
13174.0,12,3794.0,7995.36,8.52,0.0167,102.3,2009-12-04 15:40:00,2011-11-23 14:35:00,719,65.36,United Kingdom,16,12,7995.36,5,5,5,555,1,Regular,Low
12428.0,9,3536.0,7956.46,27.06,0.0349,243.65,2011-03-01 09:33:00,2011-11-14 08:22:00,258,32.25,Finland,26,9,7956.46,4,5,5,455,1,Regular,Low
16303.0,7,3859.0,7928.27,27.72,0.0116,194.86,2010-03-18 14:12:00,2011-11-14 10:49:00,606,101.0,United Kingdom,26,7,7928.27,4,4,5,445,1,Regular,Low
14291.0,23,6146.0,7904.1,16.0,0.0316,368.58,2009-12-09 10:46:00,2011-12-08 10:26:00,729,33.14,United Kingdom,2,23,7904.1,5,5,5,555,1,Regular,Low
13871.0,17,3502.0,7885.85,19.62,0.0244,333.67,2009-12-20 13:09:00,2011-11-17 10:49:00,697,43.56,United Kingdom,23,17,7885.85,4,5,5,455,1,Regular,Low
14159.0,20,6520.0,7860.8,4.28,0.0279,85.62,2009-12-03 12:31:00,2011-11-20 12:36:00,717,37.74,United Kingdom,20,20,7860.8,4,5,5,455,1,Regular,Low
15622.0,17,4091.0,7852.61,18.43,0.0282,312.88,2010-03-04 10:29:00,2011-10-27 16:44:00,602,37.63,United Kingdom,43,17,7852.61,4,5,5,455,1,Regular,Medium
17085.0,28,3583.0,7847.67,7.95,0.0459,222.59,2009-12-06 12:16:00,2011-08-08 14:15:00,610,22.59,United Kingdom,123,28,7847.67,3,5,5,355,1,Regular,High
12757.0,13,2395.0,7834.65,21.52,0.0663,279.65,2011-05-12 19:01:00,2011-11-24 12:30:00,196,16.33,Portugal,16,13,7834.65,5,5,5,555,1,Regular,Low
12867.0,13,7876.0,7829.26,7.46,0.0187,97.23,2009-12-16 16:25:00,2011-11-13 15:30:00,697,58.08,United Kingdom,26,13,7829.26,4,5,5,455,1,Regular,Low
16592.0,28,5504.0,7807.91,18.24,0.0391,511.35,2009-12-18 15:57:00,2011-12-05 13:49:00,717,26.56,United Kingdom,4,28,7807.91,5,5,5,555,1,Regular,Low
15544.0,20,6745.0,7807.89,14.7,0.0298,293.94,2010-01-28 14:39:00,2011-11-30 16:43:00,671,35.32,United Kingdom,9,20,7807.89,5,5,5,555,1,Regular,Low
14395.0,20,3872.0,7801.93,10.02,0.0334,200.13,2010-04-18 13:12:00,2011-12-07 14:34:00,598,31.47,United Kingdom,2,20,7801.93,5,5,5,555,1,Regular,Low
17409.0,10,4089.0,7793.51,74.94,0.0184,750.12,2009-12-11 12:17:00,2011-06-08 10:36:00,544,60.44,United Kingdom,185,10,7793.51,3,5,5,355,1,Regular,Very High
12720.0,30,6018.0,7787.28,16.26,0.0595,487.6,2010-07-21 09:46:00,2011-12-07 08:03:00,504,17.38,Germany,3,30,7787.28,5,5,5,555,1,Regular,Low
17730.0,20,5300.0,7773.8,24.76,0.0341,494.77,2010-04-29 11:48:00,2011-12-06 15:43:00,586,30.84,United Kingdom,3,20,7773.8,5,5,5,555,1,Regular,Low
17739.0,18,2335.0,7730.59,51.88,0.025,935.14,2009-12-07 10:48:00,2011-11-28 09:12:00,721,42.41,United Kingdom,12,18,7730.59,5,5,5,555,1,Regular,Low
13534.0,35,3869.0,7720.9,19.7,0.0676,689.83,2010-07-07 15:00:00,2011-12-07 14:52:00,518,15.24,United Kingdom,2,35,7720.9,5,5,5,555,1,Regular,Low
17696.0,27,5891.0,7679.59,21.04,0.0391,568.46,2009-12-10 17:09:00,2011-11-01 13:43:00,691,26.58,United Kingdom,38,27,7679.59,4,5,5,455,1,Regular,Medium
14175.0,8,3009.0,7678.88,23.2,0.0141,185.8,2010-03-22 10:43:00,2011-10-11 11:55:00,568,81.14,United Kingdom,60,8,7678.88,3,4,5,345,1,Regular,Medium
13141.0,17,5159.0,7656.08,18.06,0.0263,306.84,2009-12-09 13:34:00,2011-09-16 09:54:00,646,40.38,United Kingdom,85,17,7656.08,3,5,5,355,1,Regular,Medium
15046.0,25,4585.0,7623.79,19.35,0.0365,483.8,2010-01-14 14:29:00,2011-11-30 15:50:00,685,28.54,United Kingdom,9,25,7623.79,5,5,5,555,1,Regular,Low
14145.0,7,1655.0,7600.05,304.0,0.0124,2126.05,2010-04-08 09:47:00,2011-10-24 12:10:00,564,94.0,United Kingdom,47,7,7600.05,4,4,5,445,1,Regular,Medium
13373.0,6,4263.0,7587.19,21.19,0.0089,126.92,2009-12-06 12:34:00,2011-10-10 10:51:00,673,134.6,United Kingdom,61,6,7587.19,3,4,5,345,1,Regular,Medium
13137.0,16,4238.0,7586.94,5.44,0.0325,86.99,2010-07-25 15:40:00,2011-11-29 12:09:00,492,32.8,United Kingdom,11,16,7586.94,5,5,5,555,1,Regular,Low
13709.0,18,4122.0,7571.35,18.6,0.0259,334.33,2010-01-11 10:40:00,2011-12-06 10:28:00,694,40.82,United Kingdom,4,18,7571.35,5,5,5,555,1,Regular,Low
14030.0,20,4215.0,7521.8,9.13,0.0281,182.41,2009-12-10 17:27:00,2011-11-21 16:48:00,711,37.42,United Kingdom,18,20,7521.8,5,5,5,555,1,Regular,Low
17091.0,19,3732.0,7495.75,16.47,0.0264,313.5,2009-12-16 15:45:00,2011-12-07 10:43:00,721,40.06,United Kingdom,3,19,7495.75,5,5,5,555,1,Regular,Low
15179.0,13,5416.0,7491.92,23.86,0.0181,310.08,2009-12-03 12:27:00,2011-11-21 12:53:00,718,59.83,United Kingdom,18,13,7491.92,5,5,5,555,1,Regular,Low
15581.0,38,3028.0,7480.4,10.94,0.0616,415.8,2009-12-02 12:19:00,2011-08-11 09:38:00,617,16.68,United Kingdom,121,38,7480.4,3,5,5,355,1,Regular,High
13815.0,8,5381.0,7475.74,21.0,0.0124,167.44,2010-02-12 10:26:00,2011-11-17 14:19:00,643,91.86,Germany,22,8,7475.74,4,4,5,445,1,Regular,Low
16570.0,20,4292.0,7434.31,30.85,0.0331,616.77,2010-03-30 09:32:00,2011-11-24 17:02:00,604,31.79,United Kingdom,15,20,7434.31,5,5,5,555,1,Regular,Low
16242.0,14,3921.0,7404.65,11.02,0.0224,154.53,2010-03-15 16:02:00,2011-12-01 15:12:00,626,48.15,United Kingdom,8,14,7404.65,5,5,5,555,1,Regular,Low
17602.0,14,5880.0,7354.43,8.09,0.0227,113.31,2010-03-30 17:25:00,2011-12-07 13:53:00,617,47.46,United Kingdom,2,14,7354.43,5,5,5,555,1,Regular,Low
13082.0,21,8466.0,7335.75,56.87,0.0355,1193.16,2009-12-22 15:37:00,2011-08-05 16:16:00,591,29.55,United Kingdom,126,21,7335.75,3,5,5,355,1,Regular,High
17238.0,32,3555.0,7331.67,6.44,0.0435,206.18,2009-12-01 10:59:00,2011-12-07 11:35:00,736,23.74,United Kingdom,3,32,7331.67,5,5,5,555,1,Regular,Low
16253.0,7,6030.0,7272.2,24.49,0.0105,171.0,2009-12-08 17:24:00,2011-10-04 09:09:00,665,110.83,United Kingdom,67,7,7272.2,3,4,5,345,1,Regular,Medium
14282.0,25,5166.0,7250.76,30.34,0.0379,757.77,2010-02-15 11:22:00,2011-12-06 17:04:00,659,27.46,United Kingdom,3,25,7250.76,5,5,5,555,1,Regular,Low
14092.0,24,3606.0,7229.45,19.38,0.0335,464.85,2009-12-16 16:24:00,2011-12-02 12:13:00,716,31.13,United Kingdom,8,24,7229.45,5,5,5,555,1,Regular,Low
14243.0,17,3631.0,7217.75,19.88,0.0363,337.73,2010-08-20 13:41:00,2011-12-01 11:12:00,468,29.25,United Kingdom,9,17,7217.75,5,5,5,555,1,Regular,Low
16729.0,21,5722.0,7205.33,10.98,0.1034,230.47,2011-04-12 14:22:00,2011-11-01 14:29:00,203,10.15,United Kingdom,38,21,7205.33,4,5,5,455,1,Regular,Medium
14800.0,17,6501.0,7191.33,11.99,0.0438,203.76,2010-09-30 14:38:00,2011-10-23 12:46:00,388,24.25,United Kingdom,48,17,7191.33,4,5,5,455,1,Regular,Medium
14688.0,28,5041.0,7190.42,14.7,0.0624,411.86,2010-09-09 12:35:00,2011-12-02 12:26:00,449,16.63,United Kingdom,8,28,7190.42,5,5,5,555,1,Regular,Low
16745.0,17,6719.0,7180.7,20.23,0.0756,344.11,2011-02-01 11:31:00,2011-09-14 11:58:00,225,14.06,United Kingdom,87,17,7180.7,3,5,5,355,1,Regular,Medium
14841.0,14,4164.0,7163.0,23.88,0.0205,334.85,2009-12-02 16:49:00,2011-10-17 15:03:00,684,52.62,United Kingdom,53,14,7163.0,4,5,5,455,1,Regular,Medium
15950.0,10,3354.0,7120.91,18.12,0.0154,181.66,2010-01-26 11:39:00,2011-11-08 11:09:00,651,72.33,United Kingdom,32,10,7120.91,4,5,5,455,1,Regular,Medium
15521.0,16,4507.0,7098.24,17.61,0.0241,281.38,2010-01-05 10:19:00,2011-10-30 13:42:00,663,44.2,United Kingdom,40,16,7098.24,4,5,5,455,1,Regular,Medium
14113.0,16,3439.0,7092.61,58.14,0.022,931.17,2009-12-08 07:42:00,2011-12-06 12:18:00,728,48.53,United Kingdom,4,16,7092.61,5,5,5,555,1,Regular,Low
13451.0,11,5229.0,7090.06,6.94,0.0183,76.46,2010-03-21 16:13:00,2011-11-13 15:58:00,602,60.2,United Kingdom,26,11,7090.06,4,5,5,455,1,Regular,Low
17231.0,25,3681.0,7064.8,5.88,0.0347,146.91,2009-12-07 16:38:00,2011-11-27 15:18:00,720,30.0,United Kingdom,12,25,7064.8,5,5,5,555,1,Regular,Low
17769.0,17,3157.0,7053.38,12.1,0.0251,205.61,2010-01-19 11:33:00,2011-11-27 11:18:00,677,42.31,United Kingdom,13,17,7053.38,5,5,5,555,1,Regular,Low
13183.0,15,4027.0,7036.18,45.1,0.0239,676.91,2010-03-14 12:32:00,2011-12-02 10:30:00,628,44.86,United Kingdom,8,15,7036.18,5,5,5,555,1,Regular,Low
17965.0,29,4383.0,7006.65,8.58,0.0422,249.11,2009-12-14 13:19:00,2011-11-02 09:31:00,688,24.57,United Kingdom,38,29,7006.65,4,5,5,455,1,Regular,Medium
16938.0,9,5041.0,6995.36,8.49,0.0138,76.39,2010-02-17 14:47:00,2011-12-01 10:20:00,652,81.5,United Kingdom,9,9,6995.36,5,5,5,555,1,Regular,Low
17690.0,20,2939.0,6963.8,19.34,0.0311,387.35,2010-02-03 14:26:00,2011-11-09 15:17:00,644,33.89,United Kingdom,30,20,6963.8,4,5,5,455,1,Regular,Low
12841.0,40,5008.0,6958.2,10.8,0.0777,432.17,2010-07-08 15:38:00,2011-12-05 11:13:00,515,13.21,United Kingdom,5,40,6958.2,5,5,5,555,1,Regular,Low
13552.0,22,2630.0,6948.92,33.57,0.0372,739.29,2010-02-19 13:28:00,2011-10-04 15:19:00,592,28.19,United Kingdom,66,22,6948.92,3,5,5,355,1,Regular,Medium
15674.0,13,3648.0,6948.23,19.8,0.0198,257.96,2009-12-08 17:08:00,2011-09-27 15:17:00,658,54.83,United Kingdom,73,13,6948.23,3,5,5,355,1,Regular,Medium
16265.0,12,3214.0,6935.17,20.58,0.0302,247.36,2010-10-28 15:18:00,2011-11-30 16:41:00,398,36.18,United Kingdom,9,12,6935.17,5,5,5,555,1,Regular,Low
16187.0,15,5048.0,6911.44,23.43,0.0593,351.52,2011-02-28 13:34:00,2011-11-08 09:50:00,253,18.07,United Kingdom,32,15,6911.44,4,5,5,455,1,Regular,Medium
15301.0,17,3763.0,6909.67,20.03,0.0425,340.51,2010-09-15 15:41:00,2011-10-20 09:57:00,400,25.0,United Kingdom,51,17,6909.67,4,5,5,455,1,Regular,Medium
12749.0,9,2360.0,6897.36,20.41,0.0174,183.96,2010-07-06 15:05:00,2011-12-06 09:56:00,518,64.75,United Kingdom,4,9,6897.36,5,5,5,555,1,Regular,Low
16170.0,20,6056.0,6869.0,15.61,0.0328,311.81,2010-02-18 13:50:00,2011-10-20 08:21:00,609,32.05,United Kingdom,51,20,6869.0,4,5,5,455,1,Regular,Medium
15129.0,23,4002.0,6860.18,33.14,0.0411,762.75,2010-04-08 17:15:00,2011-10-20 14:40:00,560,25.45,United Kingdom,50,23,6860.18,4,5,5,455,1,Regular,Medium
18231.0,28,2915.0,6854.17,17.9,0.0553,500.87,2010-01-10 12:13:00,2011-05-31 14:18:00,506,18.74,United Kingdom,192,28,6854.17,2,5,5,255,1,Regular,Very High
16401.0,23,6035.0,6849.15,18.87,0.0415,433.84,2010-06-02 13:13:00,2011-12-08 18:15:00,554,25.18,United Kingdom,1,23,6849.15,5,5,5,555,1,Regular,Low
12613.0,10,4157.0,6817.37,20.91,0.015,209.52,2009-12-14 13:10:00,2011-10-13 14:59:00,668,74.22,Germany,57,10,6817.37,4,5,5,455,1,Regular,Medium
12830.0,6,9848.0,6814.64,179.33,0.0448,1076.55,2011-06-21 10:53:00,2011-11-02 11:54:00,134,26.8,United Kingdom,38,6,6814.64,4,4,5,445,1,Regular,Medium
16145.0,19,5270.0,6805.44,17.19,0.033,326.75,2010-05-04 13:31:00,2011-12-01 10:33:00,576,32.0,United Kingdom,9,19,6805.44,5,5,5,555,1,Regular,Low
15413.0,5,2694.0,6798.72,271.95,0.1064,1359.97,2009-12-01 10:18:00,2010-01-17 11:33:00,47,11.75,United Kingdom,692,5,6798.72,1,4,5,145,0,Lost,Very High
12417.0,20,2884.0,6797.41,18.42,0.0274,368.44,2009-12-06 10:30:00,2011-12-06 14:52:00,730,38.42,Belgium,3,20,6797.41,5,5,5,555,1,Regular,Low
14401.0,22,6401.0,6795.9,25.55,0.0305,561.86,2009-12-14 13:22:00,2011-12-05 13:30:00,721,34.33,United Kingdom,4,22,6795.9,5,5,5,555,1,Regular,Low
13993.0,19,2135.0,6775.71,25.96,0.0274,493.64,2009-12-03 11:57:00,2011-10-28 09:06:00,694,38.56,United Kingdom,43,19,6775.71,4,5,5,455,1,Regular,Medium
13983.0,21,3925.0,6753.89,20.78,0.03,437.0,2009-12-09 13:53:00,2011-11-10 11:06:00,701,35.05,United Kingdom,30,21,6753.89,4,5,5,455,1,Regular,Low
12662.0,20,3424.0,6726.54,17.2,0.0324,343.84,2010-04-01 09:50:00,2011-12-09 11:59:00,617,32.47,Germany,1,20,6726.54,5,5,5,555,1,Regular,Low
12712.0,21,2205.0,6723.03,26.26,0.0299,551.19,2009-12-09 10:46:00,2011-11-11 08:19:00,702,35.1,Germany,29,21,6723.03,4,5,5,455,1,Regular,Low
15321.0,12,3653.0,6709.73,21.71,0.0199,260.95,2010-02-03 09:47:00,2011-09-30 09:40:00,604,54.91,United Kingdom,71,12,6709.73,3,5,5,355,1,Regular,Medium
14844.0,10,4369.0,6702.43,24.2,0.0184,241.79,2010-04-12 12:50:00,2011-10-07 10:41:00,543,60.33,United Kingdom,64,10,6702.43,3,5,5,355,1,Regular,Medium
17975.0,24,2179.0,6696.33,14.37,0.0505,344.7,2010-08-06 11:24:00,2011-11-24 13:27:00,475,20.65,United Kingdom,15,24,6696.33,5,5,5,555,1,Regular,Low
13734.0,4,302.0,6695.69,247.99,0.0426,993.05,2010-04-16 08:42:00,2010-07-19 12:04:00,94,31.33,United Kingdom,509,4,6695.69,1,3,5,135,0,Lost,Very High
16497.0,23,3050.0,6695.28,19.87,0.0335,457.3,2009-12-03 14:11:00,2011-10-21 10:55:00,687,31.23,United Kingdom,50,23,6695.28,4,5,5,455,1,Regular,Medium
13384.0,11,4142.0,6680.83,25.31,0.0234,278.36,2010-07-27 12:22:00,2011-11-09 11:04:00,470,47.0,United Kingdom,31,11,6680.83,4,5,5,455,1,Regular,Medium
17700.0,14,3469.0,6679.97,18.56,0.0194,259.97,2009-12-01 11:37:00,2011-11-23 11:51:00,722,55.54,United Kingdom,17,14,6679.97,5,5,5,555,1,Regular,Low
14461.0,13,3005.0,6676.91,10.5,0.024,136.58,2010-01-18 12:48:00,2011-07-14 17:11:00,542,45.17,United Kingdom,148,13,6676.91,3,5,5,355,1,Regular,High
16717.0,14,3145.0,6663.68,19.04,0.0197,265.94,2009-12-07 15:55:00,2011-11-16 12:16:00,709,54.54,United Kingdom,24,14,6663.68,4,5,5,455,1,Regular,Low
17001.0,19,3782.0,6640.8,24.15,0.0304,458.12,2010-03-25 12:41:00,2011-12-09 09:38:00,624,34.67,United Kingdom,1,19,6640.8,5,5,5,555,1,Regular,Low
13953.0,12,5224.0,6640.68,265.63,0.0166,3179.22,2009-12-11 12:58:00,2011-12-02 16:04:00,721,65.55,United Kingdom,7,12,6640.68,5,5,5,555,1,Regular,Low
14562.0,26,2574.0,6638.15,11.05,0.039,287.44,2010-02-07 14:10:00,2011-12-06 11:05:00,667,26.68,United Kingdom,4,26,6638.15,5,5,5,555,1,Regular,Low
13394.0,19,5354.0,6621.7,16.19,0.0258,307.85,2009-12-01 11:58:00,2011-12-08 11:36:00,737,40.94,United Kingdom,2,19,6621.7,5,5,5,555,1,Regular,Low
12626.0,9,3453.0,6620.48,22.52,0.0297,202.66,2011-01-17 11:01:00,2011-11-16 16:06:00,303,37.88,Germany,23,9,6620.48,4,5,5,455,1,Regular,Low
13520.0,11,3179.0,6606.0,33.2,0.0166,365.94,2009-12-17 11:11:00,2011-10-12 10:20:00,664,66.4,Switzerland,59,11,6606.0,4,5,5,455,1,Regular,Medium
13831.0,18,2393.0,6585.54,36.18,0.0252,650.07,2009-12-10 14:50:00,2011-11-23 15:41:00,713,41.94,United Kingdom,16,18,6585.54,5,5,5,555,1,Regular,Low
12843.0,30,3028.0,6583.36,30.06,0.0454,902.08,2009-12-13 11:41:00,2011-10-05 12:09:00,661,22.79,United Kingdom,66,30,6583.36,3,5,5,355,1,Regular,Medium
13015.0,11,3527.0,6579.78,18.91,0.02,208.01,2010-04-15 16:35:00,2011-10-17 13:19:00,550,55.0,United Kingdom,53,11,6579.78,4,5,5,455,1,Regular,Medium
13883.0,15,3584.0,6560.02,20.76,0.0208,311.33,2009-12-08 17:26:00,2011-11-29 10:45:00,721,51.5,United Kingdom,11,15,6560.02,5,5,5,555,1,Regular,Low
12836.0,15,2231.0,6559.73,15.96,0.0221,239.49,2009-12-01 14:19:00,2011-10-11 15:10:00,679,48.5,United Kingdom,59,15,6559.73,4,5,5,455,1,Regular,Medium
15980.0,7,4822.0,6543.68,56.9,0.015,399.44,2010-06-01 14:40:00,2011-09-12 09:41:00,468,78.0,United Kingdom,89,7,6543.68,3,4,5,345,1,Regular,Medium
14855.0,7,3510.0,6520.3,31.5,0.0143,221.17,2010-04-08 10:30:00,2011-08-12 14:02:00,491,81.83,United Kingdom,119,7,6520.3,3,4,5,345,1,Regular,High
14221.0,17,3808.0,6517.49,18.78,0.0298,319.0,2010-04-06 14:10:00,2011-10-28 13:42:00,570,35.63,United Kingdom,42,17,6517.49,4,5,5,455,1,Regular,Medium
12823.0,18,930.0,6501.5,361.19,0.0298,6511.89,2010-01-29 12:52:00,2011-09-26 07:35:00,605,35.59,United Kingdom,75,18,6501.5,3,5,5,355,1,Regular,Medium
13317.0,19,3149.0,6486.09,18.85,0.0288,358.3,2009-12-13 11:11:00,2011-10-04 13:35:00,660,36.67,United Kingdom,66,19,6486.09,3,5,5,355,1,Regular,Medium
12779.0,14,3501.0,6474.11,24.07,0.02,336.5,2009-12-03 07:25:00,2011-11-02 11:43:00,699,53.77,Poland,38,14,6474.11,4,5,5,455,1,Regular,Medium
14154.0,8,3222.0,6460.7,22.13,0.0175,176.6,2010-01-13 12:47:00,2011-04-14 16:26:00,456,65.14,United Kingdom,239,8,6460.7,2,4,5,245,1,Regular,Very High
15750.0,18,4281.0,6452.99,10.28,0.0245,185.37,2009-12-01 17:19:00,2011-12-07 12:34:00,736,43.29,United Kingdom,3,18,6452.99,5,5,5,555,1,Regular,Low
16940.0,8,4503.0,6427.66,10.22,0.0118,81.88,2009-12-08 13:08:00,2011-10-18 13:15:00,679,97.0,United Kingdom,52,8,6427.66,4,4,5,445,1,Regular,Medium
16655.0,13,3938.0,6423.26,10.89,0.0197,141.59,2010-01-31 15:40:00,2011-11-22 11:25:00,660,55.0,United Kingdom,18,13,6423.26,5,5,5,555,1,Regular,Low
12656.0,8,2860.0,6407.83,25.94,0.0147,207.82,2010-05-26 09:00:00,2011-11-22 13:42:00,545,77.86,France,17,8,6407.83,5,4,5,545,1,Regular,Low
15514.0,18,4087.0,6392.06,20.16,0.0249,362.93,2009-12-04 16:37:00,2011-11-27 14:40:00,723,42.53,United Kingdom,12,18,6392.06,5,5,5,555,1,Regular,Low
18094.0,13,4164.0,6391.52,50.73,0.021,660.5,2010-01-07 11:16:00,2011-09-19 09:28:00,620,51.67,United Kingdom,82,13,6391.52,3,5,5,355,1,Regular,Medium
12406.0,5,3416.0,6390.36,38.5,0.0074,192.31,2010-01-11 14:04:00,2011-11-17 19:22:00,675,168.75,Denmark,22,5,6390.36,4,4,5,445,1,Regular,Low
14388.0,16,4190.0,6388.2,16.25,0.0236,260.01,2010-01-20 11:54:00,2011-11-29 13:32:00,678,45.2,United Kingdom,10,16,6388.2,5,5,5,555,1,Regular,Low
14766.0,11,3999.0,6375.73,19.09,0.0203,210.43,2010-06-06 11:11:00,2011-12-01 16:05:00,543,54.3,United Kingdom,8,11,6375.73,5,5,5,555,1,Regular,Low
12356.0,6,3416.0,6371.73,44.87,0.0149,268.76,2010-10-11 09:42:00,2011-11-17 08:40:00,402,80.4,Portugal,23,6,6371.73,4,4,5,445,1,Regular,Low
14702.0,29,2878.0,6368.78,9.38,0.0398,271.78,2009-12-10 20:22:00,2011-12-08 19:29:00,728,26.0,United Kingdom,1,29,6368.78,5,5,5,555,1,Regular,Low
14227.0,15,4048.0,6368.71,16.89,0.0233,253.04,2010-02-08 09:38:00,2011-11-13 15:48:00,643,45.93,United Kingdom,26,15,6368.71,4,5,5,455,1,Regular,Low
12484.0,12,3266.0,6354.1,13.49,0.0185,161.97,2010-01-27 16:41:00,2011-11-07 11:37:00,649,59.0,Spain,33,12,6354.1,4,5,5,455,1,Regular,Medium
13590.0,18,5271.0,6336.04,15.61,0.0248,281.44,2009-12-01 13:37:00,2011-11-28 12:54:00,727,42.76,United Kingdom,11,18,6336.04,5,5,5,555,1,Regular,Low
18245.0,20,5098.0,6324.98,13.81,0.0315,275.8,2010-03-08 15:26:00,2011-12-02 14:48:00,634,33.37,United Kingdom,7,20,6324.98,5,5,5,555,1,Regular,Low
13654.0,11,4762.0,6308.0,19.17,0.0159,211.53,2009-12-02 11:43:00,2011-10-27 16:24:00,694,69.4,United Kingdom,43,11,6308.0,4,5,5,455,1,Regular,Medium
12913.0,13,3086.0,6283.24,68.3,0.0177,887.34,2009-12-01 12:18:00,2011-12-05 12:11:00,734,61.17,United Kingdom,5,13,6283.24,5,5,5,555,1,Regular,Low
15480.0,5,1852.0,6279.0,29.2,0.0089,145.53,2010-02-01 14:52:00,2011-08-15 14:32:00,560,140.0,Malta,116,5,6279.0,3,4,5,345,1,Regular,High
13136.0,13,3109.0,6274.56,19.92,0.0193,259.51,2009-12-08 18:30:00,2011-10-14 13:41:00,675,56.25,United Kingdom,56,13,6274.56,4,5,5,455,1,Regular,Medium
13615.0,8,2910.0,6272.53,17.09,0.0221,136.72,2010-01-28 15:43:00,2011-01-25 08:21:00,362,51.71,United Kingdom,319,8,6272.53,2,4,5,245,0,Lost,Very High
17873.0,18,4159.0,6265.33,37.29,0.028,671.37,2009-12-16 15:11:00,2011-09-20 16:41:00,643,37.82,United Kingdom,80,18,6265.33,3,5,5,355,1,Regular,Medium
14004.0,11,3425.0,6258.45,25.97,0.0281,286.06,2010-09-30 09:39:00,2011-10-27 14:40:00,392,39.2,United Kingdom,43,11,6258.45,4,5,5,455,1,Regular,Medium
15369.0,11,3288.0,6251.26,105.95,0.046,1164.81,2009-12-08 07:43:00,2010-08-04 13:54:00,239,23.9,United Kingdom,492,11,6251.26,1,5,5,155,0,Lost,Very High
12497.0,3,5685.0,6248.5,109.62,0.0053,327.1,2010-03-05 09:39:00,2011-09-19 12:29:00,563,281.5,Germany,82,3,6248.5,3,3,5,335,1,Regular,Medium
17799.0,20,3674.0,6246.93,6.91,0.0284,138.16,2009-12-13 16:03:00,2011-11-17 15:16:00,704,37.05,United Kingdom,22,20,6246.93,4,5,5,455,1,Regular,Low
18118.0,29,3184.0,6221.02,4.35,0.0782,126.2,2010-11-23 13:36:00,2011-11-29 11:32:00,371,13.25,United Kingdom,11,29,6221.02,5,5,5,555,1,Regular,Low
16735.0,14,4240.0,6217.41,21.15,0.0214,295.55,2009-12-08 09:24:00,2011-09-22 11:49:00,653,50.23,United Kingdom,79,14,6217.41,3,5,5,355,1,Regular,Medium
12429.0,8,2890.0,6204.41,40.55,0.0149,324.45,2010-06-11 13:28:00,2011-11-30 17:22:00,537,76.71,Austria,9,8,6204.41,5,4,5,545,1,Regular,Low
15673.0,9,3274.0,6204.32,23.15,0.0159,208.7,2010-02-22 14:28:00,2011-09-12 16:12:00,567,70.88,United Kingdom,88,9,6204.32,3,5,5,355,1,Regular,Medium
13334.0,5,3198.0,6201.8,13.08,0.0088,65.61,2010-02-25 12:21:00,2011-09-18 15:21:00,570,142.5,United Kingdom,82,5,6201.8,3,4,5,345,1,Regular,Medium
16103.0,22,2639.0,6191.71,30.96,0.0317,680.13,2010-01-08 12:08:00,2011-12-02 14:16:00,693,33.0,United Kingdom,7,22,6191.71,5,5,5,555,1,Regular,Low
16156.0,20,3205.0,6188.18,23.71,0.0274,473.6,2009-12-02 17:06:00,2011-12-01 12:42:00,729,38.37,United Kingdom,9,20,6188.18,5,5,5,555,1,Regular,Low
14534.0,26,2822.0,6187.66,8.65,0.0411,224.69,2010-03-15 14:16:00,2011-12-07 12:19:00,632,25.28,United Kingdom,3,26,6187.66,5,5,5,555,1,Regular,Low
15299.0,10,3356.0,6156.53,615.65,0.0159,6157.18,2010-01-12 11:34:00,2011-10-03 14:19:00,629,69.89,United Kingdom,67,10,6156.53,3,5,5,355,1,Regular,Medium
14390.0,13,2830.0,6150.03,13.4,0.0313,174.06,2010-10-10 14:30:00,2011-11-29 13:49:00,415,34.58,United Kingdom,10,13,6150.03,5,5,5,555,1,Regular,Low
17669.0,10,3505.0,6142.35,42.66,0.0174,426.81,2010-04-01 18:48:00,2011-10-28 08:53:00,575,63.89,United Kingdom,43,10,6142.35,4,5,5,455,1,Regular,Medium
13266.0,19,6837.0,6135.04,19.98,0.0267,379.29,2009-12-17 10:52:00,2011-11-28 14:39:00,711,39.5,United Kingdom,11,19,6135.04,5,5,5,555,1,Regular,Low
14852.0,18,4366.0,6132.43,19.85,0.0307,357.11,2010-03-05 14:51:00,2011-10-12 13:20:00,586,34.47,United Kingdom,58,18,6132.43,4,5,5,455,1,Regular,Medium
17419.0,18,2884.0,6126.25,20.49,0.0268,369.02,2010-01-25 13:19:00,2011-11-28 13:47:00,672,39.53,United Kingdom,11,18,6126.25,5,5,5,555,1,Regular,Low
13230.0,30,3520.0,6120.01,4.89,0.0478,146.56,2010-03-18 20:02:00,2011-12-05 16:03:00,627,21.62,United Kingdom,4,30,6120.01,5,5,5,555,1,Regular,Low
14180.0,33,847.0,6117.5,21.17,0.0613,698.17,2010-06-09 14:56:00,2011-11-29 10:56:00,538,16.81,United Kingdom,11,33,6117.5,5,5,5,555,1,Regular,Low
13935.0,3,2252.0,6116.92,76.46,0.0536,229.5,2010-02-25 16:01:00,2010-04-22 11:21:00,56,28.0,United Kingdom,597,3,6116.92,1,3,5,135,0,Lost,Very High
14560.0,44,4580.0,6114.03,30.57,0.0603,1345.66,2009-12-02 10:15:00,2011-12-02 15:22:00,730,16.98,United Kingdom,7,44,6114.03,5,5,5,555,1,Regular,Low
18178.0,11,3850.0,6103.74,17.44,0.0207,191.7,2010-02-18 14:25:00,2011-08-03 09:30:00,531,53.1,United Kingdom,129,11,6103.74,3,5,5,355,1,Regular,High
14530.0,16,2989.0,6088.87,12.87,0.0242,206.18,2010-01-21 11:25:00,2011-11-14 10:38:00,662,44.13,United Kingdom,26,16,6088.87,4,5,5,455,1,Regular,Low
18061.0,28,3359.0,6083.81,49.87,0.0392,1395.8,2009-12-04 11:36:00,2011-11-18 11:20:00,714,26.44,United Kingdom,22,28,6083.81,4,5,5,455,1,Regular,Low
17509.0,8,3512.0,6083.64,16.71,1.3333,133.68,2011-10-07 13:14:00,2011-10-13 10:26:00,6,0.86,United Kingdom,58,8,6083.64,4,4,5,445,1,Regular,Medium
16954.0,20,4086.0,6081.88,29.52,0.029,590.7,2010-01-18 14:49:00,2011-12-09 09:46:00,690,36.32,United Kingdom,1,20,6081.88,5,5,5,555,1,Regular,Low
12664.0,11,1495.0,6070.04,134.89,0.0153,1481.82,2009-12-13 10:28:00,2011-12-01 17:07:00,718,71.8,Finland,8,11,6070.04,5,5,5,555,1,Regular,Low
17644.0,20,3469.0,6028.6,18.44,0.0303,368.76,2010-02-16 08:44:00,2011-12-08 13:43:00,660,34.74,United Kingdom,1,20,6028.6,5,5,5,555,1,Regular,Low
13658.0,9,2171.0,6025.5,25.42,0.0136,229.21,2010-02-05 13:17:00,2011-11-30 10:13:00,663,82.88,United Kingdom,10,9,6025.5,5,5,5,555,1,Regular,Low
17819.0,12,1610.0,6021.05,67.65,0.0183,810.89,2009-12-13 15:24:00,2011-09-29 10:52:00,655,59.55,United Kingdom,72,12,6021.05,3,5,5,355,1,Regular,Medium
15372.0,8,6410.0,6017.06,105.56,0.0152,843.97,2010-02-14 11:24:00,2011-07-25 16:39:00,526,75.14,United Kingdom,137,8,6017.06,3,4,5,345,1,Regular,High
15202.0,3,3.0,6001.49,2000.5,,,2010-10-15 12:39:00,2010-10-15 13:05:00,0,0.0,United Kingdom,420,3,6001.49,1,3,5,135,0,Lost,Very High
16456.0,13,3296.0,6000.94,15.35,0.025,199.93,2010-03-29 11:16:00,2011-09-01 13:50:00,521,43.42,United Kingdom,99,13,6000.94,3,5,5,355,1,Regular,High
12835.0,41,2349.0,5996.83,9.75,0.1327,399.79,2009-12-03 12:13:00,2010-10-08 10:59:00,309,7.73,United Kingdom,428,41,5996.83,1,5,5,155,0,Lost,Very High
15755.0,17,4034.0,5993.12,16.15,0.0234,273.98,2009-12-04 08:24:00,2011-11-29 14:57:00,725,45.31,United Kingdom,10,17,5993.12,5,5,5,555,1,Regular,Low
14105.0,5,3534.0,5988.83,21.47,0.0104,107.62,2009-12-18 16:57:00,2011-04-14 17:58:00,482,120.5,United Kingdom,239,5,5988.83,2,4,5,245,1,Regular,Very High
17457.0,14,2695.0,5984.81,93.51,0.0231,1309.01,2009-12-07 14:52:00,2011-08-05 12:48:00,606,46.62,United Kingdom,127,14,5984.81,3,5,5,355,1,Regular,High
14440.0,13,1605.0,5982.03,46.73,0.0178,606.38,2009-12-02 12:13:00,2011-12-01 15:42:00,729,60.75,United Kingdom,8,13,5982.03,5,5,5,555,1,Regular,Low
17625.0,8,3505.0,5978.9,8.75,0.0113,69.81,2009-12-15 11:49:00,2011-11-21 13:36:00,706,100.86,United Kingdom,18,8,5978.9,5,4,5,545,1,Regular,Low
14535.0,9,3214.0,5973.23,7.24,0.0152,65.26,2010-02-24 15:03:00,2011-10-10 15:39:00,593,74.13,United Kingdom,60,9,5973.23,3,5,5,355,1,Regular,Medium
15785.0,16,4479.0,5969.93,26.53,0.0231,424.09,2009-12-15 16:28:00,2011-11-07 11:33:00,692,46.13,United Kingdom,33,16,5969.93,4,5,5,455,1,Regular,Medium
14918.0,9,2551.0,5955.81,42.24,0.0182,380.54,2010-04-08 11:18:00,2011-08-16 11:50:00,495,61.88,United Kingdom,116,9,5955.81,3,5,5,355,1,Regular,High
12500.0,19,3377.0,5955.21,40.79,0.0292,774.19,2010-02-04 15:05:00,2011-11-16 16:20:00,650,36.11,Germany,23,19,5955.21,4,5,5,455,1,Regular,Low
14257.0,9,3332.0,5954.45,24.81,0.0154,223.13,2010-03-01 15:36:00,2011-10-06 16:54:00,584,73.0,United Kingdom,64,9,5954.45,3,5,5,355,1,Regular,Medium
16710.0,22,4174.0,5921.35,6.51,0.0307,143.1,2009-12-04 13:41:00,2011-11-20 14:50:00,716,34.1,United Kingdom,19,22,5921.35,5,5,5,555,1,Regular,Low
15971.0,18,2251.0,5902.83,140.54,0.0252,2528.71,2009-12-08 09:46:00,2011-11-22 12:50:00,714,42.0,United Kingdom,18,18,5902.83,5,5,5,555,1,Regular,Low
12455.0,10,3302.0,5879.95,25.9,0.0154,258.46,2009-12-18 12:33:00,2011-09-27 15:31:00,648,72.0,Cyprus,73,10,5879.95,3,5,5,355,1,Regular,Medium
18065.0,29,2265.0,5866.63,18.92,0.04,548.68,2009-12-09 16:00:00,2011-12-04 10:30:00,725,25.89,United Kingdom,6,29,5866.63,5,5,5,555,1,Regular,Low
17146.0,13,2188.0,5852.64,19.44,0.0228,252.64,2010-02-02 09:39:00,2011-08-26 12:44:00,570,47.5,United Kingdom,106,13,5852.64,3,5,5,355,1,Regular,High
14112.0,13,3539.0,5834.59,17.9,0.0206,233.04,2010-02-23 14:16:00,2011-11-17 12:30:00,632,52.67,United Kingdom,23,13,5834.59,4,5,5,455,1,Regular,Low
12910.0,13,3632.0,5796.52,42.31,0.0217,549.04,2010-03-28 13:10:00,2011-11-16 14:28:00,598,49.83,United Kingdom,23,13,5796.52,4,5,5,455,1,Regular,Low
18075.0,20,3281.0,5783.29,17.9,0.0421,357.96,2010-07-29 11:47:00,2011-11-16 15:21:00,475,25.0,United Kingdom,23,20,5783.29,4,5,5,455,1,Regular,Low
17672.0,7,2758.0,5778.63,28.05,0.0111,196.78,2010-01-26 17:20:00,2011-10-20 14:18:00,632,105.33,United Kingdom,50,7,5778.63,4,4,5,445,1,Regular,Medium
14099.0,20,3666.0,5750.91,11.04,0.0281,221.19,2009-12-10 11:55:00,2011-11-23 13:53:00,713,37.53,United Kingdom,16,20,5750.91,5,5,5,555,1,Regular,Low
16316.0,13,3057.0,5744.91,19.34,0.0303,251.39,2010-08-03 14:38:00,2011-10-06 13:48:00,429,35.75,United Kingdom,64,13,5744.91,3,5,5,355,1,Regular,Medium
12615.0,8,3317.0,5740.98,21.26,0.0127,169.83,2010-03-18 14:09:00,2011-12-07 15:02:00,629,89.86,France,2,8,5740.98,5,4,5,545,1,Regular,Low
13771.0,9,3140.0,5728.82,26.52,0.0153,238.58,2010-02-25 12:37:00,2011-10-06 14:18:00,588,73.5,United Kingdom,64,9,5728.82,3,5,5,355,1,Regular,Medium
13870.0,15,3449.0,5712.08,23.7,0.0225,355.68,2010-02-08 12:08:00,2011-12-07 13:23:00,667,47.64,United Kingdom,2,15,5712.08,5,5,5,555,1,Regular,Low
16607.0,25,4436.0,5706.87,19.15,0.0437,478.68,2010-04-29 14:01:00,2011-11-22 10:24:00,572,23.83,United Kingdom,18,25,5706.87,5,5,5,555,1,Regular,Low
17651.0,16,4086.0,5703.52,17.18,0.0311,275.16,2010-07-01 12:17:00,2011-11-28 10:29:00,515,34.33,United Kingdom,12,16,5703.52,5,5,5,555,1,Regular,Low
16279.0,9,3683.0,5698.28,16.37,0.0157,147.78,2010-04-22 14:09:00,2011-11-18 15:00:00,575,71.88,United Kingdom,21,9,5698.28,4,5,5,455,1,Regular,Low
16458.0,30,3395.0,5690.89,14.94,0.0536,448.44,2010-05-26 14:38:00,2011-12-07 09:34:00,560,19.31,United Kingdom,3,30,5690.89,5,5,5,555,1,Regular,Low
13157.0,9,4762.0,5687.36,22.66,0.0152,203.9,2010-03-08 11:59:00,2011-10-21 13:50:00,592,74.0,United Kingdom,49,9,5687.36,4,5,5,455,1,Regular,Medium
12727.0,10,2832.0,5679.53,27.98,0.0155,279.3,2010-02-23 09:54:00,2011-11-29 11:46:00,644,71.56,France,11,10,5679.53,5,5,5,555,1,Regular,Low
12633.0,7,3238.0,5678.16,18.56,0.015,130.01,2010-07-02 11:44:00,2011-10-12 11:40:00,467,77.83,Germany,59,7,5678.16,4,4,5,445,1,Regular,Medium
13901.0,15,3344.0,5676.34,18.31,0.0238,274.98,2010-01-05 09:29:00,2011-09-28 14:48:00,631,45.07,United Kingdom,72,15,5676.34,3,5,5,355,1,Regular,Medium
17491.0,17,3362.0,5653.67,31.94,0.0289,543.69,2010-04-28 11:57:00,2011-12-08 16:18:00,589,36.81,United Kingdom,1,17,5653.67,5,5,5,555,1,Regular,Low
16409.0,12,3664.0,5652.74,7.29,0.0174,87.52,2009-12-13 15:38:00,2011-11-03 16:45:00,690,62.73,United Kingdom,36,12,5652.74,4,5,5,455,1,Regular,Medium
13722.0,10,3059.0,5635.41,29.82,0.0194,297.93,2010-03-03 14:13:00,2011-07-31 12:44:00,515,57.22,United Kingdom,132,10,5635.41,3,5,5,355,1,Regular,High
16320.0,6,3319.0,5628.99,23.36,0.0118,140.3,2010-01-27 13:29:00,2011-06-20 15:25:00,509,101.8,Unspecified,172,6,5628.99,3,4,5,345,1,Regular,High
16003.0,10,2210.0,5613.83,27.65,0.0141,275.63,2009-12-03 18:51:00,2011-11-10 09:57:00,707,78.56,United Kingdom,30,10,5613.83,4,5,5,455,1,Regular,Low
18145.0,11,5104.0,5609.74,13.95,0.0153,153.46,2009-12-08 12:30:00,2011-11-27 11:22:00,719,71.9,United Kingdom,13,11,5609.74,5,5,5,555,1,Regular,Low
16200.0,12,3068.0,5608.1,9.15,0.0164,109.99,2009-12-02 15:04:00,2011-12-05 14:40:00,733,66.64,United Kingdom,4,12,5608.1,5,5,5,555,1,Regular,Low
17838.0,13,3491.0,5604.64,22.07,0.0215,286.6,2010-03-19 09:53:00,2011-11-13 11:20:00,604,50.33,United Kingdom,27,13,5604.64,4,5,5,455,1,Regular,Low
16011.0,29,3323.0,5601.01,13.18,0.0397,381.97,2009-12-01 12:02:00,2011-12-01 16:31:00,730,26.07,United Kingdom,8,29,5601.01,5,5,5,555,1,Regular,Low
15228.0,6,3375.0,5580.27,23.85,0.0139,143.55,2010-07-28 10:21:00,2011-10-04 13:56:00,433,86.6,United Kingdom,66,6,5580.27,3,4,5,345,1,Regular,Medium
15854.0,21,1691.0,5578.28,21.79,0.029,458.13,2009-12-10 12:08:00,2011-12-05 13:39:00,725,36.25,United Kingdom,4,21,5578.28,5,5,5,555,1,Regular,Low
17203.0,10,4597.0,5564.09,21.32,0.0283,212.98,2010-11-16 12:52:00,2011-11-04 12:27:00,353,39.22,United Kingdom,36,10,5564.09,4,5,5,455,1,Regular,Medium
14210.0,16,2511.0,5556.57,17.7,0.0268,283.19,2010-01-06 10:17:00,2011-08-26 12:36:00,597,39.8,United Kingdom,106,16,5556.57,3,5,5,355,1,Regular,High
15527.0,23,2211.0,5554.89,16.88,0.0326,388.5,2009-12-15 17:31:00,2011-11-21 12:17:00,706,32.09,United Kingdom,19,23,5554.89,5,5,5,555,1,Regular,Low
14907.0,16,2583.0,5547.72,20.7,0.0267,331.06,2010-04-16 13:40:00,2011-12-06 14:14:00,599,39.93,United Kingdom,3,16,5547.72,5,5,5,555,1,Regular,Low
14572.0,11,2878.0,5526.88,10.9,0.0178,119.9,2010-03-28 13:47:00,2011-12-06 14:40:00,618,61.8,United Kingdom,3,11,5526.88,5,5,5,555,1,Regular,Low
17069.0,14,3230.0,5517.23,19.43,0.0198,272.38,2009-12-03 12:27:00,2011-11-11 17:13:00,708,54.46,United Kingdom,28,14,5517.23,4,5,5,455,1,Regular,Low
14732.0,19,2273.0,5517.07,19.92,0.0263,378.25,2009-12-09 10:48:00,2011-12-01 14:34:00,722,40.11,United Kingdom,8,19,5517.07,5,5,5,555,1,Regular,Low
17092.0,11,3768.0,5511.41,14.06,0.0176,154.66,2010-02-02 16:42:00,2011-10-20 19:51:00,625,62.5,United Kingdom,50,11,5511.41,4,5,5,455,1,Regular,Medium
17204.0,9,2651.0,5504.69,31.1,0.0242,279.97,2010-06-10 11:37:00,2011-06-17 14:46:00,372,46.5,United Kingdom,175,9,5504.69,3,5,5,355,1,Regular,High
14189.0,16,4392.0,5503.15,17.93,0.0415,287.22,2010-11-16 09:28:00,2011-12-07 15:55:00,386,25.73,United Kingdom,2,16,5503.15,5,5,5,555,1,Regular,Low
13115.0,10,3934.0,5494.7,17.5,0.017,174.93,2010-04-19 13:29:00,2011-11-28 12:38:00,588,65.33,United Kingdom,12,10,5494.7,5,5,5,555,1,Regular,Low
16609.0,7,2420.0,5493.46,19.9,0.0295,139.13,2011-04-01 10:11:00,2011-11-24 13:32:00,237,39.5,United Kingdom,15,7,5493.46,5,4,5,545,1,Regular,Low
13593.0,14,2170.0,5493.29,13.46,0.026,188.63,2010-03-02 16:36:00,2011-08-23 13:35:00,539,41.46,United Kingdom,108,14,5493.29,3,5,5,355,1,Regular,High
13769.0,20,2452.0,5478.12,19.92,0.0277,397.84,2009-12-16 11:59:00,2011-12-07 15:08:00,721,37.95,United Kingdom,2,20,5478.12,5,5,5,555,1,Regular,Low
16992.0,13,2061.0,5476.5,19.22,0.0198,249.64,2010-02-11 12:36:00,2011-11-29 11:50:00,656,54.67,United Kingdom,11,13,5476.5,5,5,5,555,1,Regular,Low
17512.0,18,5434.0,5467.82,27.76,0.0257,500.12,2009-12-10 19:35:00,2011-11-11 12:11:00,701,41.24,United Kingdom,29,18,5467.82,4,5,5,455,1,Regular,Low
12480.0,7,2952.0,5464.85,22.58,0.0146,157.91,2010-07-20 13:21:00,2011-11-11 14:52:00,479,79.83,Germany,28,7,5464.85,4,4,5,445,1,Regular,Low
17685.0,12,3474.0,5454.95,27.55,0.0185,331.29,2010-02-11 13:44:00,2011-11-23 11:36:00,650,59.09,United Kingdom,17,12,5454.95,5,5,5,555,1,Regular,Low
18198.0,17,4074.0,5425.56,34.12,0.0512,579.99,2011-01-07 13:39:00,2011-12-05 14:49:00,332,20.75,United Kingdom,4,17,5425.56,5,5,5,555,1,Regular,Low
12378.0,2,3316.0,5416.32,17.99,0.0046,35.83,2010-05-26 14:07:00,2011-08-02 10:34:00,433,433.0,Switzerland,130,2,5416.32,3,2,5,325,1,Regular,High
14626.0,11,3135.0,5410.92,23.32,0.0156,256.84,2009-12-10 14:57:00,2011-11-16 10:37:00,706,70.6,United Kingdom,24,11,5410.92,4,5,5,455,1,Regular,Low
14249.0,12,2383.0,5400.46,19.85,0.0446,238.15,2010-01-29 14:21:00,2010-10-25 12:34:00,269,24.45,United Kingdom,411,12,5400.46,1,5,5,155,0,Lost,Very High
17719.0,15,2466.0,5396.04,19.69,0.0688,295.32,2011-03-29 11:29:00,2011-11-02 10:36:00,218,15.57,United Kingdom,38,15,5396.04,4,5,5,455,1,Regular,Medium
17612.0,18,3521.0,5394.86,15.87,0.0269,285.6,2009-12-17 11:59:00,2011-10-17 14:59:00,669,39.35,United Kingdom,53,18,5394.86,4,5,5,455,1,Regular,Medium
13362.0,7,2481.0,5394.07,18.1,0.0168,126.5,2010-10-10 15:27:00,2011-11-30 14:41:00,416,69.33,United Kingdom,9,7,5394.07,5,4,5,545,1,Regular,Low
13014.0,11,1979.0,5381.08,24.02,0.0261,264.56,2010-10-03 11:35:00,2011-11-29 12:27:00,422,42.2,United Kingdom,11,11,5381.08,5,5,5,555,1,Regular,Low
14459.0,2,2303.0,5375.74,47.57,0.004,94.38,2010-02-26 13:26:00,2011-07-07 13:35:00,496,496.0,United Kingdom,155,2,5375.74,3,2,5,325,1,Regular,High
14442.0,7,1431.0,5367.02,29.33,0.0144,205.26,2010-01-18 12:59:00,2011-05-19 11:36:00,486,81.0,Channel Islands,205,7,5367.02,2,4,5,245,1,Regular,Very High
17863.0,12,4676.0,5360.48,21.02,0.0202,251.79,2010-02-25 12:01:00,2011-10-11 13:45:00,593,53.91,United Kingdom,59,12,5360.48,4,5,5,455,1,Regular,Medium
12362.0,11,2230.0,5356.23,20.06,0.015,221.16,2009-12-01 10:10:00,2011-12-06 15:40:00,735,73.5,Belgium,3,11,5356.23,5,5,5,555,1,Regular,Low
15641.0,12,4422.0,5345.55,17.19,0.0191,206.19,2009-12-06 15:31:00,2011-08-26 14:04:00,628,57.09,United Kingdom,105,12,5345.55,3,5,5,355,1,Regular,High
16008.0,15,3237.0,5339.13,21.1,0.0247,316.35,2010-03-19 11:07:00,2011-11-16 10:32:00,607,43.36,United Kingdom,24,15,5339.13,4,5,5,455,1,Regular,Low
15628.0,17,3569.0,5333.08,17.84,0.0235,302.69,2009-12-13 13:39:00,2011-12-05 10:24:00,722,45.13,United Kingdom,5,17,5333.08,5,5,5,555,1,Regular,Low
13842.0,18,2716.0,5319.34,15.88,0.0299,286.31,2010-02-16 15:54:00,2011-10-12 10:51:00,603,35.47,United Kingdom,59,18,5319.34,4,5,5,455,1,Regular,Medium
17584.0,6,2464.0,5309.42,42.82,0.0089,257.62,2010-01-25 08:17:00,2011-12-02 17:12:00,676,135.2,United Kingdom,7,6,5309.42,5,4,5,545,1,Regular,Low
16546.0,5,4211.0,5307.07,60.31,0.0329,301.6,2010-09-23 15:43:00,2011-02-22 11:20:00,152,38.0,United Kingdom,291,5,5307.07,2,4,5,245,0,Lost,Very High
16393.0,23,3001.0,5297.77,7.09,0.0313,163.33,2009-12-01 12:13:00,2011-12-07 12:51:00,736,33.45,United Kingdom,2,23,5297.77,5,5,5,555,1,Regular,Low
15394.0,11,2372.0,5286.8,23.29,0.0154,256.45,2009-12-15 19:05:00,2011-11-30 11:49:00,715,71.5,United Kingdom,10,11,5286.8,5,5,5,555,1,Regular,Low
15152.0,14,2994.0,5263.83,17.55,0.0202,245.32,2010-01-07 15:15:00,2011-11-30 12:32:00,692,53.23,United Kingdom,10,14,5263.83,5,5,5,555,1,Regular,Low
13931.0,11,3488.0,5257.38,19.4,0.0172,213.89,2009-12-03 10:26:00,2011-09-05 10:12:00,641,64.1,United Kingdom,96,11,5257.38,3,5,5,355,1,Regular,High
13975.0,12,3884.0,5256.4,7.13,0.0186,85.41,2010-02-02 13:13:00,2011-11-08 13:19:00,644,58.55,United Kingdom,31,12,5256.4,4,5,5,455,1,Regular,Medium
13107.0,9,4316.0,5253.07,29.51,0.0143,265.43,2010-02-04 10:50:00,2011-10-26 14:52:00,629,78.63,United Kingdom,44,9,5253.07,4,5,5,455,1,Regular,Medium
14930.0,6,2193.0,5236.73,18.84,0.012,112.59,2010-04-12 11:22:00,2011-08-23 10:31:00,498,99.6,Channel Islands,109,6,5236.73,3,4,5,345,1,Regular,High
12755.0,11,2293.0,5236.26,83.12,0.0266,913.14,2010-01-15 11:57:00,2011-03-04 12:42:00,413,41.3,Japan,281,11,5236.26,2,5,5,255,1,Regular,Very High
15722.0,11,2279.0,5234.0,29.4,0.0182,323.72,2010-03-09 15:05:00,2011-11-04 11:43:00,605,60.5,United Kingdom,36,11,5234.0,4,5,5,455,1,Regular,Medium
17061.0,11,1526.0,5232.23,52.85,0.0692,581.5,2011-04-21 13:29:00,2011-09-27 11:24:00,159,15.9,United Kingdom,74,11,5232.23,3,5,5,355,1,Regular,Medium
12422.0,17,2596.0,5231.8,30.42,0.0272,517.97,2009-12-18 12:44:00,2011-09-05 09:48:00,626,39.13,Australia,96,17,5231.8,3,5,5,355,1,Regular,High
15606.0,17,1615.0,5230.99,36.08,0.029,613.14,2010-03-02 14:48:00,2011-10-09 15:47:00,586,36.63,United Kingdom,61,17,5230.99,3,5,5,355,1,Regular,Medium
13763.0,3,3224.0,5217.44,104.35,0.0081,314.43,2010-09-30 17:39:00,2011-10-07 15:13:00,372,186.0,United Kingdom,63,3,5217.44,3,3,5,335,1,Regular,Medium
15812.0,12,3450.0,5201.47,41.61,0.0194,498.06,2009-12-15 13:40:00,2011-08-24 14:19:00,617,56.09,United Kingdom,107,12,5201.47,3,5,5,355,1,Regular,High
14546.0,11,2688.0,5184.84,6.56,0.0151,72.11,2009-12-06 13:10:00,2011-12-04 13:00:00,728,72.8,United Kingdom,5,11,5184.84,5,5,5,555,1,Regular,Low
12510.0,9,2049.0,5178.02,35.71,0.0152,321.88,2009-12-04 13:47:00,2011-07-20 10:15:00,593,74.13,Spain,143,9,5178.02,3,5,5,355,1,Regular,High
17663.0,17,2297.0,5175.83,21.75,0.0274,369.49,2010-03-04 11:42:00,2011-11-14 08:56:00,620,38.75,United Kingdom,26,17,5175.83,4,5,5,455,1,Regular,Low
15796.0,17,1733.0,5171.63,17.65,0.0276,300.57,2010-03-31 13:10:00,2011-12-08 19:55:00,617,38.56,United Kingdom,1,17,5171.63,5,5,5,555,1,Regular,Low
12625.0,4,3309.0,5164.88,28.22,0.0104,112.99,2010-04-22 11:33:00,2011-05-12 09:54:00,385,128.33,Germany,212,4,5164.88,2,3,5,235,1,Regular,Very High
17157.0,19,2092.0,5151.9,36.54,0.0261,694.29,2009-12-04 13:00:00,2011-12-02 09:10:00,728,40.44,United Kingdom,8,19,5151.9,5,5,5,555,1,Regular,Low
16153.0,11,3693.0,5133.49,22.71,0.0214,249.31,2010-05-26 12:41:00,2011-10-21 10:50:00,513,51.3,United Kingdom,50,11,5133.49,4,5,5,455,1,Regular,Medium
16308.0,7,16000.0,5120.0,731.43,0.0102,5125.42,2009-12-15 15:48:00,2011-11-02 11:24:00,687,114.5,United Kingdom,38,7,5120.0,4,4,5,445,1,Regular,Medium
12708.0,18,2432.0,5117.66,17.29,0.026,311.08,2009-12-18 10:25:00,2011-11-10 09:52:00,692,40.71,Germany,30,18,5117.66,4,5,5,455,1,Regular,Low
14713.0,21,3329.0,5115.76,7.57,0.0289,159.05,2009-12-03 19:22:00,2011-11-30 16:26:00,727,36.35,United Kingdom,9,21,5115.76,5,5,5,555,1,Regular,Low
15443.0,14,2699.0,5114.23,8.18,0.0218,114.31,2010-03-07 12:10:00,2011-12-08 10:40:00,641,49.31,United Kingdom,2,14,5114.23,5,5,5,555,1,Regular,Low
12483.0,19,2160.0,5097.18,36.94,0.0288,702.16,2010-01-31 13:28:00,2011-11-22 17:02:00,660,36.67,Sweden,17,19,5097.18,5,5,5,555,1,Regular,Low
12594.0,15,2768.0,5090.11,25.58,0.0246,383.22,2010-03-03 13:51:00,2011-11-02 12:20:00,609,43.5,Italy,38,15,5090.11,4,5,5,455,1,Regular,Medium
17861.0,18,4541.0,5088.29,9.12,0.0248,164.2,2009-12-10 11:27:00,2011-12-06 16:21:00,726,42.71,United Kingdom,3,18,5088.29,5,5,5,555,1,Regular,Low
14493.0,10,3148.0,5087.86,14.33,0.0158,143.55,2010-03-08 08:33:00,2011-12-02 16:14:00,634,70.44,United Kingdom,7,10,5087.86,5,5,5,555,1,Regular,Low
15367.0,11,2944.0,5081.33,18.21,0.0164,200.69,2009-12-10 14:20:00,2011-10-13 14:13:00,672,67.2,United Kingdom,57,11,5081.33,4,5,5,455,1,Regular,Medium
12432.0,5,1801.0,5059.32,46.85,0.0385,234.48,2011-06-20 13:27:00,2011-10-28 11:43:00,130,32.5,Norway,43,5,5059.32,4,4,5,445,1,Regular,Medium
17469.0,17,2304.0,5051.25,18.92,0.024,321.03,2009-12-16 15:06:00,2011-11-23 13:15:00,707,44.19,United Kingdom,16,17,5051.25,5,5,5,555,1,Regular,Low
13634.0,16,2090.0,5033.77,11.29,0.0241,180.94,2010-01-10 14:26:00,2011-11-06 13:40:00,665,44.33,United Kingdom,33,16,5033.77,4,5,5,455,1,Regular,Medium
16931.0,23,3357.0,5032.22,5.31,0.0587,122.19,2010-11-07 13:24:00,2011-12-04 13:15:00,392,17.82,United Kingdom,5,23,5032.22,5,5,5,555,1,Regular,Low
12759.0,8,3202.0,5020.74,16.62,0.0117,132.81,2009-12-04 10:47:00,2011-10-18 14:49:00,683,97.57,Netherlands,52,8,5020.74,4,4,5,445,1,Regular,Medium
12444.0,5,1153.0,5005.46,28.44,0.0333,142.06,2011-06-21 14:00:00,2011-11-18 13:23:00,150,37.5,Norway,21,5,5005.46,4,4,5,445,1,Regular,Low
17084.0,3,3178.0,5001.21,17.8,0.0083,53.33,2010-11-08 14:20:00,2011-11-04 14:54:00,361,180.5,United Kingdom,35,3,5001.21,4,3,5,435,1,Regular,Medium
17346.0,26,3439.0,4998.61,5.42,0.0436,141.08,2010-04-18 12:18:00,2011-12-06 12:18:00,597,23.88,United Kingdom,4,26,4998.61,5,5,5,555,1,Regular,Low
15898.0,25,2160.0,4996.45,8.07,0.0344,201.82,2009-12-11 16:11:00,2011-12-08 15:23:00,727,30.29,United Kingdom,1,25,4996.45,5,5,5,555,1,Regular,Low
14209.0,15,1739.0,4993.27,21.62,0.0222,324.46,2010-01-22 10:28:00,2011-11-29 10:18:00,676,48.29,United Kingdom,11,15,4993.27,5,5,5,555,1,Regular,Low
14639.0,9,2410.0,4978.96,17.05,0.0148,153.68,2010-02-16 12:35:00,2011-10-18 15:06:00,609,76.13,United Kingdom,52,9,4978.96,4,5,5,455,1,Regular,Medium
13198.0,8,3449.0,4974.23,15.84,0.0189,126.94,2010-10-01 13:27:00,2011-11-29 15:17:00,424,60.57,United Kingdom,10,8,4974.23,5,4,5,545,1,Regular,Low
12600.0,21,1383.0,4967.42,38.21,0.0298,801.62,2009-12-07 13:37:00,2011-11-11 10:29:00,704,35.2,Germany,29,21,4967.42,4,5,5,455,1,Regular,Low
12562.0,9,2327.0,4966.92,23.99,0.0211,216.14,2010-09-30 13:13:00,2011-12-01 17:20:00,427,53.38,France,8,9,4966.92,5,5,5,555,1,Regular,Low
17758.0,12,3199.0,4964.03,9.4,0.0219,113.02,2010-05-20 13:18:00,2011-11-20 14:45:00,549,49.91,United Kingdom,19,12,4964.03,5,5,5,555,1,Regular,Low
17802.0,10,2705.0,4946.22,9.44,0.0155,94.23,2009-12-13 13:39:00,2011-09-18 14:56:00,644,71.56,United Kingdom,82,10,4946.22,3,5,5,355,1,Regular,Medium
12700.0,4,2967.0,4939.99,18.43,0.0192,73.6,2011-05-08 16:10:00,2011-12-02 10:47:00,208,69.33,France,8,4,4939.99,5,3,5,535,1,Regular,Low
12347.0,8,2967.0,4921.53,22.17,0.0199,177.36,2010-10-31 14:20:00,2011-12-07 15:52:00,402,57.43,Iceland,2,8,4921.53,5,4,5,545,1,Regular,Low
14970.0,12,982.0,4919.35,43.53,0.0202,523.19,2010-02-14 13:37:00,2011-10-02 13:44:00,595,54.09,United Kingdom,68,12,4919.35,3,5,5,355,1,Regular,Medium
16919.0,24,2333.0,4909.66,8.0,0.0748,192.09,2010-08-19 15:28:00,2011-07-06 13:35:00,321,13.96,United Kingdom,156,24,4909.66,3,5,5,355,1,Regular,High
17314.0,17,3663.0,4904.43,19.16,0.0239,326.04,2009-12-03 11:25:00,2011-11-15 09:41:00,712,44.5,United Kingdom,25,17,4904.43,4,5,5,455,1,Regular,Low
18144.0,19,2144.0,4892.95,58.25,0.0265,1105.24,2009-12-16 15:57:00,2011-12-02 12:46:00,716,39.78,United Kingdom,8,19,4892.95,5,5,5,555,1,Regular,Low
15332.0,6,2306.0,4892.68,31.77,0.0408,190.54,2010-07-14 13:01:00,2010-12-08 14:43:00,147,29.4,Lithuania,366,6,4892.68,2,4,5,245,0,Lost,Very High
16986.0,11,2539.0,4888.75,28.1,0.0171,309.45,2010-02-04 14:46:00,2011-11-10 11:55:00,644,64.4,United Kingdom,30,11,4888.75,4,5,5,455,1,Regular,Low
13021.0,17,2546.0,4887.24,19.02,0.0233,323.51,2009-12-05 12:02:00,2011-12-05 16:37:00,730,45.63,United Kingdom,4,17,4887.24,5,5,5,555,1,Regular,Low
13659.0,12,2527.0,4884.68,17.83,0.0264,214.17,2010-02-17 09:05:00,2011-05-18 12:37:00,455,41.36,United Kingdom,206,12,4884.68,2,5,5,255,1,Regular,Very High
16686.0,16,3419.0,4881.07,4.75,0.0233,75.92,2009-12-06 15:48:00,2011-10-23 13:49:00,686,45.73,United Kingdom,47,16,4881.07,4,5,5,455,1,Regular,Medium
15379.0,8,3000.0,4877.84,18.55,0.0346,148.26,2010-11-04 11:59:00,2011-06-23 13:13:00,231,33.0,United Kingdom,169,8,4877.84,3,4,5,345,1,Regular,High
14107.0,11,3489.0,4877.3,20.67,0.0162,227.37,2009-12-09 14:20:00,2011-10-19 12:12:00,679,67.9,United Kingdom,52,11,4877.3,4,5,5,455,1,Regular,Medium
12688.0,1,3028.0,4873.81,28.5,,,2011-08-18 08:49:00,2011-08-18 08:49:00,0,,Israel,114,1,4873.81,3,1,5,315,1,Regular,High
17213.0,13,2087.0,4869.4,18.31,0.019,237.96,2009-12-15 10:28:00,2011-10-30 14:53:00,684,57.0,United Kingdom,40,13,4869.4,4,5,5,455,1,Regular,Medium
17449.0,13,2483.0,4868.15,8.34,0.0179,108.68,2009-12-09 14:16:00,2011-12-07 16:56:00,728,60.67,United Kingdom,2,13,4868.15,5,5,5,555,1,Regular,Low
17652.0,12,2509.0,4867.72,18.79,0.0469,225.6,2011-03-03 14:05:00,2011-11-14 12:55:00,256,23.27,United Kingdom,25,12,4867.72,4,5,5,455,1,Regular,Low
14081.0,10,3381.0,4867.57,5.77,0.0234,57.65,2009-12-10 18:27:00,2011-02-10 16:17:00,427,47.44,United Kingdom,302,10,4867.57,2,5,5,255,0,Lost,Very High
17059.0,9,3107.0,4864.57,6.75,0.0138,60.83,2010-01-26 14:43:00,2011-11-10 12:27:00,653,81.63,United Kingdom,30,9,4864.57,4,5,5,455,1,Regular,Low
13495.0,10,2465.0,4863.31,36.57,0.0138,365.88,2009-12-07 12:12:00,2011-12-02 11:21:00,725,80.56,United Kingdom,8,10,4863.31,5,5,5,555,1,Regular,Low
13044.0,11,2548.0,4848.05,11.65,0.0269,128.17,2010-01-08 14:46:00,2011-02-21 15:20:00,409,40.9,United Kingdom,291,11,4848.05,2,5,5,255,1,Regular,Very High
13562.0,8,1603.0,4838.18,24.68,0.0131,198.19,2010-01-14 16:33:00,2011-09-19 10:51:00,613,87.57,United Kingdom,82,8,4838.18,3,4,5,345,1,Regular,Medium
17567.0,9,2908.0,4838.08,24.68,0.0207,221.72,2010-09-24 10:48:00,2011-12-02 15:48:00,434,54.25,United Kingdom,7,9,4838.08,5,5,5,555,1,Regular,Low
12449.0,6,2282.0,4835.89,24.06,0.0144,144.13,2010-09-27 09:37:00,2011-11-17 13:46:00,416,83.2,Belgium,22,6,4835.89,4,4,5,445,1,Regular,Low
14191.0,15,3724.0,4817.66,18.18,0.0206,272.27,2009-12-11 10:48:00,2011-12-08 09:23:00,727,51.93,United Kingdom,2,15,4817.66,5,5,5,555,1,Regular,Low
13875.0,14,3072.0,4814.37,17.83,0.0209,249.3,2009-12-17 10:30:00,2011-10-17 09:36:00,669,51.46,United Kingdom,54,14,4814.37,4,5,5,455,1,Regular,Medium
15485.0,7,2153.0,4810.92,35.12,0.0099,246.16,2009-12-01 17:31:00,2011-11-09 14:31:00,708,118.0,United Kingdom,30,7,4810.92,4,4,5,445,1,Regular,Low
13329.0,8,3311.0,4808.77,40.75,0.0114,327.04,2009-12-04 15:41:00,2011-11-08 10:29:00,704,100.57,United Kingdom,32,8,4808.77,4,4,5,445,1,Regular,Medium
15529.0,12,4271.0,4783.66,6.09,0.0323,73.18,2010-11-10 14:26:00,2011-11-17 11:29:00,372,33.82,United Kingdom,23,12,4783.66,4,5,5,455,1,Regular,Low
15187.0,16,1887.0,4777.18,52.5,0.0758,839.67,2011-05-11 13:49:00,2011-12-08 11:56:00,211,14.07,United Kingdom,2,16,4777.18,5,5,5,555,1,Regular,Low
17519.0,15,3230.0,4774.17,23.4,0.0208,350.93,2009-12-01 09:57:00,2011-11-22 16:43:00,721,51.5,United Kingdom,17,15,4774.17,5,5,5,555,1,Regular,Low
13988.0,8,3385.0,4757.8,16.13,0.0132,129.03,2010-03-24 11:05:00,2011-11-20 10:15:00,606,86.57,United Kingdom,20,8,4757.8,4,4,5,445,1,Regular,Low
12955.0,11,3664.0,4757.16,26.43,0.0414,291.06,2011-03-17 09:03:00,2011-12-08 16:29:00,266,26.6,United Kingdom,1,11,4757.16,5,5,5,555,1,Regular,Low
17829.0,5,3009.0,4756.74,27.82,0.014,139.04,2010-02-22 15:39:00,2011-02-14 12:46:00,357,89.25,United Arab Emirates,299,5,4756.74,2,4,5,245,0,Lost,Very High
14825.0,24,2774.0,4735.08,15.84,0.0394,380.07,2010-04-06 14:14:00,2011-12-06 11:38:00,609,26.48,United Kingdom,4,24,4735.08,5,5,5,555,1,Regular,Low
17082.0,6,2526.0,4732.03,27.84,0.0087,167.37,2009-12-15 11:25:00,2011-11-06 15:17:00,691,138.2,United Kingdom,33,6,4732.03,4,4,5,445,1,Regular,Medium
16326.0,24,1083.0,4721.25,10.11,0.0356,242.94,2010-01-28 13:23:00,2011-12-04 10:11:00,675,29.35,United Kingdom,6,24,4721.25,5,5,5,555,1,Regular,Low
12395.0,15,3205.0,4721.17,19.51,0.0257,292.32,2010-04-16 10:16:00,2011-11-20 15:21:00,583,41.64,Belgium,19,15,4721.17,5,5,5,555,1,Regular,Low
14235.0,9,3014.0,4717.99,31.88,0.0165,286.15,2010-03-30 13:36:00,2011-09-25 14:37:00,544,68.0,United Kingdom,75,9,4717.99,3,5,5,355,1,Regular,Medium
13958.0,8,2264.0,4709.23,20.75,0.0225,165.74,2009-12-05 13:12:00,2010-11-25 10:11:00,355,50.71,United Kingdom,380,8,4709.23,2,4,5,245,0,Lost,Very High
16905.0,17,1913.0,4706.77,14.71,0.0235,250.28,2009-12-10 20:04:00,2011-12-04 14:01:00,724,45.25,United Kingdom,5,17,4706.77,5,5,5,555,1,Regular,Low
12589.0,8,1764.0,4695.66,26.09,0.0121,208.67,2010-01-19 12:26:00,2011-11-11 10:19:00,661,94.43,France,29,8,4695.66,4,4,5,445,1,Regular,Low
15410.0,10,1902.0,4685.72,28.92,0.0194,288.94,2010-04-19 08:57:00,2011-09-16 14:47:00,515,57.22,United Kingdom,84,10,4685.72,3,5,5,355,1,Regular,Medium
16904.0,21,2607.0,4675.36,5.21,0.0516,109.42,2010-10-24 16:03:00,2011-12-05 13:10:00,407,20.35,United Kingdom,4,21,4675.36,5,5,5,555,1,Regular,Low
13971.0,14,3084.0,4667.57,18.3,0.0211,256.39,2010-01-26 09:51:00,2011-11-21 12:06:00,664,51.08,United Kingdom,19,14,4667.57,5,5,5,555,1,Regular,Low
15123.0,5,2524.0,4656.17,25.44,0.008,127.4,2010-03-16 09:49:00,2011-12-02 13:12:00,626,156.5,United Kingdom,7,5,4656.17,5,4,5,545,1,Regular,Low
15484.0,6,4074.0,4652.1,19.38,0.0082,116.49,2009-12-05 15:18:00,2011-12-08 15:03:00,733,146.6,United Kingdom,1,6,4652.1,5,4,5,545,1,Regular,Low
17050.0,11,2432.0,4648.59,13.32,0.0188,146.74,2010-01-26 14:54:00,2011-09-04 13:48:00,586,58.6,United Kingdom,96,11,4648.59,3,5,5,355,1,Regular,High
12578.0,4,2380.0,4642.45,26.99,0.0095,108.2,2010-09-22 11:19:00,2011-11-18 13:30:00,422,140.67,Italy,21,4,4642.45,4,3,5,435,1,Regular,Low
13124.0,4,2738.0,4641.66,16.4,0.0135,65.53,2010-11-19 15:50:00,2011-09-11 12:45:00,296,98.67,United Kingdom,90,4,4641.66,3,3,5,335,1,Regular,Medium
17402.0,23,1450.0,4635.56,26.04,0.032,599.13,2009-12-16 17:40:00,2011-12-05 10:15:00,719,32.68,United Kingdom,5,23,4635.56,5,5,5,555,1,Regular,Low
18097.0,11,2716.0,4627.92,29.67,0.0154,326.7,2009-12-17 11:06:00,2011-12-02 11:16:00,715,71.5,United Kingdom,8,11,4627.92,5,5,5,555,1,Regular,Low
17400.0,8,2185.0,4623.28,9.86,0.0134,78.75,2009-12-17 15:41:00,2011-08-05 15:38:00,596,85.14,United Kingdom,126,8,4623.28,3,4,5,345,1,Regular,High
17442.0,15,3134.0,4620.3,16.33,0.024,245.34,2010-02-15 15:54:00,2011-11-03 09:17:00,626,44.71,United Kingdom,37,15,4620.3,4,5,5,455,1,Regular,Medium
12782.0,11,2017.0,4618.24,20.34,0.0214,224.17,2010-07-08 13:31:00,2011-12-05 09:16:00,515,51.5,Portugal,5,11,4618.24,5,5,5,555,1,Regular,Low
14441.0,11,1260.0,4611.69,29.95,0.0159,328.58,2010-01-18 10:40:00,2011-12-09 09:07:00,690,69.0,United Kingdom,1,11,4611.69,5,5,5,555,1,Regular,Low
15245.0,8,3021.0,4610.84,31.15,0.0174,249.87,2010-04-23 14:23:00,2011-07-28 18:56:00,461,65.86,United Kingdom,134,8,4610.84,3,4,5,345,1,Regular,High
12553.0,12,2325.0,4608.75,19.36,0.0289,232.19,2010-10-12 13:35:00,2011-12-01 16:38:00,415,37.73,France,8,12,4608.75,5,5,5,555,1,Regular,Low
13851.0,8,2525.0,4606.46,32.9,0.0137,263.23,2010-01-29 11:54:00,2011-09-05 12:36:00,584,83.43,United Kingdom,96,8,4606.46,3,4,5,345,1,Regular,High
18257.0,12,2369.0,4600.15,16.67,0.0194,200.51,2010-02-18 16:20:00,2011-10-31 14:48:00,620,56.36,United Kingdom,39,12,4600.15,4,5,5,455,1,Regular,Medium
17188.0,13,2569.0,4592.93,26.7,0.0181,347.95,2009-12-08 19:16:00,2011-11-28 13:53:00,720,60.0,United Kingdom,11,13,4592.93,5,5,5,555,1,Regular,Low
17508.0,8,2891.0,4579.23,19.82,0.0177,158.57,2009-12-07 11:46:00,2011-03-04 08:10:00,452,64.57,Greece,281,8,4579.23,2,4,5,245,1,Regular,Very High
15416.0,7,2420.0,4572.82,20.06,0.0114,139.95,2010-02-01 11:55:00,2011-10-06 09:38:00,612,102.0,United Kingdom,65,7,4572.82,3,4,5,345,1,Regular,Medium
13510.0,11,3044.0,4558.29,15.77,0.0153,173.0,2009-12-21 11:53:00,2011-12-08 13:46:00,717,71.7,United Kingdom,1,11,4558.29,5,5,5,555,1,Regular,Low
15365.0,13,2131.0,4557.13,20.9,0.0201,272.22,2010-02-04 16:43:00,2011-11-14 08:29:00,648,54.0,United Kingdom,26,13,4557.13,4,5,5,455,1,Regular,Low
16143.0,12,1866.0,4555.08,20.43,0.0165,244.73,2009-12-10 09:44:00,2011-12-06 14:13:00,726,66.0,United Kingdom,3,12,4555.08,5,5,5,555,1,Regular,Low
14032.0,16,3740.0,4546.41,19.77,0.0221,315.89,2009-12-14 12:02:00,2011-12-07 15:23:00,723,48.2,United Kingdom,2,16,4546.41,5,5,5,555,1,Regular,Low
17613.0,14,2490.0,4544.55,14.85,0.0495,208.03,2011-02-07 11:20:00,2011-11-17 10:51:00,283,21.77,United Kingdom,23,14,4544.55,4,5,5,455,1,Regular,Low
13527.0,12,2736.0,4541.29,10.25,0.0183,122.67,2010-01-21 12:37:00,2011-11-06 12:04:00,654,59.45,United Kingdom,34,12,4541.29,4,5,5,455,1,Regular,Medium
13571.0,26,3191.0,4537.26,6.74,0.0362,175.43,2009-12-08 13:02:00,2011-11-27 10:47:00,719,28.76,United Kingdom,13,26,4537.26,5,5,5,555,1,Regular,Low
14685.0,8,1969.0,4536.64,24.26,0.0533,193.96,2009-12-13 11:32:00,2010-05-12 13:08:00,150,21.43,United Kingdom,576,8,4536.64,1,4,5,145,0,Lost,Very High
13523.0,6,1989.0,4534.57,22.56,0.0163,135.69,2010-11-02 14:55:00,2011-11-06 15:11:00,369,73.8,United Kingdom,33,6,4534.57,4,4,5,445,1,Regular,Medium
12598.0,11,2906.0,4534.09,22.01,0.0172,241.91,2010-03-01 09:58:00,2011-11-30 12:18:00,639,63.9,France,10,11,4534.09,5,5,5,555,1,Regular,Low
16255.0,15,2876.0,4530.0,8.92,0.0225,134.07,2010-01-24 12:21:00,2011-11-23 12:40:00,668,47.71,United Kingdom,17,15,4530.0,5,5,5,555,1,Regular,Low
15271.0,24,2412.0,4528.54,7.94,0.0496,190.61,2010-08-05 14:57:00,2011-12-02 14:11:00,484,21.04,United Kingdom,7,24,4528.54,5,5,5,555,1,Regular,Low
14290.0,8,1600.0,4516.56,29.91,0.0111,239.04,2009-12-08 11:44:00,2011-11-28 14:02:00,720,102.86,United Kingdom,11,8,4516.56,5,4,5,545,1,Regular,Low
17308.0,2,5148.0,4511.76,644.54,0.0339,1289.14,2010-09-13 09:35:00,2010-11-11 13:19:00,59,59.0,United Kingdom,393,2,4511.76,2,2,5,225,0,Lost,Very High
15764.0,8,2945.0,4503.08,18.08,0.0205,144.55,2010-08-18 13:58:00,2011-09-12 17:58:00,390,55.71,United Kingdom,88,8,4503.08,3,4,5,345,1,Regular,Medium
14625.0,11,2155.0,4497.88,16.91,0.0209,186.25,2009-12-16 13:23:00,2011-05-27 15:32:00,527,52.7,United Kingdom,196,11,4497.88,2,5,5,255,1,Regular,Very High
17596.0,13,7010.0,4491.46,9.24,0.0185,119.83,2009-12-15 13:21:00,2011-11-16 14:11:00,701,58.42,United Kingdom,23,13,4491.46,4,5,5,455,1,Regular,Low
15122.0,11,2033.0,4487.27,19.77,0.0218,217.65,2010-03-30 14:05:00,2011-08-17 16:48:00,505,50.5,United Kingdom,114,11,4487.27,3,5,5,355,1,Regular,High
14701.0,15,1744.0,4487.11,7.54,0.0223,113.33,2010-01-24 12:15:00,2011-11-29 12:38:00,674,48.14,United Kingdom,11,15,4487.11,5,5,5,555,1,Regular,Low
18064.0,11,2685.0,4481.83,70.03,0.0203,771.93,2010-02-01 15:01:00,2011-07-29 16:39:00,543,54.3,United Kingdom,133,11,4481.83,3,5,5,355,1,Regular,High
12916.0,7,1681.0,4479.73,26.04,0.0128,181.99,2010-01-24 11:26:00,2011-07-24 10:35:00,546,91.0,United Kingdom,139,7,4479.73,3,4,5,345,1,Regular,High
12627.0,7,2752.0,4478.53,19.47,0.0538,136.17,2011-07-22 13:59:00,2011-11-29 12:07:00,130,21.67,Germany,11,7,4478.53,5,4,5,545,1,Regular,Low
13491.0,27,2349.0,4467.66,17.12,0.0396,461.69,2009-12-07 08:24:00,2011-10-19 08:32:00,681,26.19,United Kingdom,52,27,4467.66,4,5,5,455,1,Regular,Medium
14648.0,15,3265.0,4466.65,10.36,0.0479,155.32,2009-12-10 13:59:00,2010-10-19 13:12:00,313,22.36,United Kingdom,416,15,4466.65,1,5,5,155,0,Lost,Very High
18069.0,11,3168.0,4464.92,4.6,0.0177,50.72,2010-02-28 16:14:00,2011-11-13 16:03:00,623,62.3,United Kingdom,26,11,4464.92,4,5,5,455,1,Regular,Low
16912.0,15,1689.0,4460.51,25.93,0.0214,389.54,2009-12-09 12:32:00,2011-11-11 12:18:00,702,50.14,United Kingdom,29,15,4460.51,4,5,5,455,1,Regular,Low
15240.0,12,3214.0,4459.98,19.91,0.0174,239.04,2009-12-05 14:57:00,2011-10-26 09:50:00,690,62.73,United Kingdom,45,12,4459.98,4,5,5,455,1,Regular,Medium
17220.0,21,2663.0,4457.31,6.63,0.0316,139.11,2010-01-20 11:57:00,2011-11-15 13:47:00,664,33.2,United Kingdom,24,21,4457.31,4,5,5,455,1,Regular,Low
18093.0,8,3429.0,4452.71,73.0,0.0152,582.54,2010-03-31 10:27:00,2011-09-07 15:43:00,525,75.0,United Kingdom,93,8,4452.71,3,4,5,345,1,Regular,High
14341.0,18,2813.0,4452.02,16.8,0.026,302.7,2009-12-01 12:20:00,2011-10-25 15:48:00,693,40.76,United Kingdom,45,18,4452.02,4,5,5,455,1,Regular,Medium
17754.0,13,4366.0,4451.22,19.96,0.0179,260.1,2009-12-11 15:52:00,2011-12-09 11:20:00,728,60.67,United Kingdom,1,13,4451.22,5,5,5,555,1,Regular,Low
13435.0,9,2754.0,4447.33,29.85,0.0182,268.92,2010-07-27 16:56:00,2011-12-04 14:45:00,495,61.88,United Kingdom,5,9,4447.33,5,5,5,555,1,Regular,Low
12349.0,4,1624.0,4428.69,25.31,0.007,101.16,2010-04-29 13:20:00,2011-11-21 09:51:00,571,190.33,Italy,19,4,4428.69,5,3,5,535,1,Regular,Low
15845.0,11,2128.0,4426.28,25.44,0.0165,279.14,2010-01-26 14:44:00,2011-11-22 09:42:00,665,66.5,United Kingdom,18,11,4426.28,5,5,5,555,1,Regular,Low
17138.0,7,2024.0,4417.27,17.25,0.0176,120.83,2010-02-04 14:19:00,2011-03-09 11:54:00,398,66.33,United Kingdom,276,7,4417.27,2,4,5,245,1,Regular,Very High
16626.0,17,2690.0,4413.1,24.65,0.0639,418.99,2011-03-18 12:27:00,2011-12-09 11:56:00,266,16.63,United Kingdom,1,17,4413.1,5,5,5,555,1,Regular,Low
16563.0,6,2584.0,4412.56,49.58,0.0088,298.87,2009-12-01 18:35:00,2011-10-17 11:51:00,685,137.0,United Kingdom,54,6,4412.56,4,4,5,445,1,Regular,Medium
14211.0,18,2575.0,4402.29,18.34,0.0266,330.27,2009-12-09 12:48:00,2011-10-17 13:23:00,677,39.82,United Kingdom,53,18,4402.29,4,5,5,455,1,Regular,Medium
15203.0,15,4182.0,4400.18,12.83,0.0212,192.03,2009-12-08 18:06:00,2011-11-14 08:16:00,706,50.43,United Kingdom,26,15,4400.18,4,5,5,455,1,Regular,Low
13505.0,4,2486.0,4393.63,20.44,0.025,81.76,2011-04-21 12:07:00,2011-09-28 11:56:00,160,53.33,Switzerland,73,4,4393.63,3,3,5,335,1,Regular,Medium
16732.0,4,2414.0,4387.64,19.85,0.0057,79.2,2009-12-08 13:04:00,2011-11-08 09:54:00,700,233.33,United Kingdom,32,4,4387.64,4,3,5,435,1,Regular,Medium
18272.0,9,2880.0,4385.98,19.41,0.014,174.73,2010-03-04 12:53:00,2011-12-07 12:43:00,643,80.38,United Kingdom,3,9,4385.98,5,5,5,555,1,Regular,Low
14514.0,9,2362.0,4380.04,13.73,0.0135,123.26,2009-12-13 13:21:00,2011-10-09 16:05:00,665,83.13,United Kingdom,61,9,4380.04,3,5,5,355,1,Regular,Medium
16118.0,1,2851.0,4376.25,106.74,,,2010-02-25 09:40:00,2010-02-25 09:40:00,0,,United Kingdom,653,1,4376.25,1,1,5,115,0,Lost,Very High
15861.0,12,3837.0,4369.2,5.54,0.018,66.61,2010-01-28 19:41:00,2011-11-27 15:59:00,668,60.73,United Kingdom,12,12,4369.2,5,5,5,555,1,Regular,Low
13297.0,7,2694.0,4368.62,35.52,0.0131,248.94,2010-06-15 12:35:00,2011-12-02 09:32:00,535,89.17,United Kingdom,8,7,4368.62,5,4,5,545,1,Regular,Low
12752.0,1,2262.0,4366.78,82.39,,,2011-09-19 13:32:00,2011-09-19 13:32:00,0,,Norway,81,1,4366.78,3,1,5,315,1,Regular,Medium
12917.0,6,1104.0,4359.2,87.18,0.01,524.82,2009-12-09 14:22:00,2011-08-03 16:42:00,602,120.4,United Kingdom,128,6,4359.2,3,4,5,345,1,Regular,High
12523.0,23,2263.0,4352.35,17.48,0.0323,402.56,2009-12-07 13:46:00,2011-11-20 12:55:00,713,32.41,France,19,23,4352.35,5,5,5,555,1,Regular,Low
16283.0,8,2867.0,4350.32,7.47,0.0124,59.65,2010-02-28 14:12:00,2011-12-04 12:08:00,644,92.0,United Kingdom,6,8,4350.32,5,4,5,545,1,Regular,Low
17372.0,28,1863.0,4347.31,6.71,0.0402,187.74,2009-12-03 18:41:00,2011-10-30 11:37:00,696,25.78,United Kingdom,41,28,4347.31,4,5,5,455,1,Regular,Medium
12408.0,8,2229.0,4340.77,27.3,0.0172,218.81,2010-07-29 13:27:00,2011-11-07 12:27:00,466,66.57,Belgium,33,8,4340.77,4,4,5,445,1,Regular,Medium
15633.0,13,2048.0,4335.96,24.64,0.0586,320.55,2009-12-08 17:51:00,2010-07-18 13:54:00,222,18.5,United Kingdom,509,13,4335.96,1,5,5,155,0,Lost,Very High
14334.0,12,2986.0,4318.48,16.74,0.0217,200.52,2010-05-20 10:04:00,2011-11-23 10:01:00,552,50.18,United Kingdom,17,12,4318.48,5,5,5,555,1,Regular,Low
12370.0,7,2604.0,4316.56,21.48,0.0113,149.76,2010-02-09 09:41:00,2011-10-19 14:51:00,617,102.83,Austria,51,7,4316.56,4,4,5,445,1,Regular,Medium
17191.0,15,2208.0,4310.34,8.67,0.0211,129.89,2009-12-01 16:34:00,2011-11-11 16:58:00,710,50.71,United Kingdom,28,15,4310.34,4,5,5,455,1,Regular,Low
14482.0,12,2869.0,4306.72,17.65,0.0265,211.41,2010-08-26 14:13:00,2011-11-21 13:14:00,452,41.09,United Kingdom,18,12,4306.72,5,5,5,555,1,Regular,Low
12928.0,12,2899.0,4304.89,24.05,0.0233,288.03,2010-06-08 10:16:00,2011-11-04 14:24:00,514,46.73,United Kingdom,35,12,4304.89,4,5,5,455,1,Regular,Medium
14854.0,11,2987.0,4303.06,20.11,0.0181,221.31,2010-01-22 09:48:00,2011-09-22 17:00:00,608,60.8,United Kingdom,78,11,4303.06,3,5,5,355,1,Regular,Medium
17937.0,7,1754.0,4301.22,100.03,0.0198,701.13,2010-12-12 14:43:00,2011-12-01 11:45:00,354,59.0,United Kingdom,9,7,4301.22,5,4,5,545,1,Regular,Low
13880.0,17,2535.0,4293.86,19.25,0.0314,327.01,2010-05-26 14:29:00,2011-11-18 13:44:00,541,33.81,United Kingdom,21,17,4293.86,4,5,5,455,1,Regular,Low
16858.0,10,1423.0,4292.59,34.07,0.0281,340.82,2009-12-15 11:09:00,2010-12-06 09:52:00,356,39.56,United Kingdom,369,10,4292.59,2,5,5,255,0,Lost,Very High
16125.0,14,1819.0,4292.35,14.96,0.0391,209.41,2009-12-14 15:38:00,2010-12-07 15:48:00,358,27.54,United Kingdom,367,14,4292.35,2,5,5,255,0,Lost,Very High
18230.0,9,1996.0,4291.06,30.65,0.0174,275.19,2010-07-02 10:01:00,2011-11-30 13:22:00,516,64.5,United Kingdom,9,9,4291.06,5,5,5,555,1,Regular,Low
14307.0,10,2816.0,4287.92,16.37,0.0155,163.41,2009-12-07 13:06:00,2011-09-12 09:38:00,644,71.56,United Kingdom,89,10,4287.92,3,5,5,355,1,Regular,Medium
16293.0,15,1833.0,4279.2,19.02,0.0212,285.08,2009-12-11 09:58:00,2011-11-18 09:58:00,707,50.5,United Kingdom,22,15,4279.2,4,5,5,455,1,Regular,Low
16081.0,8,2177.0,4278.96,11.63,0.0129,92.72,2010-02-03 12:46:00,2011-10-14 13:06:00,618,88.29,United Kingdom,56,8,4278.96,4,4,5,445,1,Regular,Medium
17930.0,13,3795.0,4275.22,49.14,0.0213,638.48,2010-03-04 10:41:00,2011-11-04 10:23:00,610,50.83,United Kingdom,36,13,4275.22,4,5,5,455,1,Regular,Medium
14466.0,13,2507.0,4267.15,20.71,0.0187,269.93,2009-12-13 15:44:00,2011-11-10 14:07:00,697,58.08,United Kingdom,29,13,4267.15,4,5,5,455,1,Regular,Low
14239.0,21,1729.0,4263.17,20.3,0.0304,426.43,2009-12-05 12:36:00,2011-10-27 14:40:00,691,34.55,United Kingdom,43,21,4263.17,4,5,5,455,1,Regular,Medium
12360.0,8,2459.0,4252.89,19.6,0.0133,157.19,2010-02-22 09:32:00,2011-10-18 15:22:00,603,86.14,Austria,52,8,4252.89,4,4,5,445,1,Regular,Medium
16571.0,10,3703.0,4248.74,16.66,0.0165,166.31,2010-03-18 09:12:00,2011-11-13 11:46:00,605,67.22,United Kingdom,27,10,4248.74,4,5,5,455,1,Regular,Low
12935.0,15,3201.0,4243.86,16.71,0.0248,250.72,2010-04-11 15:59:00,2011-12-07 17:25:00,605,43.21,United Kingdom,2,15,4243.86,5,5,5,555,1,Regular,Low
17728.0,5,2146.0,4238.76,17.37,0.0111,86.76,2010-09-12 14:58:00,2011-12-06 08:52:00,450,112.5,United Kingdom,4,5,4238.76,5,4,5,545,1,Regular,Low
13911.0,20,4487.0,4234.99,17.79,0.0338,355.37,2010-03-01 16:31:00,2011-10-13 15:43:00,591,31.11,United Kingdom,57,20,4234.99,4,5,5,455,1,Regular,Medium
16875.0,11,2099.0,4234.53,18.41,0.0173,202.56,2010-01-05 09:16:00,2011-10-03 13:39:00,636,63.6,United Kingdom,67,11,4234.53,3,5,5,355,1,Regular,Medium
16712.0,13,2074.0,4232.87,8.12,0.0332,105.68,2010-11-03 15:45:00,2011-11-30 13:48:00,392,32.67,United Kingdom,9,13,4232.87,5,5,5,555,1,Regular,Low
14001.0,9,1779.0,4228.85,41.06,0.0201,369.74,2010-08-03 12:49:00,2011-10-25 10:31:00,448,56.0,United Kingdom,46,9,4228.85,4,5,5,455,1,Regular,Medium
17412.0,16,2554.0,4220.22,18.51,0.0218,296.59,2009-12-02 13:51:00,2011-12-07 11:36:00,735,49.0,United Kingdom,3,16,4220.22,5,5,5,555,1,Regular,Low
16743.0,14,3707.0,4212.15,11.35,0.0247,158.96,2010-04-22 13:21:00,2011-11-10 13:13:00,567,43.62,United Kingdom,29,14,4212.15,4,5,5,455,1,Regular,Low
15804.0,13,2565.0,4206.39,16.05,0.0657,208.79,2011-05-25 10:12:00,2011-12-09 12:31:00,198,16.5,United Kingdom,1,13,4206.39,5,5,5,555,1,Regular,Low
18079.0,5,8730.0,4203.93,30.91,0.0112,154.4,2010-08-05 12:19:00,2011-10-25 15:27:00,446,111.5,United Kingdom,45,5,4203.93,4,4,5,445,1,Regular,Medium
15518.0,15,2810.0,4189.99,9.35,0.0229,140.25,2009-12-20 12:21:00,2011-10-06 13:05:00,655,46.79,United Kingdom,64,15,4189.99,3,5,5,355,1,Regular,Medium
17406.0,13,1847.0,4186.95,17.59,0.0325,228.67,2009-12-06 13:45:00,2011-01-10 15:07:00,400,33.33,United Kingdom,333,13,4186.95,2,5,5,255,0,Lost,Very High
14868.0,12,2230.0,4184.01,19.83,0.0288,238.15,2010-10-15 14:52:00,2011-12-06 14:49:00,417,37.91,United Kingdom,3,12,4184.01,5,5,5,555,1,Regular,Low
17738.0,13,2776.0,4183.56,18.19,0.0213,236.73,2010-03-19 10:07:00,2011-11-20 15:05:00,611,50.92,United Kingdom,19,13,4183.56,5,5,5,555,1,Regular,Low
18287.0,7,3013.0,4182.99,26.99,0.0132,188.47,2010-05-17 11:55:00,2011-10-28 09:29:00,529,88.17,United Kingdom,43,7,4182.99,4,4,5,445,1,Regular,Medium
16072.0,4,1580.0,4180.09,7.87,0.0153,31.43,2010-06-08 16:47:00,2011-02-24 14:32:00,261,87.0,United Kingdom,288,4,4180.09,2,3,5,235,0,Lost,Very High
17673.0,13,3284.0,4173.88,8.23,0.0207,107.16,2010-03-19 14:02:00,2011-12-08 12:50:00,629,52.42,United Kingdom,2,13,4173.88,5,5,5,555,1,Regular,Low
18194.0,6,1774.0,4162.04,148.64,0.01,888.87,2010-01-28 15:30:00,2011-09-18 13:29:00,598,119.6,United Kingdom,82,6,4162.04,3,4,5,345,1,Regular,Medium
14740.0,11,2081.0,4161.06,18.01,0.0242,198.31,2010-02-25 11:40:00,2011-05-26 18:17:00,455,45.5,United Kingdom,197,11,4161.06,2,5,5,255,1,Regular,Very High
12653.0,3,1681.0,4160.83,48.38,0.0079,144.47,2010-07-01 09:56:00,2011-07-14 10:41:00,378,189.0,Israel,149,3,4160.83,3,3,5,335,1,Regular,High
13461.0,6,3132.0,4160.0,67.1,0.0107,401.35,2010-04-21 16:01:00,2011-11-01 09:01:00,559,111.8,United Kingdom,39,6,4160.0,4,4,5,445,1,Regular,Medium
16749.0,2,1910.0,4157.88,57.75,0.015,115.21,2009-12-15 14:05:00,2010-04-27 13:06:00,133,133.0,United Kingdom,591,2,4157.88,1,2,5,125,0,Lost,Very High
16209.0,9,1895.0,4146.78,61.89,0.0197,558.41,2010-06-11 11:58:00,2011-09-12 11:58:00,458,57.25,United Kingdom,89,9,4146.78,3,5,5,355,1,Regular,Medium
15002.0,9,2214.0,4138.08,12.28,0.0155,110.59,2010-01-12 11:40:00,2011-08-16 10:44:00,581,72.63,United Kingdom,116,9,4138.08,3,5,5,355,1,Regular,High
12569.0,32,1801.0,4124.69,21.94,0.128,702.08,2011-04-01 13:47:00,2011-12-07 16:24:00,250,8.06,Germany,2,32,4124.69,5,5,5,555,1,Regular,Low
15493.0,9,1206.0,4121.68,6.73,0.0145,60.7,2010-02-23 11:14:00,2011-11-07 12:04:00,622,77.75,United Kingdom,33,9,4121.68,4,5,5,455,1,Regular,Medium
13450.0,13,4318.0,4120.04,28.03,0.0225,363.9,2010-04-15 19:15:00,2011-11-13 11:54:00,577,48.08,United Kingdom,27,13,4120.04,4,5,5,455,1,Regular,Low
14408.0,11,2438.0,4102.27,32.05,0.0152,351.73,2009-12-07 12:18:00,2011-11-29 11:41:00,722,72.2,United Kingdom,11,11,4102.27,5,5,5,555,1,Regular,Low
16477.0,11,2507.0,4094.37,16.64,0.0261,182.84,2010-08-12 09:43:00,2011-10-07 09:44:00,421,42.1,United Kingdom,64,11,4094.37,3,5,5,355,1,Regular,Medium
14566.0,4,2400.0,4092.0,255.75,0.0095,1027.73,2010-06-24 10:34:00,2011-08-21 11:05:00,423,141.0,Channel Islands,111,4,4092.0,3,3,5,335,1,Regular,High
15050.0,5,2600.0,4087.19,27.43,0.011,137.29,2010-08-16 12:00:00,2011-11-14 16:17:00,455,113.75,United Kingdom,25,5,4087.19,4,4,5,445,1,Regular,Low
12876.0,4,3047.0,4081.79,24.01,0.0075,95.98,2010-04-28 13:26:00,2011-10-13 12:26:00,533,177.67,Belgium,58,4,4081.79,4,3,5,435,1,Regular,Medium
18077.0,18,3020.0,4078.79,11.55,0.0249,208.22,2009-12-07 11:40:00,2011-12-01 13:32:00,724,42.59,United Kingdom,8,18,4078.79,5,5,5,555,1,Regular,Low
14878.0,25,2416.0,4076.5,11.05,0.0388,276.11,2010-02-21 11:14:00,2011-11-27 11:15:00,644,26.83,United Kingdom,13,25,4076.5,5,5,5,555,1,Regular,Low
14913.0,8,3955.0,4073.13,16.49,0.0178,132.08,2010-08-11 08:40:00,2011-11-04 08:29:00,450,64.29,United Kingdom,36,8,4073.13,4,4,5,445,1,Regular,Medium
12371.0,5,1436.0,4067.38,24.36,0.0083,121.51,2010-03-04 18:23:00,2011-10-26 10:16:00,601,150.25,Switzerland,45,5,4067.38,4,4,5,445,1,Regular,Medium
17682.0,11,2281.0,4065.28,18.48,0.0174,202.9,2010-03-08 09:49:00,2011-11-29 15:59:00,631,63.1,United Kingdom,10,11,4065.28,5,5,5,555,1,Regular,Low
13421.0,8,2351.0,4058.75,15.32,0.0128,122.17,2010-02-14 14:45:00,2011-10-30 14:21:00,623,89.0,United Kingdom,40,8,4058.75,4,4,5,445,1,Regular,Medium
14025.0,8,1914.0,4057.9,40.99,0.0672,327.79,2010-05-05 09:56:00,2010-09-01 10:11:00,119,17.0,United Kingdom,465,8,4057.9,1,4,5,145,0,Lost,Very High
17083.0,9,1955.0,4049.79,35.22,0.0161,316.98,2010-02-09 11:46:00,2011-08-22 15:43:00,559,69.88,United Kingdom,109,9,4049.79,3,5,5,355,1,Regular,High
13048.0,9,2661.0,4049.13,15.28,0.0135,137.59,2010-01-27 12:55:00,2011-11-25 13:23:00,667,83.38,United Kingdom,14,9,4049.13,5,5,5,555,1,Regular,Low
12840.0,7,2258.0,4041.97,22.97,0.0132,161.0,2010-02-03 14:51:00,2011-07-19 09:29:00,531,88.5,United Kingdom,144,7,4041.97,3,4,5,345,1,Regular,High
15680.0,10,2743.0,4028.69,17.07,0.0137,170.25,2009-12-02 12:15:00,2011-11-30 13:46:00,728,80.89,United Kingdom,9,10,4028.69,5,5,5,555,1,Regular,Low
14824.0,10,1954.0,4022.91,25.46,0.0159,253.82,2010-03-12 13:07:00,2011-11-29 14:20:00,627,69.67,United Kingdom,10,10,4022.91,5,5,5,555,1,Regular,Low
12726.0,11,4618.0,4014.6,22.43,0.0185,247.31,2010-03-25 16:25:00,2011-11-11 13:35:00,596,59.6,France,28,11,4014.6,4,5,5,455,1,Regular,Low
15782.0,4,1844.0,4014.1,65.8,0.0095,263.17,2010-10-05 15:43:00,2011-11-30 10:49:00,421,140.33,United Kingdom,10,4,4014.1,5,3,5,535,1,Regular,Low
12721.0,8,2655.0,4013.08,16.79,0.0182,134.45,2010-08-25 11:07:00,2011-11-08 12:13:00,440,62.86,France,32,8,4013.08,4,4,5,445,1,Regular,Medium
16098.0,14,2008.0,4010.7,26.74,0.022,374.73,2009-12-15 09:40:00,2011-09-13 09:59:00,637,49.0,United Kingdom,88,14,4010.7,3,5,5,355,1,Regular,Medium
13895.0,6,2060.0,4008.52,21.55,0.0085,129.69,2009-12-03 13:09:00,2011-11-11 16:57:00,708,141.6,United Kingdom,28,6,4008.52,4,4,5,445,1,Regular,Low
16841.0,12,3478.0,4006.06,18.29,0.0182,219.7,2010-01-12 11:32:00,2011-11-03 11:51:00,660,60.0,United Kingdom,37,12,4006.06,4,5,5,455,1,Regular,Medium
16150.0,10,1990.0,4002.17,18.53,0.0147,185.23,2009-12-17 15:33:00,2011-10-28 12:39:00,680,75.56,United Kingdom,43,10,4002.17,4,5,5,455,1,Regular,Medium
17618.0,11,1798.0,4001.64,11.21,0.0162,123.31,2010-01-24 11:03:00,2011-12-04 11:50:00,679,67.9,United Kingdom,6,11,4001.64,5,5,5,555,1,Regular,Low
17307.0,11,3667.0,3999.89,83.33,0.0374,916.26,2010-01-19 16:38:00,2010-11-09 13:40:00,294,29.4,United Kingdom,395,11,3999.89,2,5,5,255,0,Lost,Very High
16455.0,11,2851.0,3995.57,19.49,0.0198,214.56,2010-03-30 10:31:00,2011-10-07 12:17:00,556,55.6,United Kingdom,64,11,3995.57,3,5,5,355,1,Regular,Medium
16241.0,16,2258.0,3992.86,4.15,0.0399,66.4,2010-10-25 13:40:00,2011-11-30 11:08:00,401,26.73,United Kingdom,10,16,3992.86,5,5,5,555,1,Regular,Low
15665.0,5,2777.0,3987.07,13.94,0.0107,69.66,2010-03-14 15:07:00,2011-06-24 14:57:00,467,116.75,United Kingdom,168,5,3987.07,3,4,5,345,1,Regular,High
14547.0,8,2639.0,3974.75,11.2,0.1569,89.62,2011-10-16 14:35:00,2011-12-06 11:06:00,51,7.29,United Kingdom,4,8,3974.75,5,4,5,545,1,Regular,Low
16218.0,13,2799.0,3968.67,29.18,0.0244,378.78,2010-05-27 16:09:00,2011-11-10 09:59:00,532,44.33,United Kingdom,30,13,3968.67,4,5,5,455,1,Regular,Low
14047.0,14,1541.0,3968.11,26.11,0.021,366.27,2010-02-01 10:05:00,2011-12-01 11:43:00,668,51.38,United Kingdom,9,14,3968.11,5,5,5,555,1,Regular,Low
15572.0,10,2089.0,3965.2,11.56,0.0167,115.83,2010-04-14 14:38:00,2011-12-05 10:09:00,600,66.67,United Kingdom,5,10,3965.2,5,5,5,555,1,Regular,Low
14817.0,7,2462.0,3959.86,17.22,0.0164,120.59,2010-03-22 12:10:00,2011-05-23 13:35:00,427,71.17,United Kingdom,200,7,3959.86,2,4,5,245,1,Regular,Very High
13542.0,17,804.0,3959.49,11.96,0.0482,203.49,2009-12-10 19:53:00,2010-11-28 11:24:00,353,22.06,United Kingdom,377,17,3959.49,2,5,5,255,0,Lost,Very High
16791.0,15,1854.0,3957.63,5.81,0.0212,87.08,2009-12-03 18:08:00,2011-11-10 19:12:00,707,50.5,United Kingdom,29,15,3957.63,4,5,5,455,1,Regular,Low
13982.0,9,2478.0,3954.29,17.57,0.0139,158.5,2010-01-20 14:04:00,2011-10-31 16:24:00,649,81.13,United Kingdom,39,9,3954.29,4,5,5,455,1,Regular,Medium
17667.0,9,2192.0,3950.7,17.18,0.0153,154.56,2010-02-23 09:57:00,2011-10-04 14:32:00,588,73.5,United Kingdom,66,9,3950.7,3,5,5,355,1,Regular,Medium
16771.0,10,2308.0,3949.6,9.68,0.0143,96.48,2009-12-09 11:52:00,2011-11-06 13:28:00,697,77.44,United Kingdom,33,10,3949.6,4,5,5,455,1,Regular,Medium
18259.0,7,1274.0,3941.9,46.38,0.0099,324.63,2009-12-08 08:38:00,2011-11-15 12:34:00,707,117.83,United Kingdom,25,7,3941.9,4,4,5,445,1,Regular,Low
17526.0,12,1442.0,3939.24,42.82,0.0167,513.44,2009-12-17 16:18:00,2011-12-05 11:05:00,718,65.27,United Kingdom,5,12,3939.24,5,5,5,555,1,Regular,Low
15819.0,10,2928.0,3934.79,15.13,0.0172,151.46,2010-03-18 11:08:00,2011-10-21 14:50:00,582,64.67,United Kingdom,49,10,3934.79,4,5,5,455,1,Regular,Medium
12473.0,5,2414.0,3928.05,23.52,0.0309,117.74,2011-06-01 10:15:00,2011-11-10 13:46:00,162,40.5,Germany,29,5,3928.05,4,4,5,445,1,Regular,Low
15051.0,9,3052.0,3926.91,13.59,0.0126,122.43,2009-12-01 13:29:00,2011-11-16 15:38:00,715,89.38,United Kingdom,23,9,3926.91,4,5,5,455,1,Regular,Low
14465.0,11,2539.0,3925.85,20.34,0.0242,223.96,2010-01-07 15:03:00,2011-04-07 12:38:00,455,45.5,United Kingdom,247,11,3925.85,2,5,5,255,1,Regular,Very High
15752.0,9,2792.0,3924.91,6.7,0.0215,60.21,2010-09-08 11:56:00,2011-10-31 11:37:00,418,52.25,United Kingdom,40,9,3924.91,4,5,5,455,1,Regular,Medium
13037.0,12,2130.0,3914.95,16.87,0.0201,202.77,2009-12-03 17:04:00,2011-07-24 15:46:00,598,54.36,United Kingdom,138,12,3914.95,3,5,5,355,1,Regular,High
12853.0,11,1668.0,3907.5,26.4,0.0204,289.75,2010-02-05 11:57:00,2011-07-28 11:29:00,538,53.8,United Kingdom,135,11,3907.5,3,5,5,355,1,Regular,High
13995.0,14,2359.0,3902.01,16.97,0.0198,237.22,2009-12-18 12:43:00,2011-11-24 14:22:00,706,54.31,United Kingdom,15,14,3902.01,5,5,5,555,1,Regular,Low
12388.0,8,2001.0,3901.11,26.72,0.0141,213.62,2010-05-06 12:54:00,2011-11-24 12:30:00,567,81.0,Australia,16,8,3901.11,5,4,5,545,1,Regular,Low
14498.0,10,2120.0,3900.83,10.57,0.0197,105.78,2010-06-07 16:05:00,2011-10-28 12:09:00,508,56.44,United Kingdom,43,10,3900.83,4,5,5,455,1,Regular,Medium
17646.0,12,1308.0,3898.79,19.89,0.0238,238.58,2009-12-16 09:37:00,2011-05-04 13:17:00,504,45.82,United Kingdom,219,12,3898.79,2,5,5,255,1,Regular,Very High
16928.0,29,2587.0,3897.53,12.22,0.0488,354.22,2010-02-03 12:30:00,2011-09-20 15:10:00,594,21.21,United Kingdom,80,29,3897.53,3,5,5,355,1,Regular,Medium
15571.0,14,2411.0,3892.35,6.49,0.0194,90.9,2009-12-06 12:10:00,2011-11-28 10:02:00,722,55.54,United Kingdom,12,14,3892.35,5,5,5,555,1,Regular,Low
17218.0,18,2066.0,3891.39,8.26,0.0265,148.63,2010-01-25 16:12:00,2011-12-05 13:52:00,679,39.94,United Kingdom,4,18,3891.39,5,5,5,555,1,Regular,Low
15708.0,9,1465.0,3887.15,11.53,0.0234,103.87,2010-10-10 11:33:00,2011-10-30 10:54:00,385,48.13,United Kingdom,41,9,3887.15,4,5,5,455,1,Regular,Medium
12358.0,5,1079.0,3887.07,50.48,0.0068,250.58,2009-12-08 07:59:00,2011-12-08 10:26:00,730,182.5,Austria,2,5,3887.07,5,4,5,545,1,Regular,Low
15823.0,3,1774.0,3882.17,25.05,0.0084,75.54,2009-12-08 15:12:00,2010-12-02 15:08:00,359,179.5,United Kingdom,372,3,3882.17,2,3,5,235,0,Lost,Very High
13446.0,11,2403.0,3881.89,20.22,0.0472,222.37,2010-02-14 11:52:00,2010-10-05 18:51:00,233,23.3,United Kingdom,430,11,3881.89,1,5,5,155,0,Lost,Very High
15696.0,13,1386.0,3881.22,17.56,0.02,228.63,2010-01-24 14:36:00,2011-11-06 14:02:00,651,54.25,United Kingdom,33,13,3881.22,4,5,5,455,1,Regular,Medium
14655.0,7,2341.0,3878.51,37.66,0.0119,263.51,2010-04-22 14:29:00,2011-12-01 16:28:00,588,98.0,United Kingdom,8,7,3878.51,5,4,5,545,1,Regular,Low
15067.0,5,2151.0,3862.88,21.82,0.0095,109.66,2010-04-11 15:54:00,2011-09-22 13:20:00,529,132.25,United Kingdom,78,5,3862.88,3,4,5,345,1,Regular,Medium
15195.0,1,1404.0,3861.0,3861.0,,,2011-12-07 12:20:00,2011-12-07 12:20:00,0,,United Kingdom,3,1,3861.0,5,1,5,515,1,Regular,Low
18073.0,12,3102.0,3859.82,53.61,0.1446,643.42,2011-05-26 19:38:00,2011-08-17 14:02:00,83,7.55,United Kingdom,114,12,3859.82,3,5,5,355,1,Regular,High
14565.0,5,1940.0,3859.22,24.12,0.0132,120.35,2010-08-23 09:48:00,2011-09-05 09:07:00,378,94.5,United Kingdom,96,5,3859.22,3,4,5,345,1,Regular,High
16440.0,6,2108.0,3856.97,12.56,0.0123,75.08,2010-08-03 11:32:00,2011-12-02 12:02:00,486,97.2,United Kingdom,8,6,3856.97,5,4,5,545,1,Regular,Low
16057.0,10,1691.0,3854.85,17.68,0.0146,176.82,2010-01-07 17:11:00,2011-11-23 15:23:00,685,76.11,United Kingdom,16,10,3854.85,5,5,5,555,1,Regular,Low
13213.0,11,2962.0,3851.52,18.88,0.0215,207.83,2010-05-20 14:50:00,2011-10-14 11:42:00,512,51.2,United Kingdom,57,11,3851.52,4,5,5,455,1,Regular,Medium
16341.0,7,3022.0,3850.79,24.37,0.012,171.08,2010-04-09 10:30:00,2011-11-15 09:12:00,585,97.5,United Kingdom,25,7,3850.79,4,4,5,445,1,Regular,Low
14532.0,11,1111.0,3845.78,12.25,0.0238,134.7,2010-01-10 11:47:00,2011-04-17 13:05:00,462,46.2,United Kingdom,236,11,3845.78,2,5,5,255,1,Regular,Very High
13481.0,11,2055.0,3830.84,17.1,0.0159,187.6,2009-12-04 12:37:00,2011-10-25 09:07:00,690,69.0,United Kingdom,46,11,3830.84,4,5,5,455,1,Regular,Medium
17287.0,21,1955.0,3826.86,8.27,0.0296,173.8,2009-12-03 12:45:00,2011-11-13 13:27:00,710,35.5,United Kingdom,26,21,3826.86,4,5,5,455,1,Regular,Low
12597.0,4,2236.0,3811.22,18.5,0.0161,74.16,2011-03-16 14:00:00,2011-11-20 13:33:00,249,83.0,Spain,19,4,3811.22,5,3,5,535,1,Regular,Low
13357.0,5,2112.0,3805.51,9.66,0.0135,48.25,2010-03-22 14:30:00,2011-03-27 13:56:00,370,92.5,United Kingdom,257,5,3805.51,2,4,5,245,1,Regular,Very High
15421.0,10,1927.0,3805.34,12.04,0.0148,120.1,2009-12-07 15:10:00,2011-10-12 09:20:00,674,74.89,United Kingdom,59,10,3805.34,4,5,5,455,1,Regular,Medium
17954.0,19,3180.0,3804.38,5.12,0.0262,97.25,2009-12-09 13:22:00,2011-12-04 14:15:00,725,40.28,United Kingdom,5,19,3804.38,5,5,5,555,1,Regular,Low
16636.0,4,2186.0,3802.04,52.08,0.0192,207.99,2010-03-03 14:06:00,2010-09-27 13:13:00,208,69.33,United Kingdom,438,4,3802.04,1,3,5,135,0,Lost,Very High
16128.0,11,2445.0,3801.05,20.88,0.0223,230.02,2010-07-16 16:30:00,2011-11-22 11:14:00,494,49.4,United Kingdom,18,11,3801.05,5,5,5,555,1,Regular,Low
17071.0,13,1934.0,3793.71,17.98,0.0198,233.54,2010-01-24 13:05:00,2011-11-11 16:31:00,656,54.67,United Kingdom,28,13,3793.71,4,5,5,455,1,Regular,Low
12619.0,10,3518.0,3781.38,37.81,0.0184,378.46,2010-05-28 12:52:00,2011-11-23 14:52:00,544,60.44,Germany,16,10,3781.38,5,5,5,555,1,Regular,Low
14309.0,11,2583.0,3780.81,20.0,0.0203,220.05,2010-06-07 10:24:00,2011-12-01 13:33:00,542,54.2,United Kingdom,8,11,3780.81,5,5,5,555,1,Regular,Low
13126.0,13,3289.0,3774.81,15.86,0.0202,206.0,2010-03-02 12:24:00,2011-12-05 10:00:00,643,53.58,United Kingdom,5,13,3774.81,5,5,5,555,1,Regular,Low
17211.0,13,2141.0,3773.35,10.97,0.0186,142.83,2009-12-13 13:17:00,2011-11-13 12:03:00,700,58.33,United Kingdom,27,13,3773.35,4,5,5,455,1,Regular,Low
16466.0,15,1777.0,3767.09,11.21,0.0246,167.94,2010-03-07 14:31:00,2011-11-06 11:35:00,609,43.5,United Kingdom,34,15,3767.09,4,5,5,455,1,Regular,Medium
17173.0,8,1122.0,3766.6,43.8,0.0635,350.44,2011-07-31 15:26:00,2011-12-04 14:40:00,126,18.0,United Kingdom,5,8,3766.6,5,4,5,545,1,Regular,Low
15834.0,7,1815.0,3764.39,10.07,0.0198,70.58,2010-10-11 14:05:00,2011-09-30 14:41:00,354,59.0,United Kingdom,70,7,3764.39,3,4,5,345,1,Regular,Medium
12670.0,7,1627.0,3760.29,32.7,0.0107,229.53,2010-02-11 10:13:00,2011-11-29 15:23:00,656,109.33,France,10,7,3760.29,5,4,5,545,1,Regular,Low
12530.0,9,2713.0,3759.26,23.79,0.0154,213.59,2010-03-07 14:37:00,2011-10-11 12:34:00,583,72.88,Germany,60,9,3759.26,3,5,5,355,1,Regular,Medium
17553.0,4,2288.0,3757.6,626.27,0.0083,2500.26,2010-04-08 09:44:00,2011-08-02 10:00:00,481,160.33,United Kingdom,130,4,3757.6,3,3,5,335,1,Regular,High
17293.0,17,2228.0,3750.63,15.56,0.0234,265.07,2009-12-03 15:09:00,2011-12-01 14:37:00,728,45.5,United Kingdom,8,17,3750.63,5,5,5,555,1,Regular,Low
12623.0,7,1971.0,3747.84,21.66,0.0167,151.92,2010-01-12 11:45:00,2011-03-08 13:50:00,420,70.0,Germany,276,7,3747.84,2,4,5,245,1,Regular,Very High
15370.0,8,1397.0,3739.01,25.97,0.0216,207.55,2010-10-25 12:08:00,2011-10-30 10:58:00,370,52.86,United Kingdom,41,8,3739.01,4,4,5,445,1,Regular,Medium
15532.0,10,1337.0,3738.85,6.06,0.0191,60.65,2010-06-08 14:52:00,2011-11-14 14:51:00,524,58.22,United Kingdom,25,10,3738.85,4,5,5,455,1,Regular,Low
15704.0,6,1709.0,3734.66,18.31,0.0135,109.5,2010-05-05 14:51:00,2011-07-22 13:35:00,443,88.6,United Kingdom,140,6,3734.66,3,4,5,345,1,Regular,High
14515.0,12,1893.0,3724.06,21.53,0.0225,258.2,2010-06-07 12:37:00,2011-11-22 11:37:00,533,48.45,United Kingdom,18,12,3724.06,5,5,5,555,1,Regular,Low
12502.0,5,820.0,3723.87,25.33,0.0234,126.84,2011-02-03 10:41:00,2011-09-05 11:52:00,214,53.5,Spain,96,5,3723.87,3,4,5,345,1,Regular,High
16240.0,2,1641.0,3718.8,27.55,0.0377,55.05,2011-09-23 13:44:00,2011-11-15 14:30:00,53,53.0,United Kingdom,24,2,3718.8,4,2,5,425,1,Regular,Low
14364.0,8,1967.0,3717.35,53.87,0.0777,431.13,2011-05-12 12:56:00,2011-08-23 11:01:00,103,14.71,United Kingdom,109,8,3717.35,3,4,5,345,1,Regular,High
15288.0,10,1336.0,3715.38,24.28,0.0161,243.14,2010-02-12 15:27:00,2011-10-27 16:58:00,622,69.11,United Kingdom,43,10,3715.38,4,5,5,455,1,Regular,Medium
12737.0,2,2.0,3710.5,1855.25,,,2010-07-29 12:27:00,2010-07-29 12:29:00,0,0.0,France,499,2,3710.5,1,2,5,125,0,Lost,Very High
14540.0,11,1595.0,3709.64,14.05,0.0152,154.4,2009-12-07 13:00:00,2011-11-30 10:15:00,723,72.3,United Kingdom,10,11,3709.64,5,5,5,555,1,Regular,Low
14776.0,15,4658.0,3708.3,19.52,0.038,293.0,2010-09-19 14:12:00,2011-10-19 15:34:00,395,28.21,United Kingdom,51,15,3708.3,4,5,5,455,1,Regular,Medium
15255.0,9,2214.0,3706.02,19.71,0.0134,176.96,2009-12-03 09:10:00,2011-10-04 12:43:00,670,83.75,United Kingdom,67,9,3706.02,3,5,5,355,1,Regular,Medium
15494.0,5,3052.0,3702.6,10.06,0.0071,50.57,2009-12-10 20:16:00,2011-11-18 14:51:00,708,177.0,United Kingdom,21,5,3702.6,4,4,5,445,1,Regular,Low
16772.0,3,687.0,3698.05,54.38,0.0101,163.67,2009-12-18 10:50:00,2010-10-12 13:19:00,298,149.0,United Kingdom,423,3,3698.05,1,3,5,135,0,Lost,Very High
17096.0,11,1559.0,3697.93,18.04,0.0204,198.73,2010-06-02 14:48:00,2011-11-24 15:01:00,540,54.0,United Kingdom,15,11,3697.93,5,5,5,555,1,Regular,Low
16094.0,11,2020.0,3695.56,18.85,0.0186,207.21,2010-04-16 14:00:00,2011-11-28 12:45:00,591,59.1,United Kingdom,12,11,3695.56,5,5,5,555,1,Regular,Low
12857.0,6,1420.0,3688.0,30.48,0.0127,183.1,2010-01-25 15:37:00,2011-05-13 10:20:00,473,94.6,United Kingdom,211,6,3688.0,2,4,5,245,1,Regular,Very High
12468.0,5,2201.0,3670.74,24.47,0.0101,122.34,2010-01-26 10:09:00,2011-06-05 11:36:00,495,123.75,Germany,188,5,3670.74,3,4,5,345,1,Regular,Very High
14593.0,12,1848.0,3665.53,6.0,0.0169,71.89,2009-12-09 12:57:00,2011-11-18 12:48:00,709,64.45,United Kingdom,22,12,3665.53,4,5,5,455,1,Regular,Low
14744.0,14,2399.0,3660.08,31.02,0.0253,434.78,2010-05-18 14:06:00,2011-11-23 12:51:00,554,42.62,United Kingdom,16,14,3660.08,5,5,5,555,1,Regular,Low
14857.0,7,2081.0,3651.85,17.14,0.0122,120.24,2010-03-15 11:00:00,2011-10-11 09:23:00,575,95.83,United Kingdom,60,7,3651.85,3,4,5,345,1,Regular,Medium
14649.0,9,2415.0,3651.19,6.93,0.0132,62.57,2010-01-20 13:10:00,2011-12-05 12:30:00,684,85.5,United Kingdom,5,9,3651.19,5,5,5,555,1,Regular,Low
14640.0,10,1645.0,3649.36,17.98,0.0151,179.73,2010-01-22 15:44:00,2011-11-15 13:07:00,662,73.56,United Kingdom,24,10,3649.36,4,5,5,455,1,Regular,Low
13632.0,8,1633.0,3645.81,16.57,0.0136,132.28,2010-04-07 10:59:00,2011-11-15 10:51:00,587,83.86,United Kingdom,25,8,3645.81,4,4,5,445,1,Regular,Low
17063.0,13,1899.0,3638.53,17.75,0.0181,230.35,2009-12-01 12:36:00,2011-11-18 16:19:00,717,59.75,United Kingdom,21,13,3638.53,4,5,5,455,1,Regular,Low
14770.0,8,1598.0,3637.64,18.47,0.019,147.39,2010-02-25 18:58:00,2011-04-21 14:21:00,420,60.0,United Kingdom,232,8,3637.64,2,4,5,245,1,Regular,Very High
16748.0,14,2127.0,3637.33,22.04,0.0197,309.14,2009-12-10 12:28:00,2011-11-22 10:17:00,712,54.77,United Kingdom,18,14,3637.33,5,5,5,555,1,Regular,Low
16053.0,6,3067.0,3634.84,18.74,0.0104,112.65,2010-04-08 11:11:00,2011-11-07 11:21:00,578,115.6,United Kingdom,33,6,3634.84,4,4,5,445,1,Regular,Medium
17528.0,8,2138.0,3628.5,14.34,0.1143,114.73,2011-09-29 13:04:00,2011-12-08 13:27:00,70,10.0,United Kingdom,1,8,3628.5,5,4,5,545,1,Regular,Low
16444.0,17,1945.0,3625.88,9.77,0.0294,166.31,2010-03-24 14:06:00,2011-10-24 13:50:00,579,36.19,United Kingdom,46,17,3625.88,4,5,5,455,1,Regular,Medium
15079.0,11,1459.0,3625.4,25.71,0.0212,282.88,2009-12-08 11:22:00,2011-05-11 12:45:00,519,51.9,United Kingdom,213,11,3625.4,2,5,5,255,1,Regular,Very High
13305.0,16,2228.0,3616.41,18.08,0.0252,289.32,2010-03-10 14:49:00,2011-12-05 15:15:00,635,42.33,United Kingdom,4,16,3616.41,5,5,5,555,1,Regular,Low
16503.0,11,1535.0,3614.34,16.97,0.0256,186.81,2010-06-21 14:07:00,2011-08-25 11:46:00,430,43.0,United Kingdom,107,11,3614.34,3,5,5,355,1,Regular,High
15505.0,5,2390.0,3610.96,37.23,0.0485,185.98,2011-07-07 13:33:00,2011-10-18 07:56:00,103,25.75,United Kingdom,53,5,3610.96,4,4,5,445,1,Regular,Medium
15791.0,5,1970.0,3608.34,21.61,0.0084,108.55,2010-03-08 09:41:00,2011-10-27 10:14:00,598,149.5,United Kingdom,44,5,3608.34,4,4,5,445,1,Regular,Medium
18242.0,8,2021.0,3605.21,25.75,0.0128,206.0,2010-01-11 08:49:00,2011-09-28 13:43:00,625,89.29,United Kingdom,72,8,3605.21,3,4,5,345,1,Regular,Medium
15827.0,28,1715.0,3603.14,16.6,0.0447,465.25,2010-01-08 11:25:00,2011-09-27 15:35:00,627,23.22,United Kingdom,73,28,3603.14,3,5,5,355,1,Regular,Medium
17019.0,11,2396.0,3602.29,5.6,0.0152,61.8,2009-12-02 11:52:00,2011-11-28 13:06:00,726,72.6,United Kingdom,11,11,3602.29,5,5,5,555,1,Regular,Low
13750.0,11,1370.0,3602.18,48.03,0.0195,528.23,2010-04-01 14:49:00,2011-10-17 12:16:00,564,56.4,United Kingdom,54,11,3602.18,4,5,5,455,1,Regular,Medium
16325.0,12,2464.0,3597.5,26.07,0.0174,312.54,2009-12-04 13:21:00,2011-10-24 08:48:00,689,62.64,United Kingdom,47,12,3597.5,4,5,5,455,1,Regular,Medium
17422.0,11,3538.0,3594.76,17.54,0.0212,192.62,2010-06-23 10:19:00,2011-11-23 13:27:00,518,51.8,United Kingdom,16,11,3594.76,5,5,5,555,1,Regular,Low
14653.0,12,1969.0,3593.06,9.41,0.0163,112.89,2009-12-02 11:51:00,2011-12-08 13:45:00,736,66.91,United Kingdom,1,12,3593.06,5,5,5,555,1,Regular,Low
17659.0,14,1752.0,3586.99,18.68,0.0379,261.24,2010-11-18 14:20:00,2011-11-22 13:29:00,369,28.38,United Kingdom,17,14,3586.99,5,5,5,555,1,Regular,Low
14132.0,11,3368.0,3586.03,17.93,0.0608,197.32,2011-06-09 12:04:00,2011-12-07 13:35:00,181,18.1,United Kingdom,2,11,3586.03,5,5,5,555,1,Regular,Low
15569.0,10,1734.0,3583.45,25.6,0.0183,255.79,2010-02-28 10:55:00,2011-08-28 10:15:00,546,60.67,United Kingdom,104,10,3583.45,3,5,5,355,1,Regular,High
17679.0,7,1755.0,3577.61,44.17,0.0102,308.17,2009-12-03 17:32:00,2011-10-18 07:43:00,684,114.0,United Kingdom,53,7,3577.61,4,4,5,445,1,Regular,Medium
17311.0,6,2755.0,3566.56,28.08,0.0101,169.03,2010-02-03 12:38:00,2011-09-22 14:11:00,596,119.2,United Kingdom,78,6,3566.56,3,4,5,345,1,Regular,Medium
15024.0,16,1924.0,3559.39,11.12,0.0386,178.13,2010-10-11 16:14:00,2011-11-30 12:06:00,415,27.67,United Kingdom,10,16,3559.39,5,5,5,555,1,Regular,Low
17848.0,30,1404.0,3559.11,21.57,0.046,646.93,2009-12-06 13:19:00,2011-09-19 16:49:00,652,22.48,United Kingdom,81,30,3559.11,3,5,5,355,1,Regular,Medium
14737.0,4,1071.0,3554.17,78.98,0.0101,316.69,2010-11-04 11:29:00,2011-12-06 10:16:00,397,132.33,United Kingdom,4,4,3554.17,5,3,5,535,1,Regular,Low
15858.0,13,2715.0,3552.41,8.17,0.0182,106.17,2009-12-10 11:42:00,2011-11-24 12:48:00,714,59.5,United Kingdom,16,13,3552.41,5,5,5,555,1,Regular,Low
15222.0,11,4458.0,3550.91,25.73,0.0272,283.44,2009-12-16 13:49:00,2011-01-25 08:03:00,405,40.5,United Kingdom,319,11,3550.91,2,5,5,255,0,Lost,Very High
14882.0,14,1614.0,3546.65,54.56,0.0236,763.56,2010-03-30 15:02:00,2011-11-13 12:47:00,593,45.62,United Kingdom,27,14,3546.65,4,5,5,455,1,Regular,Low
14503.0,6,2004.0,3543.26,21.61,0.0343,129.71,2011-06-14 10:00:00,2011-12-06 13:30:00,175,35.0,United Kingdom,3,6,3543.26,5,4,5,545,1,Regular,Low
16950.0,10,2432.0,3541.77,24.6,0.0159,245.64,2010-01-24 11:26:00,2011-10-14 09:06:00,628,69.78,United Kingdom,57,10,3541.77,4,5,5,455,1,Regular,Medium
12645.0,8,2125.0,3539.3,22.12,0.0126,176.98,2010-02-09 10:49:00,2011-11-06 12:38:00,635,90.71,Germany,34,8,3539.3,4,4,5,445,1,Regular,Medium
17722.0,5,2412.0,3520.22,20.23,0.0179,101.03,2010-11-29 09:44:00,2011-09-04 15:22:00,279,69.75,United Kingdom,96,5,3520.22,3,4,5,345,1,Regular,High
16395.0,14,2901.0,3518.41,5.55,0.0208,77.69,2009-12-06 12:26:00,2011-10-10 12:50:00,673,51.77,United Kingdom,61,14,3518.41,3,5,5,355,1,Regular,Medium
16336.0,4,1473.0,3517.69,51.73,0.019,207.39,2010-03-18 08:05:00,2010-10-15 12:32:00,211,70.33,United Kingdom,421,4,3517.69,1,3,5,135,0,Lost,Very High
16719.0,14,2356.0,3513.62,8.96,0.0197,125.68,2009-12-13 10:59:00,2011-11-25 09:27:00,712,54.77,United Kingdom,15,14,3513.62,5,5,5,555,1,Regular,Low
15113.0,3,2344.0,3509.43,36.18,0.0667,108.59,2011-10-16 15:27:00,2011-11-30 08:23:00,45,22.5,United Kingdom,10,3,3509.43,5,3,5,535,1,Regular,Low
18044.0,18,1598.0,3505.61,17.53,0.0324,315.79,2010-05-28 15:31:00,2011-12-05 14:26:00,556,32.71,United Kingdom,4,18,3505.61,5,5,5,555,1,Regular,Low
14934.0,5,2100.0,3503.5,18.94,0.0139,94.78,2010-09-24 12:08:00,2011-09-19 10:10:00,360,90.0,Channel Islands,82,5,3503.5,3,4,5,345,1,Regular,Medium
13929.0,11,1566.0,3494.1,61.3,0.021,675.83,2010-01-14 07:25:00,2011-06-23 15:26:00,525,52.5,United Kingdom,169,11,3494.1,3,5,5,355,1,Regular,High
15059.0,19,1599.0,3491.2,5.93,0.0274,112.6,2009-12-06 12:17:00,2011-10-30 11:35:00,693,38.5,United Kingdom,41,19,3491.2,4,5,5,455,1,Regular,Medium
16983.0,11,2315.0,3490.53,15.11,0.0253,165.91,2010-09-19 12:38:00,2011-11-27 12:10:00,434,43.4,United Kingdom,13,11,3490.53,5,5,5,555,1,Regular,Low
13577.0,11,1661.0,3489.28,20.77,0.0157,228.26,2009-12-14 16:10:00,2011-11-14 15:19:00,700,70.0,United Kingdom,25,11,3489.28,4,5,5,455,1,Regular,Low
15811.0,7,1781.0,3486.15,12.77,0.0191,89.27,2010-11-16 16:46:00,2011-11-17 15:31:00,366,61.0,United Kingdom,22,7,3486.15,4,4,5,445,1,Regular,Low
15306.0,9,3074.0,3484.73,21.51,0.0151,193.26,2010-02-18 17:12:00,2011-10-06 12:56:00,595,74.38,United Kingdom,64,9,3484.73,3,5,5,355,1,Regular,Medium
17597.0,5,2215.0,3484.09,27.22,0.0135,135.96,2010-05-05 15:33:00,2011-05-10 11:54:00,370,92.5,United Kingdom,214,5,3484.09,2,4,5,245,1,Regular,Very High
12631.0,6,1607.0,3481.57,19.02,0.0094,113.71,2010-01-15 14:50:00,2011-10-13 13:53:00,636,127.2,Finland,57,6,3481.57,4,4,5,445,1,Regular,Medium
15712.0,12,1277.0,3472.41,20.92,0.0165,251.64,2009-12-01 11:17:00,2011-11-30 14:09:00,729,66.27,United Kingdom,9,12,3472.41,5,5,5,555,1,Regular,Low
13849.0,5,1883.0,3469.3,15.77,0.0087,78.62,2010-03-25 12:03:00,2011-10-19 10:59:00,573,143.25,United Kingdom,52,5,3469.3,4,4,5,445,1,Regular,Medium
14533.0,11,6038.0,3466.37,38.95,0.0188,429.1,2010-04-08 12:13:00,2011-11-15 12:05:00,586,58.6,United Kingdom,25,11,3466.37,4,5,5,455,1,Regular,Low
14837.0,9,3030.0,3460.32,16.56,0.0151,148.78,2010-01-24 10:20:00,2011-09-11 10:58:00,595,74.38,United Kingdom,90,9,3460.32,3,5,5,355,1,Regular,Medium
16360.0,6,2110.0,3450.41,5.43,0.0714,32.57,2011-09-12 13:50:00,2011-12-05 12:16:00,84,16.8,United Kingdom,5,6,3450.41,5,4,5,545,1,Regular,Low
13313.0,12,2308.0,3445.32,18.42,0.0168,221.26,2009-12-02 16:18:00,2011-11-17 16:48:00,715,65.0,United Kingdom,22,12,3445.32,4,5,5,455,1,Regular,Low
13536.0,7,2126.0,3444.39,19.35,0.0946,135.46,2011-09-25 13:30:00,2011-12-08 16:38:00,74,12.33,United Kingdom,1,7,3444.39,5,4,5,545,1,Regular,Low
16347.0,11,1715.0,3442.96,10.07,0.0176,110.95,2010-03-12 12:41:00,2011-11-28 13:14:00,626,62.6,United Kingdom,11,11,3442.96,5,5,5,555,1,Regular,Low
15974.0,7,2262.0,3442.15,19.56,0.0281,136.86,2011-02-24 10:10:00,2011-10-31 13:13:00,249,41.5,United Kingdom,39,7,3442.15,4,4,5,445,1,Regular,Medium
16208.0,10,1541.0,3440.45,13.6,0.0164,135.83,2010-02-24 14:24:00,2011-10-26 11:36:00,609,67.67,United Kingdom,45,10,3440.45,4,5,5,455,1,Regular,Medium
15953.0,18,1741.0,3440.34,20.6,0.025,371.32,2009-12-03 14:00:00,2011-11-24 15:32:00,721,42.41,United Kingdom,15,18,3440.34,5,5,5,555,1,Regular,Low
17725.0,11,2162.0,3439.08,17.91,0.0438,196.9,2011-03-17 19:47:00,2011-11-23 16:34:00,251,25.1,United Kingdom,16,11,3439.08,5,5,5,555,1,Regular,Low
12609.0,9,1553.0,3435.86,19.63,0.014,176.16,2009-12-20 13:30:00,2011-09-22 16:34:00,641,80.13,Germany,78,9,3435.86,3,5,5,355,1,Regular,Medium
15676.0,3,2252.0,3435.76,17.01,0.0113,50.94,2011-03-01 10:19:00,2011-11-21 12:40:00,265,132.5,United Kingdom,19,3,3435.76,5,3,5,535,1,Regular,Low
18168.0,16,1995.0,3435.5,9.46,0.0286,151.51,2009-12-03 17:29:00,2011-06-16 19:21:00,560,37.33,United Kingdom,176,16,3435.5,3,5,5,355,1,Regular,High
16045.0,8,2108.0,3434.93,23.21,0.0211,185.61,2010-07-29 12:50:00,2011-08-12 12:41:00,379,54.14,United Kingdom,120,8,3434.93,3,4,5,345,1,Regular,High
15351.0,10,1350.0,3430.22,10.92,0.0238,109.16,2010-10-03 12:18:00,2011-11-27 12:52:00,420,46.67,United Kingdom,12,10,3430.22,5,5,5,555,1,Regular,Low
17913.0,14,1725.0,3429.29,7.36,0.0206,102.8,2009-12-03 13:02:00,2011-10-12 10:45:00,678,52.15,United Kingdom,59,14,3429.29,4,5,5,455,1,Regular,Medium
14409.0,9,2233.0,3427.29,32.95,0.0181,295.81,2010-05-21 16:45:00,2011-09-29 18:18:00,496,62.0,United Kingdom,71,9,3427.29,3,5,5,355,1,Regular,Medium
12377.0,4,2105.0,3426.32,22.54,0.0146,90.17,2010-04-29 15:34:00,2011-01-28 15:45:00,274,91.33,Switzerland,315,4,3426.32,2,3,5,235,0,Lost,Very High
16281.0,3,1570.0,3424.02,87.8,0.0049,262.43,2010-01-26 13:41:00,2011-09-28 14:57:00,610,305.0,United Kingdom,72,3,3424.02,3,3,5,335,1,Regular,Medium
17876.0,3,1958.0,3424.02,856.01,0.0109,2575.22,2010-02-02 13:00:00,2010-11-05 10:52:00,276,138.0,United Kingdom,400,3,3424.02,2,3,5,235,0,Lost,Very High
13437.0,7,1283.0,3408.06,20.41,0.0398,142.97,2011-06-02 14:30:00,2011-11-25 14:00:00,176,29.33,United Kingdom,14,7,3408.06,5,4,5,545,1,Regular,Low
13823.0,7,1564.0,3403.45,20.88,0.0099,145.94,2009-12-15 14:34:00,2011-11-21 10:22:00,706,117.67,United Kingdom,19,7,3403.45,5,4,5,545,1,Regular,Low
17931.0,14,1919.0,3402.24,9.69,0.0266,135.84,2010-02-16 15:47:00,2011-07-28 18:33:00,527,40.54,United Kingdom,134,14,3402.24,3,5,5,355,1,Regular,High
15114.0,12,3532.0,3400.12,14.72,0.0307,176.69,2010-10-14 16:44:00,2011-11-09 15:05:00,391,35.55,United Kingdom,30,12,3400.12,4,5,5,455,1,Regular,Low
16271.0,10,2359.0,3397.82,11.36,0.0156,113.42,2010-03-07 12:03:00,2011-12-07 12:45:00,640,71.11,United Kingdom,3,10,3397.82,5,5,5,555,1,Regular,Low
13425.0,5,2358.0,3390.43,19.15,0.0106,95.61,2010-05-09 14:35:00,2011-08-23 17:13:00,471,117.75,United Kingdom,108,5,3390.43,3,4,5,345,1,Regular,High
15058.0,16,1645.0,3387.58,9.76,0.0255,156.3,2010-02-24 14:07:00,2011-11-14 14:57:00,628,41.87,United Kingdom,25,16,3387.58,4,5,5,455,1,Regular,Low
13979.0,7,2270.0,3379.93,8.6,0.0106,60.44,2009-12-03 10:02:00,2011-09-27 13:32:00,663,110.5,United Kingdom,73,7,3379.93,3,4,5,345,1,Regular,Medium
17723.0,7,912.0,3378.4,281.53,0.0282,1968.91,2010-11-29 10:35:00,2011-08-04 18:37:00,248,41.33,United Kingdom,127,7,3378.4,3,4,5,345,1,Regular,High
13135.0,2,4423.0,3371.45,187.3,0.0068,375.72,2010-08-05 17:28:00,2011-05-27 10:52:00,295,295.0,United Kingdom,197,2,3371.45,2,2,5,225,1,Regular,Very High
14898.0,14,2207.0,3365.95,11.57,0.0196,161.69,2009-12-03 16:40:00,2011-11-16 14:54:00,713,54.85,United Kingdom,23,14,3365.95,4,5,5,455,1,Regular,Low
13707.0,5,2210.0,3365.86,21.72,0.0186,108.67,2010-06-21 11:57:00,2011-03-17 18:03:00,269,67.25,United Kingdom,267,5,3365.86,2,4,5,245,1,Regular,Very High
13285.0,6,2457.0,3364.59,14.57,0.01,87.57,2010-03-25 14:26:00,2011-11-16 13:19:00,601,120.2,United Kingdom,23,6,3364.59,4,4,5,445,1,Regular,Low
15538.0,6,1016.0,3358.4,239.89,0.0476,1438.76,2010-02-14 12:38:00,2010-06-20 10:49:00,126,25.2,United Kingdom,538,6,3358.4,1,4,5,145,0,Lost,Very High
14608.0,11,927.0,3352.94,77.98,0.0151,858.4,2009-12-06 12:34:00,2011-12-05 16:52:00,729,72.9,United Kingdom,4,11,3352.94,5,5,5,555,1,Regular,Low
18219.0,17,1586.0,3352.7,17.65,0.0233,300.21,2009-12-07 13:17:00,2011-12-07 11:43:00,730,45.63,United Kingdom,3,17,3352.7,5,5,5,555,1,Regular,Low
13246.0,11,2796.0,3351.75,9.03,0.0217,99.35,2010-07-02 13:36:00,2011-11-21 16:50:00,507,50.7,United Kingdom,18,11,3351.75,5,5,5,555,1,Regular,Low
16818.0,11,2164.0,3349.57,17.82,0.0564,195.98,2011-05-18 11:42:00,2011-11-29 10:41:00,195,19.5,United Kingdom,11,11,3349.57,5,5,5,555,1,Regular,Low
17183.0,6,1296.0,3347.31,45.85,0.0612,274.99,2011-08-26 15:25:00,2011-12-02 10:07:00,98,19.6,United Kingdom,8,6,3347.31,5,4,5,545,1,Regular,Low
15265.0,4,1570.0,3345.64,17.33,0.0068,69.17,2009-12-01 17:08:00,2011-07-11 14:46:00,587,195.67,United Kingdom,151,4,3345.64,3,3,5,335,1,Regular,High
12424.0,4,2025.0,3340.03,36.3,0.0104,145.72,2010-06-09 15:15:00,2011-06-30 12:06:00,386,128.67,Australia,163,4,3340.03,3,3,5,335,1,Regular,High
16351.0,13,2165.0,3330.03,17.81,0.0323,231.83,2009-12-04 16:12:00,2011-01-11 10:26:00,403,33.58,United Kingdom,333,13,3330.03,2,5,5,255,0,Lost,Very High
15065.0,5,1446.0,3326.86,20.04,0.0134,100.16,2010-10-25 09:13:00,2011-11-02 09:45:00,373,93.25,United Kingdom,38,5,3326.86,4,4,5,445,1,Regular,Medium
12865.0,4,1973.0,3323.47,17.04,0.0089,68.25,2010-08-20 12:20:00,2011-11-13 14:31:00,450,150.0,Austria,26,4,3323.47,4,3,5,435,1,Regular,Low
13431.0,8,1570.0,3316.24,25.71,0.0135,205.47,2010-02-18 11:53:00,2011-10-03 13:49:00,592,84.57,United Kingdom,67,8,3316.24,3,4,5,345,1,Regular,Medium
13824.0,12,1442.0,3314.76,33.15,0.0198,397.1,2010-03-12 15:17:00,2011-11-07 12:41:00,605,55.0,United Kingdom,33,12,3314.76,4,5,5,455,1,Regular,Medium
13131.0,7,1523.0,3313.77,22.24,0.0109,156.36,2010-02-09 09:47:00,2011-11-16 13:21:00,645,107.5,United Kingdom,23,7,3313.77,4,4,5,445,1,Regular,Low
14217.0,23,1230.0,3298.59,18.96,0.0437,435.82,2010-06-30 12:54:00,2011-12-08 11:53:00,526,23.91,United Kingdom,2,23,3298.59,5,5,5,555,1,Regular,Low
13611.0,10,1988.0,3297.93,14.59,0.0155,146.32,2009-12-03 07:57:00,2011-09-11 14:51:00,647,71.89,United Kingdom,89,10,3297.93,3,5,5,355,1,Regular,Medium
13031.0,5,2309.0,3292.84,8.09,0.034,40.43,2010-06-03 14:57:00,2010-10-28 15:34:00,147,36.75,United Kingdom,407,5,3292.84,2,4,5,245,0,Lost,Very High
17768.0,7,2339.0,3292.73,18.09,0.0096,126.6,2009-12-02 12:26:00,2011-12-01 13:22:00,729,121.5,United Kingdom,8,7,3292.73,5,4,5,545,1,Regular,Low
16539.0,10,1014.0,3289.66,25.11,0.0189,251.53,2010-06-25 15:24:00,2011-12-07 08:41:00,530,58.89,United Kingdom,3,10,3289.66,5,5,5,555,1,Regular,Low
13650.0,10,1746.0,3288.0,19.12,0.015,191.01,2010-01-26 08:44:00,2011-11-23 12:22:00,666,74.0,United Kingdom,17,10,3288.0,5,5,5,555,1,Regular,Low
15632.0,8,2109.0,3285.31,19.67,0.0309,157.42,2011-03-10 08:29:00,2011-11-24 09:51:00,259,37.0,United Kingdom,16,8,3285.31,5,4,5,545,1,Regular,Low
14285.0,8,954.0,3284.42,53.84,0.0113,431.96,2009-12-08 14:13:00,2011-11-18 14:50:00,710,101.43,United Kingdom,21,8,3284.42,4,4,5,445,1,Regular,Low
12872.0,12,1642.0,3283.96,8.33,0.0293,100.07,2009-12-03 20:03:00,2011-01-17 10:52:00,410,37.27,United Kingdom,327,12,3283.96,2,5,5,255,0,Lost,Very High
18188.0,6,1888.0,3280.59,24.67,0.0099,148.49,2010-03-26 11:37:00,2011-11-24 16:46:00,608,121.6,United Kingdom,15,6,3280.59,5,4,5,545,1,Regular,Low
15978.0,3,2444.0,3279.42,25.42,0.0053,76.39,2010-03-05 14:39:00,2011-09-23 15:21:00,567,283.5,United Kingdom,77,3,3279.42,3,3,5,335,1,Regular,Medium
17774.0,9,1585.0,3273.83,8.25,0.0157,74.22,2010-02-08 16:06:00,2011-09-04 12:49:00,573,71.63,United Kingdom,97,9,3273.83,3,5,5,355,1,Regular,High
13291.0,11,1600.0,3270.79,10.29,0.0215,113.05,2010-02-11 18:36:00,2011-07-07 10:36:00,511,51.1,United Kingdom,156,11,3270.79,3,5,5,355,1,Regular,High
16067.0,3,1236.0,3269.11,48.08,0.0265,143.98,2010-02-02 18:01:00,2010-05-26 12:33:00,113,56.5,United Kingdom,563,3,3269.11,1,3,5,135,0,Lost,Very High
13214.0,7,2966.0,3264.23,14.25,0.0306,99.86,2010-03-03 14:10:00,2010-10-18 10:00:00,229,38.17,United Kingdom,418,7,3264.23,1,4,5,145,0,Lost,Very High
14064.0,15,3911.0,3260.24,13.81,0.0228,207.18,2010-01-21 13:22:00,2011-11-10 13:14:00,658,47.0,United Kingdom,29,15,3260.24,4,5,5,455,1,Regular,Low
14451.0,12,1737.0,3258.68,6.36,0.019,76.25,2010-01-17 10:35:00,2011-10-10 13:38:00,631,57.36,United Kingdom,60,12,3258.68,3,5,5,355,1,Regular,Medium
17924.0,8,1208.0,3257.7,98.72,0.0199,791.7,2010-10-21 12:17:00,2011-11-28 09:11:00,403,57.57,United Kingdom,12,8,3257.7,5,4,5,545,1,Regular,Low
15057.0,5,1394.0,3255.96,46.51,0.0109,232.69,2009-12-05 15:27:00,2011-03-09 15:17:00,459,114.75,United Kingdom,275,5,3255.96,2,4,5,245,0,Lost,Very High
14215.0,9,2181.0,3250.33,17.47,0.0125,157.23,2009-12-08 09:35:00,2011-11-28 12:19:00,720,90.0,United Kingdom,12,9,3250.33,5,5,5,555,1,Regular,Low
15380.0,11,954.0,3248.96,62.48,0.0151,688.72,2009-12-01 13:50:00,2011-12-01 12:13:00,730,73.0,United Kingdom,9,11,3248.96,5,5,5,555,1,Regular,Low
12770.0,2,1843.0,3246.45,115.94,0.0081,231.02,2010-09-09 11:43:00,2011-05-13 09:33:00,246,246.0,Japan,211,2,3246.45,2,2,5,225,1,Regular,Very High
16612.0,9,1419.0,3245.43,19.43,0.0128,175.09,2009-12-03 15:54:00,2011-11-07 07:38:00,704,88.0,United Kingdom,33,9,3245.43,4,5,5,455,1,Regular,Medium
15140.0,8,2010.0,3243.69,28.96,0.0205,231.54,2010-09-23 13:07:00,2011-10-18 14:07:00,390,55.71,United Kingdom,52,8,3243.69,4,4,5,445,1,Regular,Medium
17353.0,4,2168.0,3242.0,231.57,0.0081,928.48,2010-03-25 12:52:00,2011-08-02 17:19:00,495,165.0,United Kingdom,129,4,3242.0,3,3,5,335,1,Regular,High
15356.0,13,1892.0,3239.57,4.84,0.0332,62.83,2010-10-13 13:12:00,2011-11-08 13:11:00,391,32.58,United Kingdom,31,13,3239.57,4,5,5,455,1,Regular,Medium
15625.0,9,3020.0,3236.4,18.93,0.0205,170.36,2010-06-15 15:23:00,2011-08-28 10:21:00,439,54.88,United Kingdom,104,9,3236.4,3,5,5,355,1,Regular,High
12963.0,12,1637.0,3235.79,18.6,0.0235,223.36,2010-07-08 14:45:00,2011-12-01 12:55:00,511,46.45,United Kingdom,8,12,3235.79,5,5,5,555,1,Regular,Low
16101.0,4,1844.0,3229.16,16.82,0.0081,66.89,2010-05-27 12:50:00,2011-09-30 10:18:00,491,163.67,United Kingdom,71,4,3229.16,3,3,5,335,1,Regular,Medium
14669.0,7,2043.0,3216.78,8.31,0.0141,58.12,2009-12-02 13:06:00,2011-04-12 11:43:00,496,82.67,United Kingdom,242,7,3216.78,2,4,5,245,1,Regular,Very High
14507.0,11,1491.0,3216.74,12.47,0.0156,137.34,2009-12-10 17:04:00,2011-11-16 12:21:00,706,70.6,United Kingdom,24,11,3216.74,4,5,5,455,1,Regular,Low
12951.0,15,1662.0,3213.72,16.57,0.0217,248.1,2010-01-10 12:43:00,2011-12-01 12:14:00,690,49.29,United Kingdom,9,15,3213.72,5,5,5,555,1,Regular,Low
16918.0,16,2066.0,3206.54,7.06,0.0233,113.01,2009-12-03 12:27:00,2011-10-21 12:50:00,687,45.8,United Kingdom,50,16,3206.54,4,5,5,455,1,Regular,Medium
16107.0,7,1176.0,3204.16,103.36,0.0422,724.06,2011-06-09 18:42:00,2011-11-22 09:40:00,166,27.67,United Kingdom,18,7,3204.16,5,4,5,545,1,Regular,Low
17147.0,9,1308.0,3199.95,23.53,0.0133,211.24,2010-01-11 09:38:00,2011-11-17 12:32:00,675,84.38,United Kingdom,23,9,3199.95,4,5,5,455,1,Regular,Low
14315.0,8,1344.0,3197.82,24.04,0.0136,192.9,2010-03-15 12:49:00,2011-10-26 12:06:00,590,84.29,United Kingdom,45,8,3197.82,4,4,5,445,1,Regular,Medium
15027.0,10,2782.0,3195.6,35.12,0.0168,350.47,2010-03-25 14:39:00,2011-11-09 10:16:00,594,66.0,United Kingdom,31,10,3195.6,4,5,5,455,1,Regular,Medium
13868.0,2,1964.0,3192.54,96.74,0.0645,193.43,2011-11-01 12:45:00,2011-12-02 16:32:00,31,31.0,United Kingdom,7,2,3192.54,5,2,5,525,1,Regular,Low
13397.0,10,1336.0,3191.87,35.86,0.0162,357.85,2010-01-20 09:50:00,2011-09-28 10:56:00,616,68.44,United Kingdom,73,10,3191.87,3,5,5,355,1,Regular,Medium
12456.0,3,1633.0,3181.04,25.45,0.0143,76.43,2011-03-30 09:12:00,2011-10-26 14:41:00,210,105.0,Switzerland,44,3,3181.04,4,3,5,435,1,Regular,Medium
16515.0,10,1573.0,3179.06,13.47,0.0205,134.75,2010-06-17 12:17:00,2011-10-18 13:10:00,488,54.22,United Kingdom,52,10,3179.06,4,5,5,455,1,Regular,Medium
17621.0,6,1110.0,3175.12,48.11,0.0146,287.99,2010-10-04 09:37:00,2011-11-18 17:11:00,410,82.0,United Kingdom,21,6,3175.12,4,4,5,445,1,Regular,Low
13268.0,11,3624.0,3174.75,7.33,0.044,80.63,2011-03-17 13:20:00,2011-11-22 11:51:00,250,25.0,United Kingdom,18,11,3174.75,5,5,5,555,1,Regular,Low
16837.0,11,1563.0,3170.98,19.22,0.0514,211.41,2011-04-08 08:48:00,2011-11-08 14:27:00,214,21.4,United Kingdom,31,11,3170.98,4,5,5,455,1,Regular,Medium
17640.0,6,1692.0,3168.94,48.01,0.0111,287.77,2010-03-23 09:15:00,2011-09-14 09:13:00,540,108.0,United Kingdom,87,6,3168.94,3,4,5,345,1,Regular,Medium
16365.0,15,1034.0,3167.34,25.54,0.0211,383.15,2009-12-11 12:41:00,2011-11-22 11:24:00,711,50.79,United Kingdom,18,15,3167.34,5,5,5,555,1,Regular,Low
16041.0,3,1584.0,3166.4,527.73,0.027,1581.61,2011-07-21 16:27:00,2011-11-09 12:25:00,111,55.5,United Kingdom,31,3,3166.4,4,3,5,435,1,Regular,Medium
13804.0,9,1797.0,3161.12,18.93,0.0222,170.62,2010-09-29 10:26:00,2011-11-09 12:32:00,406,50.75,United Kingdom,31,9,3161.12,4,5,5,455,1,Regular,Medium
12976.0,8,2684.0,3156.38,20.5,0.0176,163.8,2010-02-12 15:46:00,2011-05-12 09:55:00,454,64.86,United Kingdom,212,8,3156.38,2,4,5,245,1,Regular,Very High
16584.0,5,1913.0,3156.17,38.49,0.0086,192.32,2010-02-16 10:41:00,2011-09-20 13:45:00,581,145.25,United Kingdom,80,5,3156.17,3,4,5,345,1,Regular,Medium
14306.0,6,2065.0,3151.4,68.51,0.0096,411.72,2010-01-31 13:42:00,2011-10-19 13:23:00,626,125.2,United Kingdom,51,6,3151.4,4,4,5,445,1,Regular,Medium
15614.0,4,1632.0,3147.36,38.86,0.0212,155.7,2010-03-23 11:13:00,2010-09-28 10:46:00,189,63.0,United Kingdom,438,4,3147.36,1,3,5,135,0,Lost,Very High
15916.0,13,1618.0,3145.24,10.28,0.0182,133.4,2009-12-10 16:21:00,2011-11-23 13:46:00,713,59.42,United Kingdom,16,13,3145.24,5,5,5,555,1,Regular,Low
17702.0,6,2153.0,3144.04,20.55,0.0162,123.18,2010-11-04 12:09:00,2011-11-09 16:03:00,370,74.0,United Kingdom,30,6,3144.04,4,4,5,445,1,Regular,Low
15095.0,10,2233.0,3141.64,25.34,0.0171,253.06,2010-01-21 09:37:00,2011-08-28 12:01:00,584,64.89,United Kingdom,104,10,3141.64,3,5,5,355,1,Regular,High
14897.0,8,1162.0,3140.54,24.73,0.0112,198.59,2009-12-15 17:05:00,2011-12-02 10:32:00,717,102.43,United Kingdom,8,8,3140.54,5,4,5,545,1,Regular,Low
15602.0,16,2292.0,3137.96,25.1,0.0219,400.72,2009-12-02 09:35:00,2011-12-01 14:14:00,729,48.6,United Kingdom,8,16,3137.96,5,5,5,555,1,Regular,Low
17354.0,4,2531.0,3133.96,31.03,0.0106,124.33,2010-10-07 13:22:00,2011-10-20 10:34:00,378,126.0,United Kingdom,51,4,3133.96,4,3,5,435,1,Regular,Medium
13786.0,6,1515.0,3127.99,26.97,0.0163,162.22,2009-12-03 15:32:00,2010-12-07 13:53:00,369,73.8,United Kingdom,367,6,3127.99,2,4,5,245,0,Lost,Very High
14963.0,12,2287.0,3123.57,6.56,0.0233,78.87,2010-07-02 12:43:00,2011-11-30 12:16:00,516,46.91,United Kingdom,10,12,3123.57,5,5,5,555,1,Regular,Low
15199.0,10,894.0,3122.4,61.22,0.0194,612.84,2010-05-13 10:14:00,2011-10-11 15:12:00,516,57.33,United Kingdom,59,10,3122.4,4,5,5,455,1,Regular,Medium
17145.0,4,2591.0,3120.91,17.34,0.0274,69.37,2010-02-19 12:07:00,2010-07-15 09:02:00,146,48.67,United Kingdom,513,4,3120.91,1,3,5,135,0,Lost,Very High
13685.0,7,5056.0,3119.44,79.99,0.1207,559.98,2011-10-10 12:59:00,2011-12-07 11:41:00,58,9.67,United Kingdom,3,7,3119.44,5,4,5,545,1,Regular,Low
13052.0,7,1424.0,3119.33,12.58,0.0158,87.85,2010-02-23 12:31:00,2011-05-11 14:12:00,442,73.67,United Kingdom,212,7,3119.33,2,4,5,245,1,Regular,Very High
13692.0,5,2101.0,3114.4,32.44,0.0126,161.86,2010-10-15 13:28:00,2011-11-15 11:17:00,396,99.0,United Kingdom,25,5,3114.4,4,4,5,445,1,Regular,Low
14978.0,10,736.0,3112.19,10.73,0.0193,107.27,2010-04-28 10:50:00,2011-09-28 13:07:00,518,57.56,United Kingdom,72,10,3112.19,3,5,5,355,1,Regular,Medium
15983.0,8,1872.0,3110.37,12.06,0.0113,96.89,2009-12-06 12:52:00,2011-11-17 17:34:00,711,101.57,United Kingdom,22,8,3110.37,4,4,5,445,1,Regular,Low
16678.0,12,2397.0,3109.99,19.08,0.0429,229.19,2011-03-02 09:24:00,2011-12-07 12:17:00,280,25.45,United Kingdom,3,12,3109.99,5,5,5,555,1,Regular,Low
13742.0,12,1115.0,3107.87,9.93,0.0395,119.24,2011-01-23 14:59:00,2011-11-23 11:07:00,304,27.64,United Kingdom,17,12,3107.87,5,5,5,555,1,Regular,Low
12909.0,8,1948.0,3103.19,19.64,0.013,156.77,2010-02-24 12:14:00,2011-10-31 12:43:00,614,87.71,United Kingdom,40,8,3103.19,4,4,5,445,1,Regular,Medium
13538.0,12,959.0,3103.13,21.85,0.019,262.37,2010-02-02 12:47:00,2011-10-27 16:34:00,632,57.45,United Kingdom,43,12,3103.13,4,5,5,455,1,Regular,Medium
15031.0,14,1576.0,3102.94,7.86,0.0193,110.28,2009-12-08 13:38:00,2011-12-05 14:19:00,727,55.92,United Kingdom,4,14,3102.94,5,5,5,555,1,Regular,Low
15491.0,6,1646.0,3100.09,20.13,0.0429,120.9,2011-04-18 10:04:00,2011-09-05 15:56:00,140,28.0,United Kingdom,95,6,3100.09,3,4,5,345,1,Regular,High
13772.0,8,1446.0,3100.02,5.47,0.0129,43.82,2010-02-23 13:55:00,2011-11-06 11:43:00,621,88.71,United Kingdom,34,8,3100.02,4,4,5,445,1,Regular,Medium
16933.0,9,1533.0,3099.3,10.99,0.0123,98.54,2009-12-09 15:03:00,2011-12-08 12:54:00,729,91.13,United Kingdom,1,9,3099.3,5,5,5,555,1,Regular,Low
13464.0,6,1440.0,3097.64,20.51,0.0107,122.9,2010-03-31 15:22:00,2011-10-12 15:01:00,560,112.0,United Kingdom,58,6,3097.64,4,4,5,445,1,Regular,Medium
12937.0,9,1983.0,3097.61,14.27,0.0125,128.61,2009-12-03 15:43:00,2011-11-24 15:05:00,721,90.13,United Kingdom,15,9,3097.61,5,5,5,555,1,Regular,Low
15105.0,9,1747.0,3094.91,20.5,0.0148,184.47,2010-03-23 12:18:00,2011-11-21 16:54:00,608,76.0,United Kingdom,18,9,3094.91,5,5,5,555,1,Regular,Low
14312.0,11,1904.0,3090.29,17.17,0.024,188.73,2010-07-23 15:05:00,2011-10-24 09:46:00,458,45.8,United Kingdom,47,11,3090.29,4,5,5,455,1,Regular,Medium
15373.0,17,726.0,3084.54,16.32,0.0294,277.33,2010-05-02 11:57:00,2011-12-01 15:05:00,578,36.13,United Kingdom,8,17,3084.54,5,5,5,555,1,Regular,Low
12511.0,1,1753.0,3084.02,16.23,,,2010-10-07 10:39:00,2010-10-07 10:39:00,0,,Greece,429,1,3084.02,1,1,5,115,0,Lost,Very High
17929.0,12,434.0,3082.1,205.47,0.0167,2467.14,2009-12-09 11:40:00,2011-11-28 16:01:00,719,65.36,United Kingdom,11,12,3082.1,5,5,5,555,1,Regular,Low
17090.0,13,1344.0,3080.18,34.22,0.0258,444.97,2010-07-19 16:02:00,2011-12-05 13:44:00,504,42.0,United Kingdom,4,13,3080.18,5,5,5,555,1,Regular,Low
14044.0,10,2100.0,3077.7,3.73,0.0152,37.31,2010-01-24 15:14:00,2011-11-13 12:05:00,658,73.11,United Kingdom,27,10,3077.7,4,5,5,455,1,Regular,Low
14700.0,5,1606.0,3076.06,18.42,0.011,91.79,2010-08-11 12:19:00,2011-11-07 14:40:00,453,113.25,United Kingdom,32,5,3076.06,4,4,5,445,1,Regular,Medium
12469.0,2,2552.0,3070.54,40.4,0.1429,80.82,2010-06-21 10:30:00,2010-07-05 12:40:00,14,14.0,Thailand,523,2,3070.54,1,2,5,125,0,Lost,Very High
13631.0,11,467.0,3070.42,279.13,0.0655,3071.55,2011-03-17 17:13:00,2011-09-01 09:57:00,168,16.8,United Kingdom,100,11,3070.42,3,5,5,355,1,Regular,High
14038.0,5,1708.0,3069.88,19.07,0.0084,95.31,2010-02-04 08:56:00,2011-09-22 13:37:00,595,148.75,United Kingdom,78,5,3069.88,3,4,5,345,1,Regular,Medium
13196.0,7,2006.0,3068.84,16.32,0.0116,114.72,2010-04-01 12:54:00,2011-11-28 13:54:00,606,101.0,United Kingdom,11,7,3068.84,5,4,5,545,1,Regular,Low
16400.0,9,2066.0,3059.85,11.46,0.0141,102.93,2009-12-08 12:38:00,2011-09-06 12:27:00,637,79.63,United Kingdom,95,9,3059.85,3,5,5,355,1,Regular,High
16059.0,12,1431.0,3053.57,7.81,0.0238,93.68,2010-05-19 13:04:00,2011-10-05 09:56:00,504,45.82,United Kingdom,66,12,3053.57,3,5,5,355,1,Regular,Medium
16007.0,7,2631.0,3053.06,4.65,0.0141,32.52,2010-06-14 13:18:00,2011-10-23 11:05:00,496,82.67,United Kingdom,48,7,3053.06,4,4,5,445,1,Regular,Medium
15241.0,11,3328.0,3050.16,16.58,0.0187,182.31,2010-02-23 13:59:00,2011-10-04 09:05:00,588,58.8,United Kingdom,67,11,3050.16,3,5,5,355,1,Regular,Medium
16560.0,8,1603.0,3048.38,15.4,0.0113,122.68,2009-12-08 12:05:00,2011-11-13 10:35:00,705,100.71,United Kingdom,27,8,3048.38,4,4,5,445,1,Regular,Low
14916.0,8,2415.0,3042.95,22.71,0.0146,181.37,2010-04-01 10:57:00,2011-09-30 09:20:00,547,78.14,United Kingdom,71,8,3042.95,3,4,5,345,1,Regular,Medium
12849.0,6,1855.0,3042.47,21.13,0.0107,126.61,2010-04-27 13:44:00,2011-11-08 13:41:00,560,112.0,United Kingdom,31,6,3042.47,4,4,5,445,1,Regular,Medium
13647.0,8,1795.0,3041.68,21.88,0.0135,175.46,2010-04-15 12:55:00,2011-11-30 12:00:00,594,84.86,United Kingdom,10,8,3041.68,5,4,5,545,1,Regular,Low
15754.0,9,1762.0,3037.61,23.19,0.0149,208.7,2010-02-22 13:31:00,2011-10-19 14:40:00,604,75.5,United Kingdom,51,9,3037.61,4,5,5,455,1,Regular,Medium
14673.0,7,1822.0,3037.32,20.52,0.0172,143.3,2010-10-26 10:14:00,2011-12-06 14:31:00,406,67.67,United Kingdom,3,7,3037.32,5,4,5,545,1,Regular,Low
13557.0,13,2398.0,3032.26,16.85,0.0185,219.14,2009-12-08 17:41:00,2011-11-11 15:24:00,703,58.58,United Kingdom,28,13,3032.26,4,5,5,455,1,Regular,Low
13485.0,11,1798.0,3019.22,19.11,0.0219,210.51,2009-12-03 13:46:00,2011-04-20 13:58:00,503,50.3,United Kingdom,233,11,3019.22,2,5,5,255,1,Regular,Very High
14456.0,9,2885.0,3017.28,3.19,0.0657,28.71,2011-07-20 13:06:00,2011-12-04 13:59:00,137,17.13,United Kingdom,5,9,3017.28,5,5,5,555,1,Regular,Low
13848.0,8,9200.0,3015.0,301.5,0.0125,2404.46,2009-12-09 16:17:00,2011-09-08 12:58:00,638,91.14,United Kingdom,92,8,3015.0,3,4,5,345,1,Regular,High
12754.0,3,6481.0,3010.74,47.79,0.0411,143.38,2011-02-04 10:31:00,2011-04-18 09:00:00,73,36.5,Japan,236,3,3010.74,2,3,5,235,1,Regular,Very High
16718.0,5,1924.0,3006.08,16.98,0.0137,84.68,2009-12-06 13:07:00,2010-12-05 13:03:00,364,91.0,United Kingdom,369,5,3006.08,2,4,5,245,0,Lost,Very High
14621.0,9,1706.0,3000.57,18.87,0.0132,169.88,2010-01-25 09:08:00,2011-12-08 16:22:00,682,85.25,United Kingdom,1,9,3000.57,5,5,5,555,1,Regular,Low
13635.0,4,1884.0,2999.16,18.51,0.006,74.52,2009-12-01 09:46:00,2011-10-03 10:55:00,671,223.67,United Kingdom,68,4,2999.16,3,3,5,335,1,Regular,Medium
15810.0,8,1653.0,2999.04,18.07,0.0134,144.07,2010-02-04 18:18:00,2011-09-22 09:38:00,595,85.0,United Kingdom,79,8,2999.04,3,4,5,345,1,Regular,Medium
15182.0,11,1186.0,2998.95,23.99,0.0219,263.74,2010-02-21 12:03:00,2011-07-08 13:37:00,502,50.2,United Kingdom,154,11,2998.95,3,5,5,355,1,Regular,High
15611.0,26,747.0,2997.28,31.89,0.0386,829.66,2010-01-25 14:50:00,2011-11-30 12:36:00,674,26.96,United Kingdom,10,26,2997.28,5,5,5,555,1,Regular,Low
14161.0,7,1480.0,2996.93,10.82,0.0137,75.75,2009-12-13 11:46:00,2011-05-08 11:41:00,511,85.17,United Kingdom,216,7,2996.93,2,4,5,245,1,Regular,Very High
12457.0,8,1094.0,2995.91,35.67,0.0217,285.62,2010-09-30 17:59:00,2011-10-04 13:13:00,369,52.71,Cyprus,66,8,2995.91,3,4,5,345,1,Regular,Medium
14590.0,20,901.0,2993.37,14.82,0.0649,296.24,2009-12-07 14:10:00,2010-10-11 12:06:00,308,16.21,United Kingdom,425,20,2993.37,1,5,5,155,0,Lost,Very High
15687.0,9,1310.0,2993.1,18.03,0.028,162.56,2011-01-13 15:13:00,2011-12-01 08:33:00,322,40.25,United Kingdom,9,9,2993.1,5,5,5,555,1,Regular,Low
14344.0,20,1546.0,2993.05,13.01,0.0401,260.33,2010-03-23 15:47:00,2011-08-04 13:51:00,499,26.26,United Kingdom,127,20,2993.05,3,5,5,355,1,Regular,High
15681.0,14,1392.0,2989.7,33.97,0.026,476.06,2010-05-24 14:18:00,2011-11-14 16:30:00,539,41.46,United Kingdom,25,14,2989.7,4,5,5,455,1,Regular,Low
12374.0,4,1362.0,2989.22,36.01,0.0071,143.94,2010-04-30 14:01:00,2011-11-14 15:37:00,563,187.67,Austria,25,4,2989.22,4,3,5,435,1,Regular,Low
18241.0,21,1471.0,2986.99,18.79,0.0345,394.14,2010-04-01 11:55:00,2011-11-30 12:10:00,608,30.4,United Kingdom,10,21,2986.99,5,5,5,555,1,Regular,Low
14226.0,6,1714.0,2985.13,30.77,0.0145,184.27,2010-09-24 14:32:00,2011-11-11 11:34:00,413,82.6,United Kingdom,29,6,2985.13,4,4,5,445,1,Regular,Low
17032.0,8,1667.0,2984.32,12.59,0.044,100.82,2009-12-10 15:36:00,2010-06-10 12:16:00,182,26.0,United Kingdom,548,8,2984.32,1,4,5,145,0,Lost,Very High
16012.0,5,1760.0,2978.59,12.46,0.0101,62.17,2010-06-28 11:39:00,2011-11-04 13:25:00,494,123.5,United Kingdom,35,5,2978.59,4,4,5,445,1,Regular,Medium
17655.0,9,1268.0,2976.38,26.81,0.0222,241.64,2010-10-19 10:20:00,2011-11-29 11:34:00,406,50.75,United Kingdom,11,9,2976.38,5,5,5,555,1,Regular,Low
12838.0,10,1606.0,2975.91,8.36,0.0179,83.65,2010-04-26 09:59:00,2011-11-06 12:20:00,559,62.11,United Kingdom,34,10,2975.91,4,5,5,455,1,Regular,Medium
17692.0,12,2338.0,2975.8,18.37,0.0291,220.78,2010-06-17 11:14:00,2011-08-04 14:01:00,413,37.55,United Kingdom,127,12,2975.8,3,5,5,355,1,Regular,High
12854.0,7,1630.0,2970.97,11.38,0.0108,79.89,2009-12-11 12:55:00,2011-09-22 12:15:00,650,108.33,United Kingdom,79,7,2970.97,3,4,5,345,1,Regular,Medium
16120.0,6,2161.0,2967.51,32.26,0.0165,193.22,2010-10-13 15:07:00,2011-10-11 14:22:00,363,72.6,United Kingdom,59,6,2967.51,4,4,5,445,1,Regular,Medium
15967.0,12,1183.0,2966.0,6.18,0.0168,74.23,2009-12-01 13:29:00,2011-11-16 15:41:00,715,65.0,United Kingdom,23,12,2966.0,4,5,5,455,1,Regular,Low
14506.0,7,936.0,2960.25,7.44,0.012,51.96,2010-04-19 08:27:00,2011-11-22 13:02:00,582,97.0,United Kingdom,17,7,2960.25,5,4,5,545,1,Regular,Low
15329.0,11,1217.0,2958.83,19.21,0.016,210.85,2009-12-14 12:18:00,2011-10-31 15:36:00,686,68.6,United Kingdom,39,11,2958.83,4,5,5,455,1,Regular,Medium
16416.0,9,2198.0,2957.88,15.9,0.0143,142.79,2010-02-23 12:00:00,2011-11-13 12:50:00,628,78.5,United Kingdom,27,9,2957.88,4,5,5,455,1,Regular,Low
13012.0,11,1559.0,2957.83,19.33,0.0189,212.99,2010-04-26 14:14:00,2011-11-30 13:05:00,583,58.3,United Kingdom,9,11,2957.83,5,5,5,555,1,Regular,Low
13110.0,12,763.0,2957.47,11.74,0.017,141.1,2009-12-01 14:14:00,2011-11-08 14:30:00,707,64.27,United Kingdom,31,12,2957.47,4,5,5,455,1,Regular,Medium
16736.0,5,1050.0,2956.56,20.68,0.0216,103.18,2009-12-03 16:12:00,2010-07-22 10:09:00,231,57.75,United Kingdom,506,5,2956.56,1,4,5,145,0,Lost,Very High
14867.0,16,996.0,2952.06,21.55,0.0291,344.28,2009-12-05 15:47:00,2011-06-07 11:39:00,549,36.6,United Kingdom,186,16,2952.06,3,5,5,355,1,Regular,Very High
13253.0,4,3015.0,2951.11,39.35,0.0073,157.13,2010-01-05 12:13:00,2011-07-06 10:09:00,547,182.33,United Kingdom,157,4,2951.11,3,3,5,335,1,Regular,High
12877.0,20,2237.0,2942.14,10.74,0.0291,214.71,2010-01-18 10:23:00,2011-12-06 10:30:00,687,36.16,United Kingdom,4,20,2942.14,5,5,5,555,1,Regular,Low
15757.0,6,1757.0,2940.36,15.24,0.0124,91.09,2010-06-10 13:47:00,2011-10-05 12:14:00,482,96.4,United Kingdom,66,6,2940.36,3,4,5,345,1,Regular,Medium
17444.0,3,2119.0,2940.04,21.78,0.12,65.34,2011-06-20 09:04:00,2011-07-15 12:05:00,25,12.5,Canada,148,3,2940.04,3,3,5,335,1,Regular,High
17588.0,7,1379.0,2939.55,41.4,0.013,289.01,2010-03-12 12:34:00,2011-08-31 13:37:00,537,89.5,United Kingdom,100,7,2939.55,3,4,5,345,1,Regular,High
14544.0,3,2412.0,2938.53,15.71,0.0067,46.94,2010-08-26 16:00:00,2011-11-15 15:06:00,446,223.0,United Kingdom,24,3,2938.53,4,3,5,435,1,Regular,Low
12967.0,3,912.0,2938.52,45.21,0.12,135.63,2010-11-21 11:03:00,2010-12-16 19:10:00,25,12.5,United Kingdom,358,3,2938.52,2,3,5,235,0,Lost,Very High
12635.0,4,1949.0,2930.41,16.37,0.0109,65.48,2010-09-09 10:50:00,2011-09-11 11:04:00,367,122.33,Germany,90,4,2930.41,3,3,5,335,1,Regular,Medium
15312.0,12,1693.0,2930.19,17.98,0.0185,215.54,2009-12-16 09:23:00,2011-09-25 13:10:00,648,58.91,United Kingdom,75,12,2930.19,3,5,5,355,1,Regular,Medium
13890.0,14,1392.0,2927.38,16.92,0.0191,236.56,2009-12-06 15:15:00,2011-12-08 15:36:00,732,56.31,United Kingdom,1,14,2927.38,5,5,5,555,1,Regular,Low
12906.0,5,1749.0,2919.81,46.35,0.0746,231.67,2011-09-22 15:03:00,2011-11-28 09:55:00,67,16.75,United Kingdom,12,5,2919.81,5,4,5,545,1,Regular,Low
16358.0,5,2065.0,2919.65,18.96,0.0127,94.63,2010-11-10 11:36:00,2011-12-08 15:09:00,393,98.25,United Kingdom,1,5,2919.65,5,4,5,545,1,Regular,Low
13764.0,6,2084.0,2919.62,7.89,0.0105,47.39,2010-03-07 12:56:00,2011-09-30 12:03:00,572,114.4,United Kingdom,71,6,2919.62,3,4,5,345,1,Regular,Medium
15392.0,7,2144.0,2911.62,20.22,0.0164,141.6,2010-10-04 12:50:00,2011-12-05 11:01:00,427,71.17,United Kingdom,5,7,2911.62,5,4,5,545,1,Regular,Low
13784.0,14,2827.0,2910.23,67.68,0.0317,946.15,2010-09-15 12:27:00,2011-11-30 09:33:00,441,33.92,United Kingdom,10,14,2910.23,5,5,5,555,1,Regular,Low
14524.0,13,1169.0,2909.86,9.04,0.0338,117.64,2010-10-19 11:44:00,2011-11-08 12:29:00,385,32.08,United Kingdom,32,13,2909.86,4,5,4,454,1,Regular,Medium
12438.0,2,1180.0,2906.85,29.66,0.0159,59.42,2011-07-22 13:29:00,2011-11-25 13:28:00,126,126.0,Norway,14,2,2906.85,5,2,4,524,1,Regular,Low
14233.0,7,1261.0,2904.27,39.78,0.0118,279.3,2010-03-05 16:35:00,2011-10-21 15:54:00,595,99.17,United Kingdom,49,7,2904.27,4,4,4,444,1,Regular,Medium
14293.0,9,1558.0,2903.01,24.4,0.0124,219.66,2009-12-10 10:57:00,2011-12-06 15:17:00,726,90.75,United Kingdom,3,9,2903.01,5,5,4,554,1,Regular,Low
16383.0,7,1596.0,2896.69,7.24,0.0117,50.74,2010-02-04 13:18:00,2011-09-26 12:45:00,599,99.83,United Kingdom,75,7,2896.69,3,4,4,344,1,Regular,Medium
17242.0,5,1459.0,2889.28,34.4,0.0087,172.39,2010-01-24 10:27:00,2011-08-23 14:55:00,576,144.0,United Kingdom,108,5,2889.28,3,4,4,344,1,Regular,High
13501.0,3,1253.0,2885.11,25.31,0.0106,75.66,2010-05-18 13:24:00,2011-02-24 18:59:00,282,141.0,Switzerland,288,3,2885.11,2,3,4,234,0,Lost,Very High
16633.0,6,1138.0,2883.1,18.97,0.0276,113.62,2011-04-19 14:36:00,2011-11-22 13:41:00,217,43.4,United Kingdom,17,6,2883.1,5,4,4,544,1,Regular,Low
14251.0,5,1674.0,2879.7,36.92,0.0893,184.63,2011-10-13 12:46:00,2011-12-08 08:32:00,56,14.0,United Kingdom,2,5,2879.7,5,4,4,544,1,Regular,Low
12806.0,4,2087.0,2878.96,42.97,0.0261,171.59,2010-04-30 10:44:00,2010-09-30 13:34:00,153,51.0,Netherlands,435,4,2878.96,1,3,4,134,0,Lost,Very High
18170.0,9,1184.0,2878.0,22.84,0.0135,205.66,2010-01-08 14:10:00,2011-11-06 14:35:00,667,83.38,United Kingdom,33,9,2878.0,4,5,4,454,1,Regular,Medium
14005.0,5,2478.0,2874.72,34.22,0.0243,171.3,2011-05-08 10:33:00,2011-11-30 12:41:00,206,51.5,United Kingdom,10,5,2874.72,5,4,4,544,1,Regular,Low
15043.0,6,1019.0,2870.32,56.28,0.012,339.03,2010-06-24 15:50:00,2011-11-08 14:26:00,502,100.4,United Kingdom,31,6,2870.32,4,4,4,444,1,Regular,Medium
16467.0,7,7384.0,2869.16,119.55,0.0306,837.73,2009-12-02 11:59:00,2010-07-19 11:49:00,229,38.17,United Kingdom,509,7,2869.16,1,4,4,144,0,Lost,Very High
16711.0,9,1212.0,2868.48,86.92,0.0123,784.73,2009-12-02 13:22:00,2011-12-06 16:32:00,734,91.75,United Kingdom,3,9,2868.48,5,5,4,554,1,Regular,Low
16229.0,6,1292.0,2867.86,16.29,0.0126,97.91,2010-05-24 12:59:00,2011-09-13 17:16:00,477,95.4,United Kingdom,87,6,2867.86,3,4,4,344,1,Regular,Medium
17961.0,100,1491.0,2866.74,4.55,0.1395,455.1,2009-12-01 14:48:00,2011-11-18 16:55:00,717,7.24,United Kingdom,21,100,2866.74,4,5,4,454,1,Regular,Low
14758.0,7,840.0,2864.97,21.07,0.015,147.28,2010-04-08 08:27:00,2011-07-18 08:21:00,466,77.67,United Kingdom,145,7,2864.97,3,4,4,344,1,Regular,High
16755.0,7,1985.0,2864.68,8.98,0.0114,63.06,2009-12-09 14:25:00,2011-08-17 13:21:00,616,102.67,United Kingdom,114,7,2864.68,3,4,4,344,1,Regular,High
16062.0,8,2035.0,2863.45,15.48,0.0152,124.0,2010-06-21 13:32:00,2011-11-30 12:15:00,527,75.29,United Kingdom,10,8,2863.45,5,4,4,544,1,Regular,Low
12685.0,6,1523.0,2863.08,18.24,0.0923,109.43,2011-09-07 10:28:00,2011-11-11 13:46:00,65,13.0,France,28,6,2863.08,4,4,4,444,1,Regular,Low
14875.0,3,1332.0,2862.4,32.16,0.009,96.67,2010-09-24 10:28:00,2011-08-24 12:20:00,334,167.0,United Kingdom,108,3,2862.4,3,3,4,334,1,Regular,High
13963.0,17,2007.0,2860.57,17.34,0.0588,294.66,2010-04-21 16:20:00,2011-02-04 14:43:00,289,18.06,United Kingdom,308,17,2860.57,2,5,4,254,1,Regular,Very High
16979.0,9,1451.0,2859.74,22.17,0.0201,199.19,2010-09-15 14:30:00,2011-12-06 12:21:00,447,55.88,United Kingdom,4,9,2859.74,5,5,4,554,1,Regular,Low
15563.0,7,3005.0,2859.46,11.13,0.0106,77.63,2010-01-28 11:36:00,2011-11-17 14:50:00,658,109.67,United Kingdom,22,7,2859.46,4,4,4,444,1,Regular,Low
16225.0,15,1281.0,2859.31,9.53,0.024,143.18,2010-02-07 12:41:00,2011-10-26 08:30:00,626,44.71,United Kingdom,45,15,2859.31,4,5,4,454,1,Regular,Medium
13728.0,16,1269.0,2855.17,17.41,0.0231,279.11,2009-12-09 17:13:00,2011-11-03 10:49:00,694,46.27,United Kingdom,37,16,2855.17,4,5,4,454,1,Regular,Medium
12352.0,10,724.0,2849.84,27.67,0.0281,276.8,2010-11-12 10:20:00,2011-11-03 14:37:00,356,39.56,Norway,36,10,2849.84,4,5,4,454,1,Regular,Medium
14935.0,2,1931.0,2849.83,109.61,0.0062,218.83,2010-03-30 11:48:00,2011-02-15 14:44:00,322,322.0,Channel Islands,297,2,2849.83,2,2,4,224,0,Lost,Very High
12676.0,11,1867.0,2843.09,26.57,0.024,292.7,2010-08-13 13:29:00,2011-11-15 12:25:00,459,45.9,Sweden,25,11,2843.09,4,5,4,454,1,Regular,Low
16554.0,8,1346.0,2841.72,17.02,0.0117,135.81,2009-12-15 09:42:00,2011-10-28 14:51:00,682,97.43,United Kingdom,42,8,2841.72,4,4,4,444,1,Regular,Medium
14711.0,11,966.0,2839.62,8.23,0.0437,90.63,2011-03-22 13:32:00,2011-11-29 14:58:00,252,25.2,United Kingdom,10,11,2839.62,5,5,4,554,1,Regular,Low
14842.0,4,1166.0,2824.69,19.48,0.0151,77.95,2011-02-04 15:32:00,2011-10-27 12:37:00,265,88.33,United Kingdom,44,4,2824.69,4,3,4,434,1,Regular,Medium
15797.0,6,1281.0,2821.08,235.09,0.0106,1415.43,2010-01-27 13:12:00,2011-08-18 17:04:00,568,113.6,United Kingdom,113,6,2821.08,3,4,4,344,1,Regular,High
16775.0,16,957.0,2820.84,10.89,0.037,174.07,2010-09-23 17:34:00,2011-11-29 15:22:00,432,28.8,United Kingdom,10,16,2820.84,5,5,4,554,1,Regular,Low
17228.0,13,2354.0,2820.03,8.62,0.0209,112.06,2010-03-12 11:54:00,2011-11-24 10:24:00,622,51.83,United Kingdom,16,13,2820.03,5,5,4,554,1,Regular,Low
13477.0,11,2091.0,2819.17,17.96,0.017,197.24,2010-01-25 11:52:00,2011-11-02 12:04:00,646,64.6,United Kingdom,38,11,2819.17,4,5,4,454,1,Regular,Medium
13032.0,9,1274.0,2815.96,13.6,0.0221,122.63,2010-09-05 14:01:00,2011-10-18 15:54:00,408,51.0,United Kingdom,52,9,2815.96,4,5,4,454,1,Regular,Medium
17386.0,7,1955.0,2812.77,74.02,0.0185,517.62,2010-11-19 13:40:00,2011-12-02 11:28:00,378,63.0,United Kingdom,8,7,2812.77,5,4,4,544,1,Regular,Low
16871.0,6,1253.0,2812.34,20.53,0.0242,123.21,2011-03-14 10:31:00,2011-11-17 19:27:00,248,49.6,United Kingdom,22,6,2812.34,4,4,4,444,1,Regular,Low
13799.0,9,1539.0,2803.57,26.45,0.017,237.42,2010-03-05 16:39:00,2011-08-15 12:07:00,528,66.0,United Kingdom,117,9,2803.57,3,5,4,354,1,Regular,High
13205.0,1,256.0,2803.2,2803.2,,,2010-09-22 16:26:00,2010-09-22 16:26:00,0,,United Kingdom,443,1,2803.2,1,1,4,114,0,Lost,Very High
12826.0,12,1915.0,2800.75,17.84,0.0167,214.21,2009-12-18 10:43:00,2011-12-07 10:25:00,719,65.36,United Kingdom,3,12,2800.75,5,5,4,554,1,Regular,Low
16742.0,14,2558.0,2799.87,26.92,0.0207,377.25,2009-12-16 17:22:00,2011-10-24 12:02:00,677,52.08,United Kingdom,47,14,2799.87,4,5,4,454,1,Regular,Medium
13330.0,6,1951.0,2796.1,23.9,0.0107,143.72,2010-02-23 10:12:00,2011-09-08 12:27:00,562,112.4,United Kingdom,93,6,2796.1,3,4,4,344,1,Regular,High
14903.0,5,1531.0,2795.33,7.99,0.0195,40.04,2011-03-06 11:50:00,2011-11-18 16:07:00,257,64.25,United Kingdom,21,5,2795.33,4,4,4,444,1,Regular,Low
14035.0,9,1405.0,2794.75,19.27,0.0154,173.31,2010-04-06 12:39:00,2011-11-11 10:03:00,584,73.0,United Kingdom,29,9,2794.75,4,5,4,454,1,Regular,Low
15353.0,7,1391.0,2794.47,7.76,0.0145,54.35,2009-12-02 11:33:00,2011-03-30 12:15:00,483,80.5,United Kingdom,255,7,2794.47,2,4,4,244,1,Regular,Very High
12863.0,6,895.0,2792.55,58.18,0.0112,349.92,2010-04-29 13:54:00,2011-10-18 14:15:00,537,107.4,United Kingdom,52,6,2792.55,4,4,4,444,1,Regular,Medium
17530.0,12,1741.0,2791.69,5.85,0.0164,70.23,2009-12-06 16:17:00,2011-12-08 18:42:00,732,66.55,United Kingdom,1,12,2791.69,5,5,4,554,1,Regular,Low
16764.0,13,1253.0,2790.95,3.99,0.0929,51.89,2011-07-19 17:17:00,2011-12-06 11:41:00,140,11.67,United Kingdom,4,13,2790.95,5,5,4,554,1,Regular,Low
17284.0,8,2069.0,2788.06,7.47,0.0208,59.82,2010-09-20 16:18:00,2011-10-10 14:38:00,385,55.0,United Kingdom,60,8,2788.06,3,4,4,344,1,Regular,Medium
15073.0,8,1410.0,2788.02,17.53,0.0119,140.18,2010-01-27 08:48:00,2011-11-30 10:44:00,672,96.0,United Kingdom,10,8,2788.02,5,4,4,544,1,Regular,Low
17552.0,12,1951.0,2786.77,19.49,0.0212,234.28,2010-03-22 09:19:00,2011-10-10 17:00:00,567,51.55,United Kingdom,60,12,2786.77,3,5,4,354,1,Regular,Medium
13719.0,11,1588.0,2783.08,11.22,0.0198,123.52,2010-05-17 14:36:00,2011-11-24 15:26:00,556,55.6,United Kingdom,15,11,2783.08,5,5,4,554,1,Regular,Low
14121.0,4,2082.0,2780.15,17.49,0.0714,69.93,2011-10-11 10:39:00,2011-12-06 12:19:00,56,18.67,United Kingdom,4,4,2780.15,5,3,4,534,1,Regular,Low
17790.0,20,1387.0,2779.41,9.2,0.0386,183.95,2010-06-13 13:30:00,2011-11-13 11:30:00,518,27.26,United Kingdom,27,20,2779.41,4,5,4,454,1,Regular,Low
14869.0,6,2130.0,2778.14,11.39,0.0084,68.41,2009-12-16 11:43:00,2011-12-01 12:36:00,715,143.0,United Kingdom,9,6,2778.14,5,4,4,544,1,Regular,Low
15993.0,7,2037.0,2777.67,5.12,0.1944,35.83,2011-10-26 16:21:00,2011-12-01 10:45:00,36,6.0,United Kingdom,9,7,2777.67,5,4,4,544,1,Regular,Low
16104.0,9,1047.0,2774.46,11.96,0.0134,107.7,2009-12-06 10:41:00,2011-10-09 10:23:00,672,84.0,United Kingdom,62,9,2774.46,3,5,4,354,1,Regular,Medium
17031.0,6,1595.0,2773.85,55.48,0.0105,332.05,2010-05-07 14:52:00,2011-11-28 10:23:00,570,114.0,United Kingdom,12,6,2773.85,5,4,4,544,1,Regular,Low
15235.0,16,1676.0,2772.76,15.58,0.0936,249.37,2010-11-16 12:48:00,2011-05-06 09:44:00,171,11.4,United Kingdom,218,16,2772.76,2,5,4,254,1,Regular,Very High
15965.0,13,1313.0,2771.94,8.35,0.0181,108.67,2009-12-03 11:45:00,2011-11-22 16:44:00,719,59.92,United Kingdom,17,13,2771.94,5,5,4,554,1,Regular,Low
13695.0,16,1791.0,2770.73,28.86,0.0293,461.7,2010-05-11 11:07:00,2011-11-08 14:26:00,546,36.4,United Kingdom,31,16,2770.73,4,5,4,454,1,Regular,Medium
18210.0,7,1499.0,2768.83,19.23,0.0184,134.81,2010-11-22 09:39:00,2011-12-08 11:02:00,381,63.5,United Kingdom,2,7,2768.83,5,4,4,544,1,Regular,Low
15817.0,3,1596.0,2766.4,18.2,0.0244,54.62,2010-06-14 13:31:00,2010-10-15 11:07:00,123,61.5,United Kingdom,421,3,2766.4,1,3,4,134,0,Lost,Very High
13813.0,8,1292.0,2765.47,19.34,0.0115,154.35,2009-12-06 10:16:00,2011-10-31 10:38:00,694,99.14,Germany,40,8,2765.47,4,4,4,444,1,Regular,Medium
16407.0,14,1448.0,2761.65,12.27,0.0333,171.61,2010-10-03 13:56:00,2011-11-27 11:05:00,420,32.31,United Kingdom,13,14,2761.65,5,5,4,554,1,Regular,Low
17115.0,7,885.0,2761.49,23.01,0.0096,160.37,2009-12-05 12:13:00,2011-12-01 14:30:00,726,121.0,United Kingdom,8,7,2761.49,5,4,4,544,1,Regular,Low
17368.0,14,2319.0,2758.29,12.2,0.02,171.04,2009-12-15 17:45:00,2011-11-16 15:26:00,701,53.92,United Kingdom,23,14,2758.29,4,5,4,454,1,Regular,Low
16335.0,7,1004.0,2753.52,7.63,0.038,53.35,2009-12-04 10:18:00,2010-06-06 11:35:00,184,30.67,United Kingdom,552,7,2753.52,1,4,4,144,0,Lost,Very High
17870.0,13,1699.0,2753.29,10.12,0.0343,131.56,2010-11-23 11:39:00,2011-12-07 15:07:00,379,31.58,United Kingdom,2,13,2753.29,5,5,4,554,1,Regular,Low
13736.0,7,1549.0,2752.47,4.97,0.0096,34.73,2009-12-06 12:07:00,2011-12-04 15:19:00,728,121.33,United Kingdom,5,7,2752.47,5,4,4,544,1,Regular,Low
17490.0,9,1531.0,2750.5,23.71,0.0158,213.16,2010-05-19 12:40:00,2011-12-09 09:08:00,569,71.13,United Kingdom,1,9,2750.5,5,5,4,554,1,Regular,Low
14665.0,7,1144.0,2749.65,20.83,0.0132,146.28,2010-04-26 11:17:00,2011-10-10 09:14:00,532,88.67,United Kingdom,61,7,2749.65,3,4,4,344,1,Regular,Medium
12982.0,8,1729.0,2744.81,15.42,0.022,123.48,2010-04-12 13:50:00,2011-04-11 11:51:00,364,52.0,United Kingdom,243,8,2744.81,2,4,4,244,1,Regular,Very High
12669.0,3,1115.0,2744.03,27.17,0.0283,81.5,2011-03-28 10:15:00,2011-07-12 09:54:00,106,53.0,France,151,3,2744.03,3,3,4,334,1,Regular,High
15841.0,9,2391.0,2742.41,29.81,0.0137,268.32,2009-12-10 08:29:00,2011-09-28 12:15:00,657,82.13,United Kingdom,73,9,2742.41,3,5,4,354,1,Regular,Medium
13077.0,11,2468.0,2740.65,8.31,0.0151,91.22,2009-12-11 11:17:00,2011-12-08 19:24:00,727,72.7,United Kingdom,1,11,2740.65,5,5,4,554,1,Regular,Low
17241.0,12,859.0,2736.64,16.1,0.0433,193.11,2010-02-15 14:47:00,2010-11-19 13:01:00,277,25.18,United Kingdom,385,12,2736.64,2,5,4,254,0,Lost,Very High
15389.0,5,3940.0,2733.8,455.63,0.0098,2272.77,2010-01-27 12:44:00,2011-06-20 16:18:00,509,127.25,United Kingdom,172,5,2733.8,3,4,4,344,1,Regular,High
12986.0,10,1164.0,2729.84,26.76,0.0386,267.53,2010-01-21 10:45:00,2010-10-07 11:57:00,259,28.78,United Kingdom,429,10,2729.84,1,5,4,154,0,Lost,Very High
15596.0,9,1208.0,2727.72,17.6,0.0226,158.71,2010-07-28 11:46:00,2011-08-31 10:55:00,399,49.88,United Kingdom,101,9,2727.72,3,5,4,354,1,Regular,High
12739.0,4,951.0,2726.73,30.64,0.0127,122.96,2010-11-10 14:27:00,2011-09-22 13:00:00,316,105.33,United Arab Emirates,78,4,2726.73,3,3,4,334,1,Regular,Medium
12391.0,6,1204.0,2724.84,10.21,0.0094,61.52,2010-02-15 10:12:00,2011-11-18 12:07:00,641,128.2,Cyprus,22,6,2724.84,4,4,4,444,1,Regular,Low
14404.0,13,1577.0,2724.13,15.05,0.019,196.16,2009-12-20 14:40:00,2011-11-06 12:30:00,686,57.17,United Kingdom,34,13,2724.13,4,5,4,454,1,Regular,Medium
16190.0,8,1231.0,2723.55,22.89,0.0117,183.45,2009-12-14 11:59:00,2011-10-30 15:59:00,685,97.86,United Kingdom,40,8,2723.55,4,4,4,444,1,Regular,Medium
14125.0,3,1628.0,2720.63,16.39,0.0441,49.15,2011-09-22 15:40:00,2011-11-29 12:47:00,68,34.0,United Kingdom,11,3,2720.63,5,3,4,534,1,Regular,Low
14808.0,8,2120.0,2718.6,11.77,0.0602,94.24,2011-06-20 12:53:00,2011-10-31 12:21:00,133,19.0,United Kingdom,40,8,2718.6,4,4,4,444,1,Regular,Medium
15985.0,7,2750.0,2715.28,26.11,0.016,182.98,2010-05-27 15:51:00,2011-08-08 16:31:00,438,73.0,United Kingdom,123,7,2715.28,3,4,4,344,1,Regular,High
16232.0,7,1849.0,2712.97,25.84,0.0138,180.79,2010-06-07 14:04:00,2011-10-27 12:16:00,507,84.5,United Kingdom,44,7,2712.97,4,4,4,444,1,Regular,Medium
17884.0,20,2749.0,2698.47,6.65,0.0273,132.89,2009-12-04 16:23:00,2011-12-06 11:33:00,732,38.53,United Kingdom,4,20,2698.47,5,5,4,554,1,Regular,Low
16359.0,16,1764.0,2697.75,21.58,0.0245,345.78,2010-02-16 10:39:00,2011-12-02 17:04:00,654,43.6,United Kingdom,7,16,2697.75,5,5,4,554,1,Regular,Low
18173.0,5,1730.0,2696.36,59.92,0.0095,299.42,2010-04-06 10:43:00,2011-09-14 11:26:00,526,131.5,United Kingdom,87,5,2696.36,3,4,4,344,1,Regular,Medium
12820.0,11,1964.0,2689.52,16.92,0.015,185.53,2009-12-05 13:37:00,2011-12-06 15:12:00,731,73.1,United Kingdom,3,11,2689.52,5,5,4,554,1,Regular,Low
16086.0,10,1450.0,2687.73,20.84,0.0147,207.7,2009-12-02 13:20:00,2011-10-11 13:09:00,678,75.33,United Kingdom,59,10,2687.73,4,5,4,454,1,Regular,Medium
14748.0,10,2422.0,2681.9,16.87,0.0162,168.35,2010-03-04 17:08:00,2011-11-10 18:33:00,616,68.44,United Kingdom,29,10,2681.9,4,5,4,454,1,Regular,Low
17388.0,11,2555.0,2675.37,48.64,0.0169,535.95,2009-12-10 11:45:00,2011-09-23 10:31:00,652,65.2,United Kingdom,78,11,2675.37,3,5,4,354,1,Regular,Medium
16434.0,12,1310.0,2673.69,14.85,0.0181,177.94,2010-01-17 14:51:00,2011-11-10 14:28:00,662,60.18,United Kingdom,29,12,2673.69,4,5,4,454,1,Regular,Low
17720.0,10,1589.0,2666.91,20.2,0.0181,201.82,2010-05-10 09:58:00,2011-11-13 15:04:00,552,61.33,United Kingdom,26,10,2666.91,4,5,4,454,1,Regular,Low
18283.0,22,1679.0,2664.9,2.84,0.0336,62.5,2010-02-19 17:16:00,2011-12-06 12:02:00,655,31.19,United Kingdom,4,22,2664.9,5,5,4,554,1,Regular,Low
15910.0,15,2158.0,2661.17,4.29,0.0218,64.25,2010-01-21 11:51:00,2011-12-09 10:51:00,687,49.07,United Kingdom,1,15,2661.17,5,5,4,554,1,Regular,Low
13473.0,8,1000.0,2657.76,37.97,0.012,302.54,2009-12-15 19:02:00,2011-10-10 11:20:00,664,94.86,United Kingdom,61,8,2657.76,3,4,4,344,1,Regular,Medium
15671.0,7,1699.0,2657.13,34.07,0.0278,238.68,2011-03-14 09:37:00,2011-11-21 12:43:00,252,42.0,United Kingdom,19,7,2657.13,5,4,4,544,1,Regular,Low
16369.0,7,1589.0,2656.56,15.72,0.0118,110.0,2010-04-07 16:52:00,2011-11-21 16:25:00,593,98.83,United Kingdom,18,7,2656.56,5,4,4,544,1,Regular,Low
15157.0,5,3466.0,2654.11,17.46,0.0069,87.46,2009-12-10 14:44:00,2011-12-06 11:28:00,726,181.5,United Kingdom,4,5,2654.11,5,4,4,544,1,Regular,Low
14756.0,3,1423.0,2653.76,22.3,0.0073,66.58,2010-10-11 11:50:00,2011-11-24 18:13:00,409,204.5,United Kingdom,15,3,2653.76,5,3,4,534,1,Regular,Low
17744.0,7,3826.0,2649.14,17.54,0.0186,122.99,2010-11-24 09:34:00,2011-12-06 12:11:00,377,62.83,United Kingdom,4,7,2649.14,5,4,4,544,1,Regular,Low
12516.0,4,1952.0,2648.62,35.79,0.0077,143.85,2010-04-19 14:14:00,2011-09-23 09:13:00,522,174.0,Germany,78,4,2648.62,3,3,4,334,1,Regular,Medium
13203.0,10,2413.0,2648.25,15.67,0.014,156.42,2009-12-17 14:15:00,2011-11-30 10:45:00,713,79.22,United Kingdom,10,10,2648.25,5,5,4,554,1,Regular,Low
16618.0,5,1363.0,2647.59,27.58,0.0172,138.04,2011-01-21 11:55:00,2011-11-08 13:52:00,291,72.75,United Kingdom,31,5,2647.59,4,4,4,444,1,Regular,Medium
13819.0,6,2309.0,2642.35,26.16,0.0137,156.62,2009-12-01 16:18:00,2011-02-11 10:38:00,437,87.4,United Kingdom,302,6,2642.35,2,4,4,244,0,Lost,Very High
15814.0,6,1728.0,2634.44,26.88,0.0102,160.94,2010-04-15 14:31:00,2011-11-23 08:17:00,587,117.4,United Kingdom,17,6,2634.44,5,4,4,544,1,Regular,Low
12520.0,5,1439.0,2634.26,17.33,0.0258,86.74,2011-03-11 11:35:00,2011-09-21 15:23:00,194,48.5,Germany,79,5,2634.26,3,4,4,344,1,Regular,Medium
14410.0,11,1369.0,2631.9,6.84,0.0319,75.28,2010-09-28 15:46:00,2011-09-08 15:08:00,345,34.5,United Kingdom,92,11,2631.9,3,5,4,354,1,Regular,High
16276.0,3,1467.0,2629.39,101.13,0.007,305.11,2010-04-11 12:02:00,2011-06-16 09:34:00,431,215.5,United Kingdom,177,3,2629.39,3,3,4,334,1,Regular,High
17470.0,11,2731.0,2626.47,16.94,0.0237,186.29,2010-07-19 16:16:00,2011-10-26 12:42:00,464,46.4,United Kingdom,45,11,2626.47,4,5,4,454,1,Regular,Medium
13422.0,1,1326.0,2626.3,20.68,,,2011-10-06 13:42:00,2011-10-06 13:42:00,0,,United Kingdom,64,1,2626.3,3,1,4,314,1,Regular,Medium
13644.0,4,2067.0,2624.26,17.97,0.0449,71.81,2011-08-26 11:53:00,2011-11-23 14:07:00,89,29.67,United Kingdom,16,4,2624.26,5,3,4,534,1,Regular,Low
12671.0,1,1460.0,2622.48,58.28,,,2010-04-12 16:30:00,2010-04-12 16:30:00,0,,Germany,606,1,2622.48,1,1,4,114,0,Lost,Very High
12423.0,10,1793.0,2622.39,15.89,0.0215,158.86,2010-08-31 09:31:00,2011-12-09 10:10:00,465,51.67,Belgium,1,10,2622.39,5,5,4,554,1,Regular,Low
15142.0,6,2155.0,2619.92,18.45,0.0132,110.57,2010-07-27 09:05:00,2011-10-24 12:51:00,454,90.8,United Kingdom,46,6,2619.92,4,4,4,444,1,Regular,Medium
13211.0,10,1845.0,2618.77,13.03,0.0138,130.01,2009-12-06 15:24:00,2011-11-29 14:43:00,723,80.33,United Kingdom,10,10,2618.77,5,5,4,554,1,Regular,Low
14262.0,8,1645.0,2618.23,18.31,0.0345,146.55,2011-04-13 12:23:00,2011-12-01 14:17:00,232,33.14,United Kingdom,8,8,2618.23,5,4,4,544,1,Regular,Low
14195.0,6,2144.0,2615.6,163.48,0.0139,983.94,2010-03-15 17:12:00,2011-05-22 10:29:00,433,86.6,United Kingdom,202,6,2615.6,2,4,4,244,1,Regular,Very High
14431.0,4,1202.0,2614.2,32.27,0.0104,129.21,2010-01-21 10:49:00,2011-02-10 10:40:00,385,128.33,United Kingdom,303,4,2614.2,2,3,4,234,0,Lost,Very High
14397.0,19,1890.0,2612.96,30.03,0.09,570.27,2011-05-10 12:25:00,2011-12-07 09:22:00,211,11.72,United Kingdom,3,19,2612.96,5,5,4,554,1,Regular,Low
14564.0,2,1295.0,2605.62,24.35,0.0066,48.37,2009-12-04 09:27:00,2010-10-01 09:02:00,301,301.0,Channel Islands,435,2,2605.62,1,2,4,124,0,Lost,Very High
15660.0,15,1783.0,2603.69,17.24,0.0232,258.78,2010-02-05 16:01:00,2011-11-14 16:58:00,647,46.21,United Kingdom,25,15,2603.69,4,5,4,454,1,Regular,Low
17317.0,3,1146.0,2600.34,288.93,0.0698,867.19,2011-09-11 12:45:00,2011-10-24 17:19:00,43,21.5,United Kingdom,46,3,2600.34,4,3,4,434,1,Regular,Medium
15826.0,4,1824.0,2598.28,21.83,0.0078,87.18,2010-05-20 17:00:00,2011-10-14 16:05:00,512,170.67,United Kingdom,56,4,2598.28,4,3,4,434,1,Regular,Medium
13700.0,13,2786.0,2596.97,10.82,0.0202,140.76,2010-02-07 10:53:00,2011-11-13 13:00:00,644,53.67,United Kingdom,26,13,2596.97,4,5,4,454,1,Regular,Low
12412.0,6,1997.0,2596.93,20.45,0.0129,122.67,2010-06-18 13:22:00,2011-09-26 10:16:00,465,93.0,Denmark,75,6,2596.93,3,4,4,344,1,Regular,Medium
14163.0,5,950.0,2594.62,44.73,0.0133,223.09,2010-09-03 17:15:00,2011-09-13 15:18:00,375,93.75,United Kingdom,87,5,2594.62,3,4,4,344,1,Regular,Medium
14229.0,7,934.0,2594.04,36.03,0.0167,252.71,2010-08-25 11:47:00,2011-10-19 10:04:00,420,70.0,United Kingdom,52,7,2594.04,4,4,4,444,1,Regular,Medium
17043.0,8,1616.0,2593.65,13.03,0.0115,104.59,2009-12-09 15:20:00,2011-11-07 15:33:00,698,99.71,United Kingdom,32,8,2593.65,4,4,4,444,1,Regular,Medium
14129.0,9,1414.0,2591.34,23.77,0.0156,214.33,2010-05-09 14:54:00,2011-12-08 11:02:00,578,72.25,United Kingdom,2,9,2591.34,5,5,4,554,1,Regular,Low
14147.0,9,995.0,2590.2,86.34,0.016,776.37,2010-03-09 13:43:00,2011-09-22 18:10:00,562,70.25,United Kingdom,78,9,2590.2,3,5,4,354,1,Regular,Medium
16206.0,13,1379.0,2589.87,10.79,0.0206,140.03,2010-01-24 15:25:00,2011-10-16 10:41:00,630,52.5,United Kingdom,55,13,2589.87,4,5,4,454,1,Regular,Medium
15062.0,8,1872.0,2585.62,16.26,0.0148,129.71,2010-04-08 15:41:00,2011-09-29 16:51:00,539,77.0,United Kingdom,71,8,2585.62,3,4,4,344,1,Regular,Medium
12592.0,5,1875.0,2582.66,31.88,0.0117,159.27,2010-07-08 14:06:00,2011-09-08 15:04:00,427,106.75,Germany,92,5,2582.66,3,4,4,344,1,Regular,High
16499.0,8,1364.0,2578.34,17.91,0.043,143.24,2010-06-11 12:22:00,2010-12-14 13:31:00,186,26.57,United Kingdom,360,8,2578.34,2,4,4,244,0,Lost,Very High
17095.0,7,1695.0,2572.25,18.78,0.01,131.84,2009-12-15 12:32:00,2011-11-17 12:21:00,702,117.0,United Kingdom,23,7,2572.25,4,4,4,444,1,Regular,Low
17002.0,7,1265.0,2571.55,30.61,0.0126,214.44,2010-03-08 15:46:00,2011-09-15 12:40:00,556,92.67,United Kingdom,86,7,2571.55,3,4,4,344,1,Regular,Medium
15434.0,11,1423.0,2567.06,19.16,0.0163,211.12,2010-01-24 15:35:00,2011-12-01 13:33:00,676,67.6,United Kingdom,8,11,2567.06,5,5,4,554,1,Regular,Low
16817.0,13,1401.0,2560.7,18.16,0.0303,236.06,2010-10-04 09:06:00,2011-12-07 11:03:00,429,35.75,United Kingdom,3,13,2560.7,5,5,4,554,1,Regular,Low
13192.0,6,1629.0,2558.58,15.79,0.0102,95.19,2010-01-22 08:37:00,2011-09-05 14:13:00,591,118.2,United Kingdom,95,6,2558.58,3,4,4,344,1,Regular,High
15033.0,10,1672.0,2557.18,5.1,0.0308,51.05,2011-01-14 13:28:00,2011-12-05 12:40:00,325,36.11,United Kingdom,5,10,2557.18,5,5,4,554,1,Regular,Low
16036.0,4,1369.0,2556.84,18.26,0.0075,72.99,2010-03-29 14:47:00,2011-09-13 14:53:00,533,177.67,United Kingdom,87,4,2556.84,3,3,4,334,1,Regular,Medium
13862.0,9,1927.0,2556.09,15.98,0.0243,144.06,2010-11-15 13:43:00,2011-11-21 16:24:00,371,46.38,United Kingdom,18,9,2556.09,5,5,4,554,1,Regular,Low
16115.0,12,1589.0,2553.8,6.09,0.0212,72.95,2010-05-14 11:59:00,2011-11-30 11:32:00,565,51.36,United Kingdom,10,12,2553.8,5,5,4,554,1,Regular,Low
14745.0,12,1969.0,2551.41,18.22,0.0229,219.05,2010-03-12 10:33:00,2011-08-19 10:05:00,525,47.73,United Kingdom,113,12,2551.41,3,5,4,354,1,Regular,High
18179.0,8,1811.0,2547.55,23.37,0.0122,186.46,2010-02-14 15:51:00,2011-11-30 16:23:00,654,93.43,United Kingdom,9,8,2547.55,5,4,4,544,1,Regular,Low
17465.0,7,1477.0,2542.79,17.91,0.0225,125.33,2009-12-03 13:25:00,2010-10-10 11:56:00,311,51.83,United Kingdom,426,7,2542.79,1,4,4,144,0,Lost,Very High
14548.0,9,986.0,2541.29,23.1,0.0154,207.4,2009-12-06 14:00:00,2011-07-12 12:19:00,583,72.88,United Kingdom,151,9,2541.29,3,5,4,354,1,Regular,High
17463.0,7,1480.0,2535.26,8.02,0.0122,56.06,2010-04-29 17:57:00,2011-11-23 13:40:00,573,95.5,United Kingdom,16,7,2535.26,5,4,4,544,1,Regular,Low
13623.0,10,1010.0,2533.06,8.92,0.0141,88.92,2009-12-02 13:57:00,2011-11-09 12:00:00,707,78.56,United Kingdom,31,10,2533.06,4,5,4,454,1,Regular,Medium
15906.0,10,749.0,2530.19,12.59,0.0232,125.89,2010-09-15 12:17:00,2011-11-20 12:24:00,431,47.89,United Kingdom,20,10,2530.19,4,5,4,454,1,Regular,Low
14659.0,9,1195.0,2529.93,10.0,0.0293,89.95,2011-01-28 12:43:00,2011-12-01 12:17:00,307,38.38,United Kingdom,9,9,2529.93,5,5,4,554,1,Regular,Low
16889.0,6,1611.0,2526.65,11.64,0.0162,69.96,2010-05-23 10:46:00,2011-05-29 11:05:00,371,74.2,United Kingdom,195,6,2526.65,2,4,4,244,1,Regular,Very High
14790.0,10,2642.0,2526.62,17.42,0.014,173.64,2009-12-11 14:37:00,2011-11-23 09:28:00,712,79.11,United Kingdom,17,10,2526.62,5,5,4,554,1,Regular,Low
16987.0,11,671.0,2521.4,9.66,0.015,106.36,2009-12-02 14:34:00,2011-12-06 17:26:00,734,73.4,United Kingdom,3,11,2521.4,5,5,4,554,1,Regular,Low
15862.0,13,1520.0,2512.29,5.04,0.0182,65.49,2009-12-17 11:33:00,2011-12-01 13:28:00,714,59.5,United Kingdom,8,13,2512.29,5,5,4,554,1,Regular,Low
13344.0,3,952.0,2511.69,21.65,0.0143,65.01,2011-03-07 10:28:00,2011-10-03 09:45:00,210,105.0,United Kingdom,68,3,2511.69,3,3,4,334,1,Regular,Medium
17101.0,7,1175.0,2507.05,34.34,0.013,241.07,2010-06-07 15:12:00,2011-11-29 13:57:00,540,90.0,United Kingdom,10,7,2507.05,5,4,4,544,1,Regular,Low
17550.0,9,968.0,2506.64,7.81,0.019,70.19,2010-02-07 15:07:00,2011-05-26 14:09:00,473,59.13,United Kingdom,197,9,2506.64,2,5,4,254,1,Regular,Very High
12978.0,5,1394.0,2502.82,15.35,0.0145,76.57,2009-12-10 12:10:00,2010-11-19 14:29:00,344,86.0,United Kingdom,385,5,2502.82,2,4,4,244,0,Lost,Very High
16202.0,9,1307.0,2501.99,20.18,0.0239,181.83,2009-12-02 10:48:00,2010-12-14 10:43:00,377,47.13,United Kingdom,361,9,2501.99,2,5,4,254,0,Lost,Very High
13471.0,4,1583.0,2501.84,9.85,0.087,39.42,2011-10-23 13:10:00,2011-12-08 15:44:00,46,15.33,United Kingdom,1,4,2501.84,5,3,4,534,1,Regular,Low
15021.0,12,1079.0,2500.59,4.01,0.0245,48.14,2010-07-29 16:35:00,2011-12-01 11:53:00,490,44.55,United Kingdom,9,12,2500.59,5,5,4,554,1,Regular,Low
15747.0,9,1344.0,2499.81,11.57,0.0133,104.33,2010-01-18 11:21:00,2011-11-27 12:26:00,678,84.75,United Kingdom,13,9,2499.81,5,5,4,554,1,Regular,Low
17594.0,4,1368.0,2497.88,24.02,0.0077,95.99,2010-04-14 08:53:00,2011-09-15 16:34:00,519,173.0,United Kingdom,85,4,2497.88,3,3,4,334,1,Regular,Medium
15932.0,8,2325.0,2495.87,21.7,0.0281,173.78,2011-02-23 14:50:00,2011-12-05 17:13:00,285,40.71,United Kingdom,4,8,2495.87,5,4,4,544,1,Regular,Low
13414.0,6,2702.0,2494.14,45.35,0.0128,272.83,2010-04-15 17:00:00,2011-07-29 11:45:00,470,94.0,United Kingdom,134,6,2494.14,3,4,4,344,1,Regular,High
14541.0,14,1123.0,2491.38,14.24,0.0218,199.61,2010-01-07 11:59:00,2011-10-12 10:08:00,643,49.46,United Kingdom,59,14,2491.38,4,5,4,454,1,Regular,Medium
17262.0,11,635.0,2488.76,130.99,0.0164,1443.61,2009-12-15 11:26:00,2011-10-18 12:56:00,672,67.2,United Kingdom,52,11,2488.76,4,5,4,454,1,Regular,Medium
15227.0,9,1217.0,2488.49,20.74,0.0151,186.96,2010-03-16 08:23:00,2011-11-03 11:59:00,597,74.63,United Kingdom,37,9,2488.49,4,5,4,454,1,Regular,Medium
15117.0,8,3093.0,2485.97,18.98,0.0129,151.8,2010-03-15 13:39:00,2011-11-25 08:12:00,620,88.57,United Kingdom,15,8,2485.97,5,4,4,544,1,Regular,Low
15716.0,11,1379.0,2485.26,8.69,0.0187,95.39,2009-12-07 12:42:00,2011-07-17 11:59:00,587,58.7,United Kingdom,146,11,2485.26,3,5,4,354,1,Regular,High
12517.0,5,1361.0,2481.6,8.89,0.0309,44.5,2011-06-02 15:13:00,2011-11-11 14:04:00,162,40.5,Germany,28,5,2481.6,4,4,4,444,1,Regular,Low
13507.0,4,1597.0,2479.16,15.3,0.0282,61.27,2011-07-17 11:50:00,2011-12-06 13:13:00,142,47.33,United Kingdom,3,4,2479.16,5,3,4,534,1,Regular,Low
13588.0,9,2606.0,2478.95,14.25,0.0375,128.25,2011-03-29 15:53:00,2011-11-24 10:42:00,240,30.0,United Kingdom,16,9,2478.95,5,5,4,554,1,Regular,Low
13134.0,6,1364.0,2475.23,20.46,0.0181,122.58,2010-10-19 13:21:00,2011-09-15 10:35:00,331,66.2,United Kingdom,86,6,2475.23,3,4,4,344,1,Regular,Medium
14696.0,8,1867.0,2473.28,16.06,0.0192,128.58,2010-10-14 11:43:00,2011-12-05 13:43:00,417,59.57,United Kingdom,4,8,2473.28,5,4,4,544,1,Regular,Low
13762.0,5,2608.0,2472.48,70.64,0.0104,352.63,2010-01-10 12:13:00,2011-05-05 09:15:00,480,120.0,United Kingdom,219,5,2472.48,2,4,4,244,1,Regular,Very High
12924.0,12,1423.0,2469.4,33.37,0.0187,400.62,2009-12-09 12:40:00,2011-09-12 13:55:00,642,58.36,United Kingdom,88,12,2469.4,3,5,4,354,1,Regular,Medium
14421.0,6,1342.0,2469.37,25.72,0.0095,154.91,2010-01-17 11:30:00,2011-10-13 13:24:00,634,126.8,United Kingdom,57,6,2469.37,4,4,4,444,1,Regular,Medium
17288.0,11,1699.0,2468.43,8.57,0.0286,94.36,2010-11-10 14:44:00,2011-11-30 16:09:00,385,38.5,United Kingdom,9,11,2468.43,5,5,4,554,1,Regular,Low
17164.0,7,1501.0,2467.35,17.13,0.029,119.72,2011-03-11 14:26:00,2011-11-07 09:14:00,241,40.17,United Kingdom,33,7,2467.35,4,4,4,444,1,Regular,Medium
13151.0,3,813.0,2465.21,15.6,0.009,46.61,2010-03-22 10:26:00,2011-02-17 12:29:00,332,166.0,United Kingdom,296,3,2465.21,2,3,4,234,0,Lost,Very High
17131.0,5,983.0,2463.17,18.38,0.0714,91.86,2011-09-25 12:42:00,2011-12-04 12:52:00,70,17.5,United Kingdom,5,5,2463.17,5,4,4,544,1,Regular,Low
14256.0,5,1147.0,2460.79,18.5,0.0115,92.33,2010-01-14 10:35:00,2011-03-24 13:17:00,434,108.5,United Kingdom,260,5,2460.79,2,4,4,244,1,Regular,Very High
17629.0,10,1903.0,2455.52,15.74,0.024,157.15,2010-10-14 13:35:00,2011-12-04 10:56:00,416,46.22,United Kingdom,6,10,2455.52,5,5,4,554,1,Regular,Low
17676.0,10,1764.0,2448.64,16.54,0.0163,165.81,2010-03-30 10:49:00,2011-12-05 15:16:00,615,68.33,United Kingdom,4,10,2448.64,5,5,4,554,1,Regular,Low
12701.0,6,1727.0,2446.41,16.64,0.0108,99.56,2010-03-16 13:23:00,2011-09-21 10:47:00,554,110.8,Germany,80,6,2446.41,3,4,4,344,1,Regular,Medium
13338.0,4,1151.0,2445.62,19.11,0.0073,76.17,2010-01-05 12:25:00,2011-07-05 09:06:00,546,182.0,United Kingdom,158,4,2445.62,3,3,4,334,1,Regular,High
17320.0,6,1182.0,2444.85,16.08,0.0102,96.28,2010-01-21 16:29:00,2011-08-31 13:31:00,587,117.4,United Kingdom,100,6,2444.85,3,4,4,344,1,Regular,High
15111.0,5,1058.0,2442.37,18.09,0.0089,90.64,2010-04-26 13:12:00,2011-11-10 16:58:00,563,140.75,United Kingdom,29,5,2442.37,4,4,4,444,1,Regular,Low
17348.0,9,2766.0,2442.29,5.51,0.0144,49.59,2010-03-10 12:13:00,2011-11-25 11:25:00,625,78.13,United Kingdom,15,9,2442.29,5,5,4,554,1,Regular,Low
18171.0,9,991.0,2437.31,26.49,0.014,239.2,2010-01-05 10:46:00,2011-10-12 09:13:00,645,80.63,United Kingdom,59,9,2437.31,4,5,4,454,1,Regular,Medium
15623.0,8,1087.0,2437.05,22.57,0.0136,180.49,2009-12-10 14:46:00,2011-07-21 17:26:00,588,84.0,United Kingdom,141,8,2437.05,3,4,4,344,1,Regular,High
17505.0,5,1242.0,2435.48,23.88,0.0113,119.81,2010-04-13 16:33:00,2011-07-01 12:50:00,444,111.0,United Kingdom,162,5,2435.48,3,4,4,344,1,Regular,High
13085.0,8,944.0,2433.28,28.97,0.0138,232.28,2009-12-01 07:45:00,2011-07-05 12:11:00,581,83.0,United Kingdom,158,8,2433.28,3,4,4,344,1,Regular,High
14502.0,11,1480.0,2429.83,4.0,0.0374,43.98,2011-01-30 15:52:00,2011-11-20 11:50:00,294,29.4,United Kingdom,20,11,2429.83,4,5,4,454,1,Regular,Low
15077.0,2,528.0,2428.08,75.88,0.0085,152.22,2009-12-09 17:10:00,2010-08-02 11:13:00,236,236.0,United Kingdom,495,2,2428.08,1,2,4,124,0,Lost,Very High
13949.0,6,2474.0,2427.32,15.17,0.0652,91.0,2011-09-06 11:55:00,2011-12-07 09:35:00,92,18.4,United Kingdom,3,6,2427.32,5,4,4,544,1,Regular,Low
12733.0,4,896.0,2424.87,15.45,0.0088,61.86,2010-01-19 13:23:00,2011-04-19 16:19:00,455,151.67,USA,234,4,2424.87,2,3,4,234,1,Regular,Very High
15215.0,7,776.0,2422.43,21.44,0.0124,150.47,2010-04-06 11:21:00,2011-10-24 11:41:00,566,94.33,United Kingdom,47,7,2422.43,4,4,4,444,1,Regular,Medium
15089.0,6,1359.0,2420.84,16.7,0.0508,100.11,2011-08-03 14:14:00,2011-11-29 16:31:00,118,23.6,United Kingdom,10,6,2420.84,5,4,4,544,1,Regular,Low
15489.0,8,1264.0,2419.61,21.22,0.0119,169.44,2010-01-15 16:58:00,2011-11-17 08:53:00,671,95.86,United Kingdom,23,8,2419.61,4,4,4,444,1,Regular,Low
13878.0,4,927.0,2416.9,23.7,0.0073,95.16,2010-04-14 13:50:00,2011-10-16 12:19:00,550,183.33,United Kingdom,55,4,2416.9,4,3,4,434,1,Regular,Medium
16040.0,7,1185.0,2416.9,19.34,0.0129,135.72,2010-04-09 10:12:00,2011-10-05 13:47:00,544,90.67,United Kingdom,65,7,2416.9,3,4,4,344,1,Regular,Medium
16470.0,11,1335.0,2416.85,5.16,0.0162,56.59,2009-12-11 12:21:00,2011-10-19 12:11:00,677,67.7,United Kingdom,52,11,2416.85,4,5,4,454,1,Regular,Medium
12802.0,7,1972.0,2416.42,17.51,0.0186,122.78,2010-05-25 09:34:00,2011-06-06 09:36:00,377,62.83,Netherlands,187,7,2416.42,3,4,4,344,1,Regular,Very High
13118.0,9,834.0,2415.41,16.32,0.0214,146.68,2010-09-26 15:46:00,2011-11-20 12:46:00,420,52.5,United Kingdom,20,9,2415.41,4,5,4,454,1,Regular,Low
14205.0,9,1342.0,2414.2,19.63,0.0144,176.95,2010-03-07 12:20:00,2011-11-23 10:55:00,626,78.25,United Kingdom,17,9,2414.2,5,5,4,554,1,Regular,Low
12397.0,2,1263.0,2409.9,19.13,0.02,38.26,2011-07-27 14:21:00,2011-11-04 09:52:00,100,100.0,Belgium,36,2,2409.9,4,2,4,424,1,Regular,Medium
16833.0,6,878.0,2409.04,26.19,0.0096,156.39,2010-03-26 15:31:00,2011-12-08 14:39:00,622,124.4,United Kingdom,1,6,2409.04,5,4,4,544,1,Regular,Low
16163.0,6,676.0,2407.98,35.41,0.0119,212.8,2009-12-02 10:00:00,2011-04-21 15:15:00,505,101.0,United Kingdom,232,6,2407.98,2,4,4,244,1,Regular,Very High
15341.0,2,1008.0,2402.72,100.11,0.0054,199.48,2010-09-16 16:41:00,2011-09-20 09:40:00,369,369.0,United Kingdom,81,2,2402.72,3,2,4,324,1,Regular,Medium
13173.0,11,1481.0,2399.82,11.11,0.0152,122.43,2009-12-10 12:52:00,2011-12-05 15:51:00,725,72.5,United Kingdom,4,11,2399.82,5,5,4,554,1,Regular,Low
15793.0,8,1685.0,2399.57,79.99,0.011,637.04,2009-12-01 12:54:00,2011-11-25 09:31:00,724,103.43,United Kingdom,15,8,2399.57,5,4,4,544,1,Regular,Low
12393.0,6,1311.0,2399.45,22.42,0.0169,134.89,2010-10-07 13:49:00,2011-09-28 15:41:00,356,71.2,Australia,72,6,2399.45,3,4,4,344,1,Regular,Medium
14414.0,8,2877.0,2399.33,20.33,0.0283,162.82,2010-11-30 10:12:00,2011-09-09 12:09:00,283,40.43,United Kingdom,92,8,2399.33,3,4,4,344,1,Regular,High
16147.0,5,1395.0,2398.91,17.64,0.0093,88.42,2010-02-05 12:26:00,2011-07-29 09:57:00,539,134.75,United Kingdom,134,5,2398.91,3,4,4,344,1,Regular,High
17921.0,10,991.0,2394.36,6.65,0.0223,66.44,2010-07-15 20:05:00,2011-10-06 18:56:00,448,49.78,United Kingdom,64,10,2394.36,3,5,4,354,1,Regular,Medium
16812.0,4,1116.0,2392.0,20.8,0.1818,83.19,2010-11-22 14:36:00,2010-12-14 12:35:00,22,7.33,United Kingdom,361,4,2392.0,2,3,4,234,0,Lost,Very High
15366.0,7,2447.0,2389.08,17.31,0.0122,121.64,2010-02-26 10:10:00,2011-09-25 15:01:00,576,96.0,United Kingdom,75,7,2389.08,3,4,4,344,1,Regular,Medium
16105.0,5,2125.0,2386.19,21.69,0.014,108.1,2010-04-14 13:27:00,2011-04-05 10:13:00,356,89.0,United Kingdom,249,5,2386.19,2,4,4,244,1,Regular,Very High
16638.0,15,1627.0,2380.13,17.25,0.0329,258.79,2010-08-18 13:33:00,2011-11-17 11:09:00,456,32.57,United Kingdom,23,15,2380.13,4,5,4,454,1,Regular,Low
17827.0,6,1582.0,2376.17,8.46,0.0097,50.55,2010-03-28 12:20:00,2011-12-04 15:00:00,616,123.2,United Kingdom,5,6,2376.17,5,4,4,544,1,Regular,Low
17434.0,7,1693.0,2373.82,17.72,0.0843,123.99,2011-09-15 13:54:00,2011-12-07 13:16:00,83,13.83,United Kingdom,2,7,2373.82,5,4,4,544,1,Regular,Low
13908.0,4,1478.0,2369.55,19.42,0.0203,77.66,2011-03-08 12:04:00,2011-09-21 11:49:00,197,65.67,United Kingdom,80,4,2369.55,3,3,4,334,1,Regular,Medium
17623.0,7,799.0,2365.77,12.19,0.0101,85.32,2009-12-14 14:36:00,2011-11-07 11:32:00,693,115.5,United Kingdom,33,7,2365.77,4,4,4,444,1,Regular,Medium
16005.0,10,1269.0,2365.49,4.89,0.0228,48.83,2010-09-15 13:21:00,2011-11-27 13:47:00,438,48.67,United Kingdom,12,10,2365.49,5,5,4,554,1,Regular,Low
14496.0,7,905.0,2363.89,22.3,0.0217,155.82,2010-03-16 13:15:00,2011-02-01 09:01:00,322,53.67,United Kingdom,312,7,2363.89,2,4,4,244,0,Lost,Very High
14295.0,5,1029.0,2362.91,32.82,0.0072,163.29,2009-12-08 09:49:00,2011-10-30 15:50:00,691,172.75,United Kingdom,40,5,2362.91,4,4,4,444,1,Regular,Medium
16676.0,6,927.0,2361.9,17.76,0.0156,106.67,2010-10-17 13:07:00,2011-11-06 12:01:00,385,77.0,United Kingdom,34,6,2361.9,4,4,4,444,1,Regular,Medium
15860.0,17,1259.0,2361.3,6.88,0.0245,116.81,2009-12-06 12:31:00,2011-10-30 11:25:00,693,43.31,United Kingdom,41,17,2361.3,4,5,4,454,1,Regular,Medium
17634.0,9,838.0,2358.59,7.97,0.0299,71.73,2011-01-06 12:45:00,2011-11-03 13:09:00,301,37.63,United Kingdom,36,9,2358.59,4,5,4,454,1,Regular,Medium
15015.0,13,1584.0,2354.97,8.01,0.058,104.07,2009-12-14 14:46:00,2010-07-26 13:50:00,224,18.67,United Kingdom,501,13,2354.97,1,5,4,154,0,Lost,Very High
17969.0,20,1014.0,2354.29,11.54,0.0353,230.97,2009-12-06 13:53:00,2011-06-26 13:00:00,567,29.84,United Kingdom,166,20,2354.29,3,5,4,354,1,Regular,High
14810.0,13,1162.0,2354.03,7.82,0.0334,101.6,2010-10-06 13:12:00,2011-10-30 11:19:00,389,32.42,United Kingdom,41,13,2354.03,4,5,4,454,1,Regular,Medium
16083.0,4,1514.0,2351.42,33.12,0.0139,132.59,2010-11-16 11:53:00,2011-08-31 10:47:00,288,96.0,United Kingdom,101,4,2351.42,3,3,4,334,1,Regular,High
16085.0,12,1382.0,2341.03,6.24,0.018,74.69,2010-01-20 14:03:00,2011-11-16 13:24:00,665,60.45,United Kingdom,23,12,2341.03,4,5,4,454,1,Regular,Low
12704.0,8,1006.0,2340.84,26.6,0.0494,212.87,2011-06-23 10:20:00,2011-12-02 13:15:00,162,23.14,Finland,7,8,2340.84,5,4,4,544,1,Regular,Low
17591.0,8,1028.0,2339.32,13.29,0.0129,105.95,2010-01-17 16:09:00,2011-09-27 13:42:00,618,88.29,United Kingdom,73,8,2339.32,3,4,4,344,1,Regular,Medium
12584.0,9,416.0,2338.15,24.36,0.0325,219.3,2011-03-04 15:15:00,2011-12-06 09:35:00,277,34.63,Italy,4,9,2338.15,5,5,4,554,1,Regular,Low
15549.0,8,936.0,2334.16,14.5,0.0129,115.97,2010-01-11 13:16:00,2011-09-23 16:22:00,620,88.57,United Kingdom,77,8,2334.16,3,4,4,344,1,Regular,Medium
13614.0,6,821.0,2332.74,8.84,0.0114,53.11,2010-06-06 13:42:00,2011-11-15 14:47:00,527,105.4,United Kingdom,24,6,2332.74,4,4,4,444,1,Regular,Low
16496.0,6,1764.0,2330.77,16.89,0.012,101.54,2010-07-18 13:42:00,2011-12-01 10:31:00,501,100.2,United Kingdom,9,6,2330.77,5,4,4,544,1,Regular,Low
17313.0,1,1402.0,2328.84,97.03,,,2011-11-08 15:45:00,2011-11-08 15:45:00,0,,United Kingdom,31,1,2328.84,4,1,4,414,1,Regular,Medium
17004.0,4,1233.0,2324.36,33.69,0.0106,134.99,2010-10-11 15:43:00,2011-10-24 14:25:00,378,126.0,United Kingdom,46,4,2324.36,4,3,4,434,1,Regular,Medium
14938.0,2,1369.0,2322.43,32.71,,,2010-05-26 13:35:00,2010-05-26 13:38:00,0,0.0,Channel Islands,562,2,2322.43,1,2,4,124,0,Lost,Very High
13091.0,3,1339.0,2321.82,51.6,0.0043,155.54,2009-12-10 11:50:00,2011-11-11 15:54:00,701,350.5,United Kingdom,28,3,2321.82,4,3,4,434,1,Regular,Low
13055.0,4,1821.0,2321.11,15.07,0.0114,60.3,2010-10-06 08:17:00,2011-09-22 14:26:00,351,117.0,United Kingdom,78,4,2321.11,3,3,4,334,1,Regular,Medium
16628.0,7,1260.0,2318.1,18.54,0.0114,129.35,2010-03-08 12:24:00,2011-11-10 12:45:00,612,102.0,United Kingdom,30,7,2318.1,4,4,4,444,1,Regular,Low
12724.0,7,1379.0,2317.52,17.97,0.0132,125.72,2010-06-22 14:00:00,2011-12-04 16:02:00,530,88.33,France,5,7,2317.52,5,4,4,544,1,Regular,Low
12948.0,9,1304.0,2317.43,18.54,0.0125,167.09,2009-12-02 12:28:00,2011-11-23 17:10:00,721,90.13,United Kingdom,16,9,2317.43,5,5,4,554,1,Regular,Low
14346.0,5,1878.0,2315.75,15.86,0.0133,79.52,2010-07-30 10:44:00,2011-08-11 09:47:00,377,94.25,United Kingdom,121,5,2315.75,3,4,4,344,1,Regular,High
17193.0,9,1668.0,2310.04,52.5,0.0128,471.74,2009-12-02 10:02:00,2011-11-04 12:47:00,702,87.75,United Kingdom,36,9,2310.04,4,5,4,454,1,Regular,Medium
17282.0,5,2332.0,2308.54,11.32,0.012,56.78,2010-06-09 12:07:00,2011-08-01 14:29:00,418,104.5,United Kingdom,130,5,2308.54,3,4,4,344,1,Regular,High
13704.0,9,1531.0,2308.06,17.22,0.1084,154.93,2011-09-12 14:40:00,2011-12-04 15:13:00,83,10.38,United Kingdom,5,9,2308.06,5,5,4,554,1,Regular,Low
17113.0,6,913.0,2305.59,14.59,0.0488,87.58,2010-01-11 10:14:00,2010-05-14 13:59:00,123,24.6,United Kingdom,574,6,2305.59,1,4,4,144,0,Lost,Very High
17894.0,18,938.0,2304.58,5.73,0.0452,103.08,2010-08-27 14:13:00,2011-09-29 09:23:00,398,23.41,United Kingdom,72,18,2304.58,3,5,4,354,1,Regular,Medium
15946.0,3,1614.0,2304.18,88.62,0.0229,265.85,2010-03-16 10:49:00,2010-07-25 12:18:00,131,65.5,United Kingdom,503,3,2304.18,1,3,4,134,0,Lost,Very High
14555.0,6,842.0,2304.03,19.69,0.009,117.67,2009-12-18 11:39:00,2011-10-13 16:24:00,664,132.8,United Kingdom,57,6,2304.03,4,4,4,444,1,Regular,Medium
18095.0,5,1623.0,2303.09,47.98,0.0174,239.6,2010-04-19 14:09:00,2011-01-31 12:50:00,287,71.75,United Kingdom,313,5,2303.09,2,4,4,244,0,Lost,Very High
16077.0,1,840.0,2300.4,287.55,,,2010-03-24 10:42:00,2010-03-24 10:42:00,0,,United Kingdom,626,1,2300.4,1,1,4,114,0,Lost,Very High
16531.0,11,1863.0,2298.33,16.65,0.0263,183.48,2010-09-24 09:49:00,2011-11-17 16:29:00,419,41.9,United Kingdom,22,11,2298.33,4,5,4,454,1,Regular,Low
13371.0,2,1019.0,2297.66,24.97,0.0157,49.79,2010-03-17 15:29:00,2010-07-22 17:33:00,127,127.0,United Kingdom,505,2,2297.66,1,2,4,124,0,Lost,Very High
12599.0,13,2189.0,2296.72,17.27,0.0237,224.3,2010-05-11 10:42:00,2011-11-10 13:34:00,548,45.67,France,29,13,2296.72,4,5,4,454,1,Regular,Low
12649.0,8,1959.0,2294.65,19.45,0.0136,155.8,2010-01-12 17:24:00,2011-08-24 14:41:00,589,84.14,Germany,107,8,2294.65,3,4,4,344,1,Regular,High
13280.0,7,1489.0,2293.33,11.19,0.0134,78.27,2010-03-05 09:07:00,2011-08-09 13:14:00,522,87.0,United Kingdom,122,7,2293.33,3,4,4,344,1,Regular,High
13059.0,10,860.0,2291.77,11.57,0.0271,115.7,2010-03-31 12:23:00,2011-04-04 10:40:00,369,41.0,United Kingdom,250,10,2291.77,2,5,4,254,1,Regular,Very High
17047.0,6,1184.0,2289.23,16.12,0.0093,96.85,2009-12-08 08:48:00,2011-09-15 13:27:00,646,129.2,United Kingdom,85,6,2289.23,3,4,4,344,1,Regular,Medium
17018.0,6,456.0,2287.7,61.83,0.0086,369.03,2009-12-05 10:27:00,2011-10-30 11:42:00,694,138.8,United Kingdom,41,6,2287.7,4,4,4,444,1,Regular,Medium
16485.0,5,1153.0,2287.19,15.88,0.0076,79.17,2009-12-06 12:28:00,2011-09-23 15:50:00,656,164.0,United Kingdom,77,5,2287.19,3,4,4,344,1,Regular,Medium
14481.0,5,1568.0,2284.69,15.23,0.0097,75.79,2010-01-31 12:43:00,2011-06-28 10:38:00,513,128.25,United Kingdom,165,5,2284.69,3,4,4,344,1,Regular,High
12684.0,7,1985.0,2283.63,21.75,0.034,152.34,2011-05-10 12:55:00,2011-12-02 09:53:00,206,34.33,France,8,7,2283.63,5,4,4,544,1,Regular,Low
18051.0,7,1661.0,2282.28,41.5,0.0729,290.43,2009-12-09 12:17:00,2010-03-15 13:58:00,96,16.0,United Kingdom,634,7,2282.28,1,4,4,144,0,Lost,Very High
13655.0,6,1225.0,2280.51,19.16,0.0126,115.16,2010-04-27 09:59:00,2011-08-17 14:25:00,477,95.4,United Kingdom,114,6,2280.51,3,4,4,344,1,Regular,High
14554.0,4,1443.0,2279.49,11.23,0.0952,44.9,2011-10-18 13:04:00,2011-11-29 16:44:00,42,14.0,United Kingdom,10,4,2279.49,5,3,4,534,1,Regular,Low
13994.0,6,932.0,2274.14,15.37,0.0414,92.27,2011-07-14 18:28:00,2011-12-06 11:05:00,145,29.0,United Kingdom,4,6,2274.14,5,4,4,544,1,Regular,Low
17994.0,11,2181.0,2270.03,7.42,0.022,81.46,2010-03-29 10:37:00,2011-08-10 11:41:00,499,49.9,United Kingdom,122,11,2270.03,3,5,4,354,1,Regular,High
12725.0,4,1142.0,2266.76,21.38,0.0188,85.61,2010-05-04 13:59:00,2010-12-03 15:45:00,213,71.0,Italy,371,4,2266.76,2,3,4,234,0,Lost,Very High
15638.0,6,1134.0,2265.2,90.61,0.0259,544.46,2010-04-08 14:37:00,2010-11-26 11:52:00,232,46.4,United Kingdom,379,6,2265.2,2,4,4,244,0,Lost,Very High
15734.0,4,516.0,2263.3,52.63,0.0092,209.66,2010-06-10 14:25:00,2011-08-17 10:50:00,433,144.33,United Kingdom,115,4,2263.3,3,3,4,334,1,Regular,High
13652.0,5,1458.0,2262.05,16.04,0.0082,79.84,2010-02-25 17:37:00,2011-10-25 08:51:00,607,151.75,United Kingdom,46,5,2262.05,4,4,4,444,1,Regular,Medium
13814.0,3,1214.0,2257.32,28.57,0.0069,85.75,2010-06-30 14:12:00,2011-09-08 13:48:00,435,217.5,Germany,92,3,2257.32,3,3,4,334,1,Regular,High
13117.0,18,1852.0,2255.66,13.92,0.0299,250.56,2010-03-26 13:50:00,2011-11-18 12:02:00,602,35.41,United Kingdom,22,18,2255.66,4,5,4,454,1,Regular,Low
16350.0,9,1077.0,2253.89,18.47,0.0221,166.13,2010-10-07 16:33:00,2011-11-18 15:53:00,407,50.88,United Kingdom,21,9,2253.89,4,5,4,454,1,Regular,Low
17414.0,6,6256.0,2249.52,107.12,0.0087,645.84,2009-12-03 16:49:00,2011-10-27 12:13:00,693,138.6,United Kingdom,44,6,2249.52,4,4,4,444,1,Regular,Medium
14432.0,6,2013.0,2248.5,5.96,0.075,35.76,2011-09-11 14:09:00,2011-11-30 08:04:00,80,16.0,United Kingdom,10,6,2248.5,5,4,4,544,1,Regular,Low
14644.0,7,770.0,2247.72,36.25,0.0105,254.64,2009-12-03 16:24:00,2011-10-03 08:30:00,669,111.5,United Kingdom,68,7,2247.72,3,4,4,344,1,Regular,Medium
16177.0,8,1021.0,2247.31,19.05,0.0134,152.4,2010-03-02 14:03:00,2011-10-20 12:57:00,597,85.29,United Kingdom,50,8,2247.31,4,4,4,444,1,Regular,Medium
16174.0,7,1431.0,2246.75,34.57,0.0147,242.4,2010-04-15 15:12:00,2011-08-05 13:26:00,477,79.5,United Kingdom,126,7,2246.75,3,4,4,344,1,Regular,High
16883.0,19,1016.0,2246.06,8.41,0.0347,159.92,2009-12-04 12:07:00,2011-06-05 12:51:00,548,30.44,United Kingdom,187,19,2246.06,3,5,4,354,1,Regular,Very High
13627.0,7,1632.0,2245.9,17.41,0.012,121.38,2010-03-09 14:03:00,2011-10-11 14:20:00,581,96.83,United Kingdom,59,7,2245.9,4,4,4,444,1,Regular,Medium
16042.0,8,1430.0,2245.32,17.41,0.0186,139.57,2010-09-12 12:00:00,2011-11-17 17:50:00,431,61.57,United Kingdom,22,8,2245.32,4,4,4,444,1,Regular,Low
13407.0,3,1690.0,2244.7,26.41,0.0361,79.13,2010-02-16 11:13:00,2010-05-10 12:41:00,83,41.5,United Kingdom,579,3,2244.7,1,3,4,134,0,Lost,Very High
16823.0,7,1166.0,2243.09,12.97,0.0137,90.62,2009-12-02 09:57:00,2011-04-26 15:00:00,510,85.0,United Kingdom,227,7,2243.09,2,4,4,244,1,Regular,Very High
14462.0,12,1063.0,2242.81,7.98,0.0328,95.8,2010-10-03 14:13:00,2011-10-04 15:55:00,366,33.27,United Kingdom,66,12,2242.81,3,5,4,354,1,Regular,Medium
15865.0,5,1141.0,2241.42,17.79,0.0075,88.46,2010-01-05 13:58:00,2011-10-30 12:43:00,663,165.75,United Kingdom,41,5,2241.42,4,4,4,444,1,Regular,Medium
15629.0,4,1518.0,2240.9,29.1,0.0488,116.45,2010-06-25 11:39:00,2010-09-15 13:46:00,82,27.33,United Kingdom,450,4,2240.9,1,3,4,134,0,Lost,Very High
16551.0,7,2076.0,2237.12,25.42,0.0111,178.04,2009-12-13 16:12:00,2011-09-05 09:38:00,631,105.17,United Kingdom,96,7,2237.12,3,4,4,344,1,Regular,High
17180.0,11,1809.0,2236.77,5.59,0.0174,61.37,2010-01-21 17:43:00,2011-10-14 15:46:00,631,63.1,United Kingdom,56,11,2236.77,4,5,4,454,1,Regular,Medium
17075.0,10,785.0,2236.63,11.24,0.0141,112.21,2009-12-14 11:24:00,2011-11-22 11:58:00,708,78.67,United Kingdom,18,10,2236.63,5,5,4,554,1,Regular,Low
16108.0,4,1473.0,2235.92,16.56,0.0073,66.13,2010-03-18 14:14:00,2011-09-16 11:48:00,547,182.33,United Kingdom,85,4,2235.92,3,3,4,334,1,Regular,Medium
16076.0,10,1435.0,2234.73,17.32,0.0488,173.27,2011-05-15 12:31:00,2011-12-06 14:59:00,205,22.78,United Kingdom,3,10,2234.73,5,5,4,554,1,Regular,Low
13662.0,11,1169.0,2233.61,16.42,0.0192,180.65,2010-02-19 13:21:00,2011-09-15 12:04:00,573,57.3,United Kingdom,86,11,2233.61,3,5,4,354,1,Regular,Medium
18215.0,5,1131.0,2232.49,25.08,0.0094,125.89,2010-03-26 13:03:00,2011-09-11 16:05:00,534,133.5,United Kingdom,89,5,2232.49,3,4,4,344,1,Regular,Medium
14449.0,8,1604.0,2230.96,4.62,0.0191,36.89,2010-09-29 13:15:00,2011-11-21 12:06:00,418,59.71,United Kingdom,19,8,2230.96,5,4,4,544,1,Regular,Low
12783.0,6,624.0,2225.91,26.5,0.0822,159.02,2011-09-25 15:35:00,2011-12-07 15:56:00,73,14.6,Portugal,2,6,2225.91,5,4,4,544,1,Regular,Low
13365.0,2,1247.0,2225.37,17.39,0.0109,34.88,2011-05-06 12:00:00,2011-11-06 12:36:00,184,184.0,United Kingdom,34,2,2225.37,4,2,4,424,1,Regular,Medium
14321.0,7,3275.0,2218.06,12.39,0.0151,86.62,2010-08-23 12:56:00,2011-11-29 09:47:00,463,77.17,United Kingdom,11,7,2218.06,5,4,4,544,1,Regular,Low
17648.0,5,954.0,2216.37,17.73,0.0154,88.74,2010-11-19 16:41:00,2011-10-10 09:41:00,325,81.25,United Kingdom,61,5,2216.37,3,4,4,344,1,Regular,Medium
18177.0,9,1238.0,2216.32,22.39,0.013,201.71,2009-12-15 18:57:00,2011-11-08 14:44:00,693,86.63,United Kingdom,31,9,2216.32,4,5,4,454,1,Regular,Medium
13478.0,5,1189.0,2215.78,17.73,0.024,88.51,2010-01-31 15:51:00,2010-08-27 13:23:00,208,52.0,United Kingdom,469,5,2215.78,1,4,4,144,0,Lost,Very High
13455.0,6,795.0,2212.99,19.41,0.0085,116.48,2009-12-09 08:58:00,2011-11-15 11:21:00,706,141.2,United Kingdom,25,6,2212.99,4,4,4,444,1,Regular,Low
13320.0,6,1509.0,2211.6,14.84,0.015,89.04,2010-08-18 10:29:00,2011-09-22 18:07:00,400,80.0,United Kingdom,78,6,2211.6,3,4,4,344,1,Regular,Medium
15550.0,12,1139.0,2211.05,9.41,0.0164,112.97,2009-12-03 15:15:00,2011-12-05 15:38:00,732,66.55,United Kingdom,4,12,2211.05,5,5,4,554,1,Regular,Low
15476.0,4,1174.0,2209.98,27.97,0.0645,111.85,2010-09-23 14:00:00,2010-11-24 15:17:00,62,20.67,United Kingdom,380,4,2209.98,2,3,4,234,0,Lost,Very High
14177.0,13,1043.0,2209.69,10.78,0.023,140.09,2010-02-26 11:59:00,2011-09-14 15:11:00,565,47.08,United Kingdom,86,13,2209.69,3,5,4,354,1,Regular,Medium
13094.0,13,1896.0,2209.44,76.19,0.0353,989.74,2010-11-15 14:15:00,2011-11-18 14:07:00,368,30.67,United Kingdom,21,13,2209.44,4,5,4,454,1,Regular,Low
14834.0,7,872.0,2206.16,25.36,0.0179,177.04,2010-10-28 17:37:00,2011-11-22 10:30:00,390,65.0,United Kingdom,18,7,2206.16,5,4,4,544,1,Regular,Low
14467.0,12,1187.0,2203.24,7.27,0.0167,87.41,2009-12-02 12:44:00,2011-11-22 12:48:00,720,65.45,United Kingdom,18,12,2203.24,5,5,4,554,1,Regular,Low
13410.0,9,1244.0,2201.96,44.04,0.0127,395.43,2009-12-08 13:43:00,2011-11-15 15:33:00,707,88.38,United Kingdom,24,9,2201.96,4,5,4,454,1,Regular,Low
14006.0,7,2181.0,2196.67,28.53,0.013,199.17,2010-02-25 09:45:00,2011-08-16 09:39:00,537,89.5,United Kingdom,116,7,2196.67,3,4,4,344,1,Regular,High
15100.0,7,270.0,2193.9,137.12,0.019,958.74,2010-01-07 14:33:00,2011-01-10 10:35:00,368,61.33,United Kingdom,334,7,2193.9,2,4,4,244,0,Lost,Very High
16317.0,5,1236.0,2192.51,18.74,0.0108,94.11,2010-05-04 10:17:00,2011-08-12 12:46:00,465,116.25,United Kingdom,120,5,2192.51,3,4,4,344,1,Regular,High
15934.0,2,2166.0,2190.66,75.54,0.1667,151.11,2010-10-06 12:08:00,2010-10-18 10:13:00,12,12.0,United Kingdom,418,2,2190.66,1,2,4,124,0,Lost,Very High
14212.0,2,2046.0,2190.14,104.29,0.0056,207.91,2010-09-20 11:48:00,2011-09-11 12:45:00,356,356.0,United Kingdom,90,2,2190.14,3,2,4,324,1,Regular,Medium
14597.0,6,1436.0,2184.63,23.0,0.0141,138.15,2010-09-28 13:17:00,2011-11-28 13:13:00,426,85.2,United Kingdom,11,6,2184.63,5,4,4,544,1,Regular,Low
15864.0,7,1486.0,2180.76,94.82,0.0195,663.79,2010-11-23 15:02:00,2011-11-17 13:32:00,359,59.83,United Kingdom,22,7,2180.76,4,4,4,444,1,Regular,Low
17905.0,13,1299.0,2178.87,14.92,0.0213,193.54,2010-01-28 17:54:00,2011-09-29 17:33:00,609,50.75,United Kingdom,71,13,2178.87,3,5,4,354,1,Regular,Medium
17324.0,12,1485.0,2171.07,14.97,0.017,179.16,2009-12-18 15:29:00,2011-11-22 10:34:00,704,64.0,United Kingdom,18,12,2171.07,5,5,4,554,1,Regular,Low
12856.0,6,1076.0,2170.78,6.98,0.1071,41.86,2011-10-07 12:38:00,2011-12-02 10:52:00,56,11.2,United Kingdom,8,6,2170.78,5,4,4,544,1,Regular,Low
12501.0,1,1783.0,2169.39,14.56,,,2011-01-07 12:28:00,2011-01-07 12:28:00,0,,Germany,337,1,2169.39,2,1,4,214,0,Lost,Very High
17732.0,8,1058.0,2166.42,17.76,0.0696,142.15,2010-08-09 08:41:00,2010-12-02 09:29:00,115,16.43,United Kingdom,373,8,2166.42,2,4,4,244,0,Lost,Very High
14595.0,8,1228.0,2164.45,15.92,0.012,127.81,2010-01-20 13:59:00,2011-11-20 12:12:00,669,95.57,United Kingdom,20,8,2164.45,4,4,4,444,1,Regular,Low
15944.0,4,859.0,2164.24,56.95,0.0089,228.08,2009-12-13 12:57:00,2011-03-08 10:33:00,450,150.0,United Kingdom,277,4,2164.24,2,3,4,234,0,Lost,Very High
14573.0,13,683.0,2163.12,6.98,0.025,90.91,2010-01-08 16:34:00,2011-06-13 11:15:00,521,43.42,United Kingdom,180,13,2163.12,3,5,4,354,1,Regular,High
17822.0,5,1375.0,2162.93,12.8,0.0357,63.97,2010-05-28 12:15:00,2010-10-15 13:47:00,140,35.0,United Kingdom,420,5,2162.93,1,4,4,144,0,Lost,Very High
17460.0,16,954.0,2157.97,15.75,0.027,251.75,2010-01-22 13:25:00,2011-09-06 15:04:00,592,39.47,United Kingdom,94,16,2157.97,3,5,4,354,1,Regular,High
14407.0,6,1415.0,2157.73,29.56,0.0355,177.35,2011-03-08 11:59:00,2011-08-24 14:02:00,169,33.8,United Kingdom,107,6,2157.73,3,4,4,344,1,Regular,High
16379.0,4,1410.0,2157.4,19.98,0.0541,79.99,2011-09-22 09:33:00,2011-12-05 15:38:00,74,24.67,United Kingdom,4,4,2157.4,5,3,4,534,1,Regular,Low
13643.0,10,902.0,2156.77,21.14,0.0143,211.61,2009-12-08 12:48:00,2011-11-08 15:37:00,700,77.78,United Kingdom,31,10,2156.77,4,5,4,454,1,Regular,Medium
15426.0,9,1041.0,2156.35,5.03,0.0159,45.35,2010-05-02 15:10:00,2011-11-20 15:36:00,567,70.88,United Kingdom,19,9,2156.35,5,5,4,554,1,Regular,Low
13224.0,2,1518.0,2155.95,19.96,0.022,39.96,2011-07-11 14:10:00,2011-10-10 14:55:00,91,91.0,United Kingdom,60,2,2155.95,3,2,4,324,1,Regular,Medium
16966.0,7,1981.0,2154.97,76.96,0.0302,539.21,2011-04-13 14:17:00,2011-12-01 13:40:00,232,38.67,United Kingdom,8,7,2154.97,5,4,4,544,1,Regular,Low
16600.0,13,2420.0,2153.41,15.06,0.0181,195.44,2009-12-18 12:59:00,2011-12-05 16:00:00,717,59.75,United Kingdom,4,13,2153.41,5,5,4,554,1,Regular,Low
16275.0,3,1268.0,2151.11,19.38,0.0067,57.78,2010-03-08 14:41:00,2011-05-27 12:41:00,445,222.5,United Kingdom,197,3,2151.11,2,3,4,234,1,Regular,Very High
14216.0,5,712.0,2150.04,27.92,0.0122,140.0,2010-10-21 15:07:00,2011-12-06 14:56:00,411,102.75,United Kingdom,3,5,2150.04,5,4,4,544,1,Regular,Low
16716.0,3,912.0,2149.68,268.71,0.0082,802.05,2010-03-19 11:05:00,2011-03-18 10:03:00,364,182.0,United Kingdom,267,3,2149.68,2,3,4,234,0,Lost,Very High
17272.0,4,1778.0,2148.63,18.85,0.0182,75.48,2011-03-22 12:05:00,2011-10-28 16:37:00,220,73.33,United Kingdom,42,4,2148.63,4,3,4,434,1,Regular,Medium
16520.0,6,1045.0,2148.38,6.1,0.013,36.56,2010-03-02 16:50:00,2011-06-06 13:24:00,461,92.2,United Kingdom,186,6,2148.38,3,4,4,344,1,Regular,Very High
16004.0,5,1076.0,2146.39,23.85,0.0239,119.13,2010-01-25 13:56:00,2010-08-22 11:48:00,209,52.25,United Kingdom,475,5,2146.39,1,4,4,144,0,Lost,Very High
13152.0,7,977.0,2146.38,15.9,0.0253,111.43,2010-01-14 10:01:00,2010-10-18 13:44:00,277,46.17,United Kingdom,417,7,2146.38,1,4,4,144,0,Lost,Very High
16134.0,5,1637.0,2145.34,18.49,0.0096,92.12,2010-06-17 09:48:00,2011-11-18 10:05:00,519,129.75,United Kingdom,22,5,2145.34,4,4,4,444,1,Regular,Low
18009.0,8,651.0,2144.23,11.98,0.0192,95.92,2010-02-25 11:49:00,2011-04-18 13:36:00,417,59.57,United Kingdom,235,8,2144.23,2,4,4,244,1,Regular,Very High
12576.0,8,1494.0,2142.72,15.09,0.0163,120.77,2010-07-01 13:46:00,2011-11-04 10:11:00,491,70.14,Poland,36,8,2142.72,4,4,4,444,1,Regular,Medium
13092.0,12,664.0,2140.28,20.38,0.0201,244.55,2010-02-10 08:44:00,2011-09-30 11:18:00,597,54.27,United Kingdom,71,12,2140.28,3,5,4,354,1,Regular,Medium
12687.0,2,1403.0,2138.91,16.98,,,2010-08-16 12:10:00,2010-08-16 12:12:00,0,0.0,Sweden,481,2,2138.91,1,2,4,124,0,Lost,Very High
17029.0,7,1265.0,2137.3,73.7,0.0127,517.6,2010-02-14 10:19:00,2011-08-21 11:06:00,553,92.17,United Kingdom,111,7,2137.3,3,4,4,344,1,Regular,High
17305.0,1,1006.0,2135.46,237.27,,,2010-03-01 12:47:00,2010-03-01 12:47:00,0,,United Kingdom,649,1,2135.46,1,1,4,114,0,Lost,Very High
18116.0,13,1267.0,2134.49,3.78,0.0378,49.15,2010-10-24 15:29:00,2011-10-03 11:00:00,344,28.67,United Kingdom,68,13,2134.49,3,5,4,354,1,Regular,Medium
12560.0,3,1110.0,2134.01,20.32,0.0217,60.85,2011-07-19 15:55:00,2011-12-04 13:54:00,138,69.0,Germany,5,3,2134.01,5,3,4,534,1,Regular,Low
16493.0,7,1988.0,2132.09,19.21,0.0129,134.81,2010-03-26 13:05:00,2011-09-21 11:10:00,544,90.67,United Kingdom,80,7,2132.09,3,4,4,344,1,Regular,Medium
13517.0,3,1369.0,2128.42,15.1,0.025,45.3,2011-06-13 08:44:00,2011-10-11 11:43:00,120,60.0,United Kingdom,60,3,2128.42,3,3,4,334,1,Regular,Medium
14634.0,4,1906.0,2124.46,19.49,0.0385,78.04,2010-06-16 09:48:00,2010-09-28 10:40:00,104,34.67,United Kingdom,438,4,2124.46,1,3,4,134,0,Lost,Very High
16807.0,6,1433.0,2123.88,14.96,0.0125,89.95,2010-03-26 14:38:00,2011-07-20 12:00:00,481,96.2,United Kingdom,143,6,2123.88,3,4,4,344,1,Regular,High
16996.0,9,919.0,2123.61,28.31,0.0233,255.27,2010-10-18 12:24:00,2011-11-09 16:43:00,387,48.38,United Kingdom,30,9,2123.61,4,5,4,454,1,Regular,Low
14472.0,9,1271.0,2118.72,6.86,0.0154,61.91,2010-01-19 13:09:00,2011-08-28 11:01:00,586,73.25,United Kingdom,104,9,2118.72,3,5,4,354,1,Regular,High
14360.0,4,1139.0,2118.03,18.1,0.0635,72.41,2011-09-06 11:58:00,2011-11-08 09:12:00,63,21.0,United Kingdom,32,4,2118.03,4,3,4,434,1,Regular,Medium
15658.0,8,627.0,2117.27,20.76,0.0147,166.62,2009-12-03 11:19:00,2011-06-02 15:22:00,546,78.0,United Kingdom,190,8,2117.27,2,4,4,244,1,Regular,Very High
14691.0,5,707.0,2114.33,29.78,0.0275,149.05,2011-05-11 09:55:00,2011-11-09 12:30:00,182,45.5,United Kingdom,31,5,2114.33,4,4,4,444,1,Regular,Medium
16201.0,5,1421.0,2112.12,17.03,0.0121,84.9,2010-10-20 12:00:00,2011-12-06 16:02:00,412,103.0,United Kingdom,3,5,2112.12,5,4,4,544,1,Regular,Low
16054.0,4,791.0,2111.88,17.31,0.0085,69.45,2010-04-01 18:37:00,2011-07-17 13:08:00,472,157.33,United Kingdom,145,4,2111.88,3,3,4,334,1,Regular,High
12997.0,8,1186.0,2110.91,19.73,0.0136,158.31,2010-04-06 11:06:00,2011-11-17 15:47:00,590,84.29,United Kingdom,22,8,2110.91,4,4,4,444,1,Regular,Low
14399.0,8,965.0,2108.21,10.98,0.0286,87.93,2010-02-03 13:09:00,2010-11-10 13:23:00,280,40.0,United Kingdom,394,8,2108.21,2,4,4,244,0,Lost,Very High
13755.0,9,1242.0,2108.06,6.57,0.15,59.13,2011-10-07 15:45:00,2011-12-06 12:26:00,60,7.5,United Kingdom,4,9,2108.06,5,5,4,554,1,Regular,Low
13610.0,14,869.0,2103.71,5.27,0.0203,73.92,2010-01-05 14:12:00,2011-11-27 15:38:00,691,53.15,United Kingdom,12,14,2103.71,5,5,4,554,1,Regular,Low
15252.0,5,1430.0,2103.41,17.83,0.0087,89.19,2010-04-07 10:24:00,2011-11-03 13:30:00,575,143.75,United Kingdom,36,5,2103.41,4,4,4,444,1,Regular,Medium
14276.0,7,1406.0,2102.68,17.38,0.0125,122.09,2010-02-17 13:10:00,2011-09-02 09:45:00,562,93.67,United Kingdom,99,7,2102.68,3,4,4,344,1,Regular,High
14499.0,7,1231.0,2101.79,6.76,0.0158,47.32,2010-08-27 11:57:00,2011-11-13 13:01:00,443,73.83,United Kingdom,26,7,2101.79,4,4,4,444,1,Regular,Low
15815.0,5,1856.0,2100.6,42.87,0.0255,214.26,2011-03-25 08:43:00,2011-10-07 12:42:00,196,49.0,United Kingdom,64,5,2100.6,3,4,4,344,1,Regular,Medium
12975.0,6,911.0,2100.09,18.75,0.0202,112.49,2009-12-06 10:38:00,2010-09-29 09:46:00,297,59.4,United Kingdom,437,6,2100.09,1,4,4,144,0,Lost,Very High
17897.0,9,864.0,2099.89,8.01,0.0223,72.16,2010-05-12 16:03:00,2011-06-20 11:23:00,404,50.5,United Kingdom,173,9,2099.89,3,5,4,354,1,Regular,High
17159.0,5,1348.0,2099.59,16.15,0.008,80.62,2010-03-04 14:53:00,2011-11-18 10:52:00,624,156.0,United Kingdom,22,5,2099.59,4,4,4,444,1,Regular,Low
12610.0,5,1049.0,2099.54,19.81,0.0481,99.1,2011-08-05 13:52:00,2011-11-17 09:34:00,104,26.0,Italy,23,5,2099.54,4,4,4,444,1,Regular,Low
17742.0,11,653.0,2098.48,24.69,0.0176,271.59,2009-12-01 13:16:00,2011-08-18 15:28:00,625,62.5,United Kingdom,113,11,2098.48,3,5,4,354,1,Regular,High
13753.0,4,1450.0,2094.57,26.18,0.0089,104.62,2009-12-03 10:20:00,2011-02-25 12:48:00,449,149.67,United Kingdom,288,4,2094.57,2,3,4,234,0,Lost,Very High
13591.0,7,850.0,2093.94,20.73,0.0106,145.25,2009-12-14 15:44:00,2011-10-06 12:26:00,661,110.17,United Kingdom,65,7,2093.94,3,4,4,344,1,Regular,Medium
14469.0,4,973.0,2093.46,14.44,0.0152,57.73,2010-01-29 11:12:00,2010-10-19 14:30:00,263,87.67,United Kingdom,416,4,2093.46,1,3,4,134,0,Lost,Very High
13265.0,5,1740.0,2092.66,23.25,0.0227,116.11,2011-03-11 09:54:00,2011-10-17 15:02:00,220,55.0,United Kingdom,53,5,2092.66,4,4,4,444,1,Regular,Medium
15456.0,10,2727.0,2091.52,9.21,0.0223,92.01,2009-12-08 12:54:00,2011-03-01 13:51:00,448,49.78,United Kingdom,283,10,2091.52,2,5,4,254,1,Regular,Very High
15151.0,2,795.0,2085.61,36.59,0.0233,73.32,2010-07-18 12:19:00,2010-10-12 16:37:00,86,86.0,United Kingdom,423,2,2085.61,1,2,4,124,0,Lost,Very High
17705.0,11,1301.0,2083.9,17.37,0.0192,191.1,2010-05-12 09:47:00,2011-12-06 13:45:00,573,57.3,United Kingdom,3,11,2083.9,5,5,4,554,1,Regular,Low
16016.0,11,881.0,2083.4,7.01,0.0276,77.2,2010-11-02 13:27:00,2011-12-06 14:35:00,399,39.9,United Kingdom,3,11,2083.4,5,5,4,554,1,Regular,Low
16934.0,6,936.0,2083.14,14.77,0.0106,88.77,2010-03-28 12:43:00,2011-10-16 12:40:00,567,113.4,United Kingdom,55,6,2083.14,4,4,4,444,1,Regular,Medium
14443.0,5,1357.0,2082.97,15.66,0.0153,78.11,2010-11-25 14:18:00,2011-10-17 10:10:00,326,81.5,United Kingdom,54,5,2082.97,4,4,4,444,1,Regular,Medium
18026.0,2,530.0,2074.07,122.0,0.4,244.0,2010-07-22 16:21:00,2010-07-27 10:37:00,5,5.0,United Kingdom,501,2,2074.07,1,2,4,124,0,Lost,Very High
17048.0,7,1068.0,2071.68,20.51,0.0122,143.38,2010-01-18 13:55:00,2011-08-14 11:49:00,573,95.5,United Kingdom,118,7,2071.68,3,4,4,344,1,Regular,High
17585.0,7,2510.0,2064.71,5.38,0.019,37.72,2010-08-18 16:39:00,2011-08-22 13:30:00,369,61.5,United Kingdom,109,7,2064.71,3,4,4,344,1,Regular,High
13748.0,9,1028.0,2064.35,35.59,0.014,320.38,2009-12-01 16:44:00,2011-09-05 09:45:00,643,80.38,United Kingdom,96,9,2064.35,3,5,4,354,1,Regular,High
16726.0,7,1323.0,2063.88,7.88,0.0182,55.22,2010-10-24 16:09:00,2011-11-13 14:53:00,385,64.17,United Kingdom,26,7,2063.88,4,4,4,444,1,Regular,Low
12586.0,4,687.0,2062.67,21.94,0.0057,88.29,2009-12-16 13:15:00,2011-11-22 16:24:00,706,235.33,Italy,17,4,2062.67,5,3,4,534,1,Regular,Low
16795.0,3,1214.0,2062.41,6.14,0.0094,18.35,2010-01-25 13:14:00,2010-12-09 14:08:00,318,159.0,United Kingdom,365,3,2062.41,2,3,4,234,0,Lost,Very High
15221.0,4,244.0,2062.2,71.11,0.0148,285.21,2010-03-12 10:40:00,2010-12-08 13:08:00,271,90.33,United Kingdom,366,4,2062.2,2,3,4,234,0,Lost,Very High
13476.0,5,713.0,2061.47,19.45,0.0107,96.98,2010-03-05 09:39:00,2011-06-14 12:00:00,466,116.5,United Kingdom,179,5,2061.47,3,4,4,344,1,Regular,High
18258.0,6,1981.0,2059.67,41.19,0.0556,247.34,2010-05-16 11:35:00,2010-09-01 14:20:00,108,21.6,United Kingdom,464,6,2059.67,1,4,4,144,0,Lost,Very High
17633.0,7,899.0,2057.39,20.37,0.0196,142.93,2010-11-15 14:55:00,2011-11-08 13:25:00,358,59.67,United Kingdom,31,7,2057.39,4,4,4,444,1,Regular,Medium
12518.0,5,1318.0,2056.89,16.59,0.0455,83.03,2011-08-21 13:18:00,2011-12-09 10:13:00,110,27.5,Germany,1,5,2056.89,5,4,4,544,1,Regular,Low
15253.0,8,1588.0,2055.09,17.72,0.014,141.41,2010-05-02 11:17:00,2011-11-23 16:22:00,570,81.43,United Kingdom,16,8,2055.09,5,4,4,544,1,Regular,Low
14188.0,6,1162.0,2054.36,31.61,0.0214,189.41,2011-02-02 13:46:00,2011-11-09 12:45:00,280,56.0,United Kingdom,31,6,2054.36,4,4,4,444,1,Regular,Medium
16235.0,9,788.0,2053.71,17.86,0.0209,160.51,2010-08-26 12:10:00,2011-10-30 10:56:00,430,53.75,United Kingdom,41,9,2053.71,4,5,4,454,1,Regular,Medium
16794.0,15,1576.0,2052.7,4.09,0.0241,61.41,2010-03-25 15:17:00,2011-12-08 17:54:00,623,44.5,United Kingdom,1,15,2052.7,5,5,4,554,1,Regular,Low
16176.0,4,952.0,2052.69,28.51,0.0201,114.04,2010-03-29 14:52:00,2010-10-14 13:54:00,199,66.33,United Kingdom,421,4,2052.69,1,3,4,134,0,Lost,Very High
17086.0,6,1859.0,2050.08,21.36,0.1071,128.11,2011-10-07 11:22:00,2011-12-02 13:54:00,56,11.2,United Kingdom,7,6,2050.08,5,4,4,544,1,Regular,Low
13874.0,7,864.0,2049.15,29.7,0.0222,207.69,2010-02-04 18:39:00,2010-12-16 18:20:00,315,52.5,United Kingdom,358,7,2049.15,2,4,4,244,0,Lost,Very High
16027.0,15,2099.0,2048.36,58.52,0.0246,876.71,2010-01-08 13:21:00,2011-09-09 10:47:00,609,43.5,United Kingdom,92,15,2048.36,3,5,4,354,1,Regular,High
14232.0,5,1941.0,2048.07,17.81,0.0225,88.96,2011-03-20 12:44:00,2011-10-28 11:09:00,222,55.5,United Kingdom,43,5,2048.07,4,4,4,444,1,Regular,Medium
17666.0,5,1552.0,2047.8,46.54,0.0095,231.68,2010-06-30 12:03:00,2011-12-06 09:06:00,524,131.0,United Kingdom,4,5,2047.8,5,4,4,544,1,Regular,Low
13663.0,5,893.0,2047.51,20.68,0.0107,103.34,2010-03-03 10:11:00,2011-06-13 15:44:00,467,116.75,United Kingdom,179,5,2047.51,3,4,4,344,1,Regular,High
14000.0,5,1838.0,2046.34,41.76,0.0095,208.67,2009-12-02 09:50:00,2011-05-12 16:50:00,526,131.5,United Kingdom,211,5,2046.34,2,4,4,244,1,Regular,Very High
15473.0,8,776.0,2046.0,146.14,0.0186,1168.83,2010-09-21 09:14:00,2011-11-25 15:15:00,430,61.43,United Kingdom,14,8,2046.0,5,4,4,544,1,Regular,Low
12868.0,8,1170.0,2043.76,15.25,0.0386,121.85,2010-11-12 10:05:00,2011-06-07 10:42:00,207,29.57,United Kingdom,186,8,2043.76,3,4,4,344,1,Regular,Very High
17289.0,9,1237.0,2041.8,7.68,0.0148,69.34,2010-03-08 12:52:00,2011-11-08 12:01:00,610,76.25,United Kingdom,32,9,2041.8,4,5,4,454,1,Regular,Medium
12585.0,2,1279.0,2040.1,23.45,0.0171,46.92,2010-12-23 12:58:00,2011-04-19 13:39:00,117,117.0,Germany,234,2,2040.1,2,2,4,224,1,Regular,Very High
14988.0,7,1260.0,2038.65,8.68,0.0179,60.75,2010-04-16 13:34:00,2011-05-12 12:05:00,391,65.17,United Kingdom,212,7,2038.65,2,4,4,244,1,Regular,Very High
16214.0,4,1308.0,2038.25,20.8,0.0151,83.23,2010-09-30 13:57:00,2011-06-22 11:30:00,265,88.33,United Kingdom,171,4,2038.25,3,3,4,334,1,Regular,High
16331.0,6,756.0,2037.7,59.93,0.0286,359.94,2010-03-07 10:55:00,2010-10-03 13:47:00,210,42.0,United Kingdom,432,6,2037.7,1,4,4,144,0,Lost,Very High
17846.0,1,1.0,2033.1,2033.1,,,2011-09-15 15:20:00,2011-09-15 15:20:00,0,,United Kingdom,85,1,2033.1,3,1,4,314,1,Regular,Medium
13630.0,7,1391.0,2031.78,28.62,0.025,200.34,2011-02-27 12:49:00,2011-12-04 15:16:00,280,46.67,United Kingdom,5,7,2031.78,5,4,4,544,1,Regular,Low
14225.0,4,1167.0,2031.07,23.62,0.0153,94.68,2010-01-12 15:02:00,2010-10-01 10:32:00,262,87.33,United Kingdom,435,4,2031.07,1,3,4,134,0,Lost,Very High
15272.0,6,665.0,2030.95,7.1,0.0099,42.6,2010-02-14 13:39:00,2011-10-13 12:59:00,606,121.2,United Kingdom,57,6,2030.95,4,4,4,444,1,Regular,Medium
15506.0,6,1637.0,2030.33,7.44,0.0132,44.68,2010-08-19 12:38:00,2011-11-17 12:11:00,455,91.0,United Kingdom,23,6,2030.33,4,4,4,444,1,Regular,Low
15164.0,9,912.0,2028.11,5.76,0.0145,51.95,2010-01-18 13:34:00,2011-10-02 12:05:00,622,77.75,United Kingdom,69,9,2028.11,3,5,4,354,1,Regular,Medium
15384.0,4,1767.0,2027.79,17.18,0.0095,69.04,2010-04-26 12:38:00,2011-06-23 10:57:00,423,141.0,United Kingdom,170,4,2027.79,3,3,4,334,1,Regular,High
12873.0,3,786.0,2027.3,57.92,0.0075,173.33,2010-01-27 09:50:00,2011-03-02 14:58:00,399,199.5,United Kingdom,282,3,2027.3,2,3,4,234,0,Lost,Very High
13989.0,5,2207.0,2026.06,23.56,0.01,117.33,2010-05-25 12:13:00,2011-10-05 09:47:00,498,124.5,United Kingdom,66,5,2026.06,3,4,4,344,1,Regular,Medium
14631.0,6,1407.0,2025.69,22.26,0.0137,133.27,2010-08-09 14:45:00,2011-10-20 11:17:00,437,87.4,United Kingdom,51,6,2025.69,4,4,4,444,1,Regular,Medium
14651.0,9,880.0,2025.52,7.16,0.016,64.61,2010-03-18 11:39:00,2011-10-03 15:52:00,564,70.5,United Kingdom,67,9,2025.52,3,5,4,354,1,Regular,Medium
12418.0,4,1088.0,2021.2,19.82,0.0077,79.05,2010-03-19 14:47:00,2011-08-19 11:08:00,518,172.67,Switzerland,113,4,2021.2,3,3,4,334,1,Regular,High
13696.0,3,552.0,2020.4,84.18,0.0122,251.61,2010-02-11 14:17:00,2010-10-14 09:44:00,245,122.5,United Kingdom,422,3,2020.4,1,3,4,134,0,Lost,Very High
16221.0,9,1449.0,2019.92,8.45,0.02,76.05,2010-08-10 13:32:00,2011-11-03 11:43:00,450,56.25,United Kingdom,37,9,2019.92,4,5,4,454,1,Regular,Medium
12348.0,5,2714.0,2019.4,39.6,0.0138,198.37,2010-09-27 14:59:00,2011-09-25 13:13:00,363,90.75,Finland,75,5,2019.4,3,4,4,344,1,Regular,Medium
14623.0,10,1025.0,2016.98,7.15,0.0175,71.32,2010-04-16 17:12:00,2011-11-07 13:56:00,570,63.33,United Kingdom,32,10,2016.98,4,5,4,454,1,Regular,Medium
16197.0,9,1420.0,2016.71,21.69,0.0354,195.03,2009-12-16 11:44:00,2010-08-27 12:56:00,254,31.75,United Kingdom,469,9,2016.71,1,5,4,154,0,Lost,Very High
17152.0,4,577.0,2016.5,126.03,0.0173,503.65,2010-10-10 12:40:00,2011-05-29 12:19:00,231,77.0,United Kingdom,195,4,2016.5,2,3,4,234,1,Regular,Very High
17126.0,9,1426.0,2016.43,4.53,0.0288,40.84,2010-08-31 13:41:00,2011-07-10 13:52:00,313,39.13,United Kingdom,152,9,2016.43,3,5,4,354,1,Regular,High
13693.0,9,880.0,2011.82,18.98,0.0251,170.55,2009-12-07 11:29:00,2010-11-30 18:21:00,358,44.75,United Kingdom,374,9,2011.82,2,5,4,254,0,Lost,Very High
17671.0,5,987.0,2009.16,26.79,0.0139,134.06,2010-11-29 11:53:00,2011-11-24 12:21:00,360,90.0,United Kingdom,16,5,2009.16,5,4,4,544,1,Regular,Low
13888.0,7,795.0,2001.59,11.71,0.0154,82.23,2010-05-13 11:57:00,2011-08-12 10:13:00,456,76.0,United Kingdom,120,7,2001.59,3,4,4,344,1,Regular,High
16332.0,11,1128.0,2000.01,10.15,0.0196,111.61,2010-04-29 13:41:00,2011-11-11 14:22:00,561,56.1,United Kingdom,28,11,2000.01,4,5,4,454,1,Regular,Low
14628.0,5,1147.0,1998.0,23.23,0.0084,115.52,2010-01-25 14:40:00,2011-09-09 14:58:00,592,148.0,United Kingdom,91,5,1998.0,3,4,4,344,1,Regular,High
16698.0,2,840.0,1998.0,399.6,0.0741,799.48,2011-03-31 13:33:00,2011-04-27 10:52:00,27,27.0,United Kingdom,227,2,1998.0,2,2,4,224,1,Regular,Very High
15990.0,7,1086.0,1997.75,11.29,0.0116,79.23,2010-02-28 12:30:00,2011-10-26 15:58:00,605,100.83,United Kingdom,44,7,1997.75,4,4,4,444,1,Regular,Medium
14152.0,7,1844.0,1997.34,15.02,0.012,105.26,2010-02-18 13:57:00,2011-09-25 12:54:00,584,97.33,United Kingdom,75,7,1997.34,3,4,4,344,1,Regular,Medium
15481.0,1,1450.0,1993.34,52.46,,,2010-11-03 14:52:00,2010-11-03 14:52:00,0,,Norway,401,1,1993.34,2,1,4,214,0,Lost,Very High
14301.0,4,1686.0,1992.18,37.59,0.0073,150.65,2010-02-11 13:07:00,2011-08-14 15:33:00,549,183.0,United Kingdom,117,4,1992.18,3,3,4,334,1,Regular,High
16065.0,8,1207.0,1992.13,5.64,0.0816,45.1,2010-09-02 13:27:00,2010-12-09 13:03:00,98,14.0,United Kingdom,365,8,1992.13,2,4,4,244,0,Lost,Very High
13889.0,6,979.0,1991.23,23.99,0.0101,143.93,2010-01-22 14:32:00,2011-09-08 09:13:00,594,118.8,United Kingdom,93,6,1991.23,3,4,4,344,1,Regular,High
17088.0,4,868.0,1991.01,17.31,0.0178,69.33,2011-03-31 09:48:00,2011-11-11 14:23:00,225,75.0,United Kingdom,28,4,1991.01,4,3,4,434,1,Regular,Low
16960.0,8,1492.0,1990.88,4.43,0.0131,35.34,2010-03-02 13:36:00,2011-11-01 11:35:00,609,87.0,United Kingdom,39,8,1990.88,4,4,4,444,1,Regular,Medium
17351.0,12,383.0,1988.23,28.81,0.0173,345.4,2009-12-10 18:43:00,2011-11-03 18:45:00,693,63.0,United Kingdom,36,12,1988.23,4,5,4,454,1,Regular,Medium
16529.0,4,739.0,1986.8,15.52,0.0118,62.27,2010-06-27 13:29:00,2011-06-02 17:23:00,340,113.33,United Kingdom,190,4,1986.8,2,3,4,234,1,Regular,Very High
15478.0,3,894.0,1983.48,28.75,0.0056,86.14,2010-05-13 18:49:00,2011-10-30 14:19:00,535,267.5,United Kingdom,40,3,1983.48,4,3,4,434,1,Regular,Medium
14967.0,6,652.0,1982.61,68.37,0.0087,408.64,2009-12-03 14:07:00,2011-10-21 11:06:00,687,137.4,United Kingdom,50,6,1982.61,4,4,4,444,1,Regular,Medium
17337.0,4,1247.0,1981.06,3.8,0.0252,15.23,2011-02-02 17:06:00,2011-07-11 14:55:00,159,53.0,United Kingdom,151,4,1981.06,3,3,4,334,1,Regular,High
13725.0,8,806.0,1980.56,19.04,0.0309,152.38,2011-02-04 12:18:00,2011-10-21 10:03:00,259,37.0,United Kingdom,50,8,1980.56,4,4,4,444,1,Regular,Medium
12582.0,4,985.0,1980.4,19.23,0.0118,76.92,2010-05-11 09:55:00,2011-04-15 08:45:00,339,113.0,Finland,239,4,1980.4,2,3,4,234,1,Regular,Very High
17158.0,5,1147.0,1980.0,17.52,0.0082,87.64,2010-03-07 15:50:00,2011-11-07 15:15:00,610,152.5,United Kingdom,32,5,1980.0,4,4,4,444,1,Regular,Medium
15030.0,8,1225.0,1979.91,60.0,0.0139,478.72,2010-03-04 17:10:00,2011-09-29 10:50:00,574,82.0,United Kingdom,72,8,1979.91,3,4,4,344,1,Regular,Medium
15795.0,8,1411.0,1979.87,15.11,0.0148,120.98,2010-01-18 11:31:00,2011-07-13 10:43:00,541,77.29,United Kingdom,150,8,1979.87,3,4,4,344,1,Regular,High
13208.0,9,1343.0,1976.3,7.84,0.0133,70.7,2009-12-03 13:25:00,2011-10-12 09:54:00,678,84.75,United Kingdom,59,9,1976.3,4,5,4,454,1,Regular,Medium
18204.0,3,1190.0,1975.35,10.29,0.0248,30.88,2011-05-31 15:26:00,2011-09-29 16:44:00,121,60.5,United Kingdom,71,3,1975.35,3,3,4,334,1,Regular,Medium
15531.0,2,1085.0,1972.39,9.01,0.0909,18.02,2011-11-09 17:47:00,2011-12-01 18:43:00,22,22.0,United Kingdom,8,2,1972.39,5,2,4,524,1,Regular,Low
17797.0,8,1086.0,1971.87,7.28,0.0114,58.26,2009-12-15 14:30:00,2011-11-17 13:21:00,702,100.29,United Kingdom,22,8,1971.87,4,4,4,444,1,Regular,Low
14905.0,8,1009.0,1971.39,25.27,0.0138,201.91,2009-12-03 14:36:00,2011-07-05 12:41:00,579,82.71,United Kingdom,158,8,1971.39,3,4,4,344,1,Regular,High
12674.0,4,1133.0,1970.6,23.74,0.0237,95.09,2011-05-16 09:10:00,2011-11-01 12:12:00,169,56.33,France,39,4,1970.6,4,3,4,434,1,Regular,Medium
14477.0,7,1120.0,1969.6,140.69,0.0102,983.0,2010-01-04 15:41:00,2011-11-20 11:11:00,685,114.17,United Kingdom,20,7,1969.6,4,4,4,444,1,Regular,Low
14396.0,7,959.0,1969.38,7.91,0.0104,55.28,2009-12-02 14:21:00,2011-10-05 16:09:00,672,112.0,United Kingdom,65,7,1969.38,3,4,4,344,1,Regular,Medium
16032.0,6,1467.0,1965.72,9.36,0.0896,56.19,2010-07-04 13:31:00,2010-09-09 18:00:00,67,13.4,United Kingdom,456,6,1965.72,1,4,4,144,0,Lost,Very High
17966.0,10,3918.0,1963.92,17.38,0.0153,173.64,2010-01-18 13:24:00,2011-11-02 10:26:00,653,72.56,United Kingdom,38,10,1963.92,4,5,4,454,1,Regular,Medium
17997.0,8,2273.0,1962.46,11.97,0.0889,95.77,2011-06-28 17:28:00,2011-09-26 16:13:00,90,12.86,United Kingdom,74,8,1962.46,3,4,4,344,1,Regular,Medium
12399.0,7,2198.0,1962.3,17.84,0.0133,124.57,2010-03-05 08:45:00,2011-08-12 13:15:00,525,87.5,Belgium,119,7,1962.3,3,4,4,344,1,Regular,High
15789.0,6,2499.0,1962.01,14.22,0.0226,85.16,2010-03-26 11:21:00,2010-12-16 14:35:00,265,53.0,United Kingdom,358,6,1962.01,2,4,4,244,0,Lost,Very High
16290.0,4,957.0,1957.7,15.79,0.0396,63.15,2010-05-23 11:46:00,2010-09-01 11:52:00,101,33.67,United Kingdom,465,4,1957.7,1,3,4,134,0,Lost,Very High
17039.0,1,689.0,1954.99,44.43,,,2010-04-14 12:56:00,2010-04-14 12:56:00,0,,United Kingdom,604,1,1954.99,1,1,4,114,0,Lost,Very High
18016.0,7,1207.0,1954.56,11.57,0.0108,81.1,2010-01-27 16:00:00,2011-11-07 13:25:00,649,108.17,United Kingdom,32,7,1954.56,4,4,4,444,1,Regular,Medium
14794.0,10,783.0,1953.9,18.79,0.0206,187.73,2010-08-09 15:44:00,2011-12-07 10:11:00,485,53.89,United Kingdom,3,10,1953.9,5,5,4,554,1,Regular,Low
17554.0,5,1763.0,1952.45,22.19,0.034,110.91,2011-07-14 20:01:00,2011-12-08 14:15:00,147,36.75,United Kingdom,1,5,1952.45,5,4,4,544,1,Regular,Low
13761.0,6,1079.0,1952.17,16.0,0.0099,95.99,2010-02-21 11:08:00,2011-10-20 14:01:00,606,121.2,United Kingdom,50,6,1952.17,4,4,4,444,1,Regular,Medium
15885.0,15,622.0,1951.82,16.97,0.0252,254.45,2010-01-21 12:47:00,2011-09-08 10:43:00,595,42.5,United Kingdom,93,15,1951.82,3,5,4,354,1,Regular,High
16993.0,2,285.0,1950.95,69.68,0.0177,139.37,2010-05-12 13:55:00,2010-09-02 12:16:00,113,113.0,United Kingdom,464,2,1950.95,1,2,4,124,0,Lost,Very High
14014.0,3,2004.0,1948.21,25.63,0.006,76.74,2010-05-12 09:04:00,2011-09-23 13:18:00,499,249.5,United Kingdom,77,3,1948.21,3,3,4,334,1,Regular,Medium
15620.0,4,1249.0,1942.36,15.06,0.0113,60.07,2010-10-26 11:32:00,2011-10-14 12:41:00,353,117.67,United Kingdom,57,4,1942.36,4,3,4,434,1,Regular,Medium
15425.0,4,1041.0,1941.12,13.57,0.0152,54.25,2010-02-14 12:36:00,2010-11-04 18:13:00,263,87.67,United Kingdom,400,4,1941.12,2,3,4,234,0,Lost,Very High
12385.0,1,612.0,1938.4,29.82,,,2010-11-25 15:14:00,2010-11-25 15:14:00,0,,Belgium,379,1,1938.4,2,1,4,214,0,Lost,Very High
16619.0,4,1055.0,1938.33,16.71,0.0102,66.81,2010-02-22 12:05:00,2011-03-21 08:18:00,392,130.67,United Kingdom,264,4,1938.33,2,3,4,234,0,Lost,Very High
14418.0,3,1711.0,1937.25,15.62,0.0286,46.91,2011-08-23 17:18:00,2011-12-06 11:39:00,105,52.5,United Kingdom,4,3,1937.25,5,3,4,534,1,Regular,Low
15561.0,8,1334.0,1934.39,21.03,0.0123,168.65,2010-02-14 12:22:00,2011-11-28 11:07:00,652,93.14,United Kingdom,12,8,1934.39,5,4,4,544,1,Regular,Low
12528.0,6,756.0,1933.48,21.02,0.0198,126.11,2011-01-31 09:05:00,2011-11-30 14:40:00,303,60.6,Germany,9,6,1933.48,5,4,4,544,1,Regular,Low
12531.0,2,1119.0,1933.2,15.22,0.003,30.68,2010-01-22 14:17:00,2011-11-25 11:12:00,672,672.0,Germany,15,2,1933.2,5,2,4,524,1,Regular,Low
16859.0,7,1899.0,1932.41,17.57,0.014,123.24,2010-03-04 12:37:00,2011-07-18 12:19:00,501,83.5,United Kingdom,145,7,1932.41,3,4,4,344,1,Regular,High
15803.0,4,1030.0,1929.66,37.84,0.0064,151.36,2010-02-01 16:29:00,2011-10-19 14:56:00,625,208.33,United Kingdom,51,4,1929.66,4,3,4,434,1,Regular,Medium
17236.0,12,804.0,1929.26,12.21,0.019,146.15,2010-03-07 13:00:00,2011-11-27 12:00:00,630,57.27,United Kingdom,13,12,1929.26,5,5,4,554,1,Regular,Low
16788.0,5,965.0,1928.93,4.04,0.0091,20.11,2010-02-07 12:40:00,2011-08-08 14:53:00,547,136.75,United Kingdom,123,5,1928.93,3,4,4,344,1,Regular,High
13029.0,5,194.0,1927.3,113.37,0.0101,564.5,2010-07-04 13:46:00,2011-11-09 09:13:00,493,123.25,United Kingdom,31,5,1927.3,4,4,4,444,1,Regular,Medium
14492.0,7,751.0,1921.91,20.89,0.037,146.08,2010-03-30 14:23:00,2010-10-05 13:21:00,189,31.5,United Kingdom,430,7,1921.91,1,4,4,144,0,Lost,Very High
16681.0,7,1492.0,1921.84,39.22,0.0123,274.49,2010-03-08 14:10:00,2011-09-28 11:11:00,569,94.83,United Kingdom,73,7,1921.84,3,4,4,344,1,Regular,Medium
18220.0,6,1352.0,1921.76,76.87,0.012,459.38,2009-12-15 11:42:00,2011-04-27 09:03:00,498,99.6,United Kingdom,227,6,1921.76,2,4,4,244,1,Regular,Very High
14901.0,12,880.0,1919.0,14.32,0.0246,171.56,2010-07-29 11:11:00,2011-11-28 17:09:00,487,44.27,United Kingdom,11,12,1919.0,5,5,4,554,1,Regular,Low
12644.0,4,1032.0,1918.49,17.28,0.0071,69.32,2010-01-14 13:02:00,2011-08-02 10:33:00,565,188.33,Germany,130,4,1918.49,3,3,4,334,1,Regular,High
12842.0,4,887.0,1917.99,39.96,0.006,159.92,2009-12-02 08:15:00,2011-09-30 15:33:00,667,222.33,United Kingdom,70,4,1917.99,3,3,4,334,1,Regular,Medium
14332.0,5,875.0,1917.41,30.93,0.0127,154.77,2010-10-19 13:01:00,2011-11-17 11:54:00,394,98.5,United Kingdom,23,5,1917.41,4,4,4,444,1,Regular,Low
16650.0,7,1511.0,1916.11,19.55,0.0156,136.63,2010-07-08 14:18:00,2011-09-29 09:51:00,448,74.67,United Kingdom,72,7,1916.11,3,4,4,344,1,Regular,Medium
16555.0,6,1816.0,1915.68,29.03,0.0128,174.64,2010-07-22 13:39:00,2011-11-04 14:31:00,470,94.0,United Kingdom,35,6,1915.68,4,4,4,444,1,Regular,Medium
16692.0,4,878.0,1914.7,382.94,0.0216,1530.23,2010-09-24 11:31:00,2011-03-28 14:46:00,185,61.67,United Kingdom,256,4,1914.7,2,3,4,234,1,Regular,Very High
17046.0,5,1636.0,1906.07,22.42,0.0108,112.11,2010-03-29 13:46:00,2011-07-05 14:24:00,463,115.75,United Kingdom,157,5,1906.07,3,4,4,344,1,Regular,High
16942.0,9,805.0,1904.99,6.88,0.0419,61.98,2011-04-26 11:59:00,2011-11-27 12:40:00,215,26.88,United Kingdom,13,9,1904.99,5,5,4,554,1,Regular,Low
14250.0,3,1200.0,1904.05,17.15,0.0366,51.47,2011-09-11 13:44:00,2011-12-02 14:30:00,82,41.0,United Kingdom,7,3,1904.05,5,3,4,534,1,Regular,Low
14127.0,6,828.0,1900.08,16.24,0.0198,97.43,2010-10-10 11:53:00,2011-08-09 10:49:00,303,60.6,United Kingdom,123,6,1900.08,3,4,4,344,1,Regular,High
14710.0,13,1135.0,1899.79,4.4,0.018,57.18,2009-12-03 17:12:00,2011-11-25 14:53:00,722,60.17,United Kingdom,14,13,1899.79,5,5,4,554,1,Regular,Low
12762.0,2,1227.0,1898.52,27.51,0.1111,55.01,2011-11-14 14:23:00,2011-12-02 10:23:00,18,18.0,Portugal,8,2,1898.52,5,2,4,524,1,Regular,Low
14389.0,5,1388.0,1898.01,21.82,0.0095,108.83,2010-04-28 14:57:00,2011-10-05 15:17:00,525,131.25,United Kingdom,65,5,1898.01,3,4,4,344,1,Regular,Medium
14730.0,8,1078.0,1897.57,4.11,0.0291,32.89,2011-03-08 12:49:00,2011-12-08 14:39:00,275,39.29,United Kingdom,1,8,1897.57,5,4,4,544,1,Regular,Low
17560.0,8,1588.0,1895.8,34.47,0.0141,275.09,2010-02-17 12:11:00,2011-09-06 09:18:00,566,80.86,United Kingdom,95,8,1895.8,3,4,4,344,1,Regular,High
14327.0,6,1296.0,1894.93,17.88,0.0112,107.54,2010-01-08 14:04:00,2011-06-29 13:58:00,537,107.4,United Kingdom,163,6,1894.93,3,4,4,344,1,Regular,High
15248.0,3,1065.0,1893.93,17.87,0.0244,53.63,2010-06-23 14:34:00,2010-10-24 13:09:00,123,61.5,United Kingdom,411,3,1893.93,1,3,4,134,0,Lost,Very High
13984.0,12,1301.0,1893.8,21.52,0.017,258.28,2009-12-07 11:51:00,2011-11-13 12:38:00,706,64.18,United Kingdom,27,12,1893.8,4,5,4,454,1,Regular,Low
17350.0,7,1178.0,1893.7,13.24,0.0105,92.87,2010-02-01 15:38:00,2011-12-01 15:47:00,668,111.33,United Kingdom,8,7,1893.7,5,4,4,544,1,Regular,Low
16631.0,7,775.0,1892.52,23.66,0.0412,165.71,2010-02-26 10:49:00,2010-08-15 11:20:00,170,28.33,United Kingdom,482,7,1892.52,1,4,4,144,0,Lost,Very High
13276.0,5,840.0,1891.91,7.92,0.0086,39.44,2010-03-07 14:05:00,2011-10-07 12:44:00,579,144.75,United Kingdom,64,5,1891.91,3,4,4,344,1,Regular,Medium
15381.0,5,802.0,1890.57,78.77,0.0135,393.46,2010-05-05 14:35:00,2011-05-10 11:55:00,370,92.5,United Kingdom,214,5,1890.57,2,4,4,244,1,Regular,Very High
14912.0,6,1819.0,1889.25,29.99,0.009,179.76,2010-01-26 16:29:00,2011-11-23 09:20:00,666,133.2,Italy,17,6,1889.25,5,4,4,544,1,Regular,Low
17609.0,11,1321.0,1887.9,4.9,0.0193,53.81,2010-04-09 16:54:00,2011-10-30 12:28:00,569,56.9,United Kingdom,41,11,1887.9,4,5,4,454,1,Regular,Medium
16172.0,8,1419.0,1884.55,16.68,0.0191,133.17,2010-07-14 15:34:00,2011-09-05 13:22:00,418,59.71,United Kingdom,95,8,1884.55,3,4,4,344,1,Regular,High
14403.0,6,737.0,1880.51,75.22,0.0118,451.79,2010-03-10 14:00:00,2011-08-01 12:57:00,509,101.8,United Kingdom,130,6,1880.51,3,4,4,344,1,Regular,High
16660.0,7,991.0,1879.55,78.31,0.0103,546.87,2010-01-14 11:09:00,2011-11-23 14:53:00,678,113.0,United Kingdom,16,7,1879.55,5,4,4,544,1,Regular,Low
18151.0,6,986.0,1879.44,17.73,0.0117,106.0,2010-03-04 10:47:00,2011-07-28 11:35:00,511,102.2,United Kingdom,135,6,1879.44,3,4,4,344,1,Regular,High
17227.0,12,1681.0,1878.93,16.48,0.0178,198.01,2010-01-15 15:05:00,2011-11-21 10:51:00,675,61.36,United Kingdom,19,12,1878.93,5,5,4,554,1,Regular,Low
15197.0,6,1058.0,1877.51,31.82,0.0084,191.91,2009-12-11 12:56:00,2011-11-29 10:00:00,718,143.6,United Kingdom,11,6,1877.51,5,4,4,544,1,Regular,Low
13946.0,6,2847.0,1876.23,33.5,0.0091,199.98,2009-12-04 11:07:00,2011-09-21 13:33:00,656,131.2,United Kingdom,79,6,1876.23,3,4,4,344,1,Regular,Medium
16426.0,10,1215.0,1863.76,5.28,0.0365,52.81,2011-03-08 15:45:00,2011-12-07 14:01:00,274,30.44,United Kingdom,2,10,1863.76,5,5,4,554,1,Regular,Low
14887.0,1,1100.0,1862.0,310.33,,,2011-09-21 15:32:00,2011-09-21 15:32:00,0,,United Kingdom,79,1,1862.0,3,1,4,314,1,Regular,Medium
13503.0,6,1105.0,1859.24,9.84,0.0102,59.22,2010-02-16 13:49:00,2011-09-29 13:23:00,590,118.0,United Kingdom,71,6,1859.24,3,4,4,344,1,Regular,Medium
14305.0,3,1089.0,1858.96,17.7,0.0469,53.13,2011-07-27 14:14:00,2011-09-29 15:29:00,64,32.0,United Kingdom,71,3,1858.96,3,3,4,334,1,Regular,Medium
14130.0,4,1215.0,1858.77,8.45,0.0098,33.87,2009-12-11 16:33:00,2011-01-24 16:05:00,409,136.33,United Kingdom,319,4,1858.77,2,3,4,234,0,Lost,Very High
16043.0,8,1011.0,1856.59,25.43,0.018,203.24,2010-08-15 11:26:00,2011-11-02 12:50:00,444,63.43,United Kingdom,38,8,1856.59,4,4,4,444,1,Regular,Medium
15081.0,12,749.0,1854.57,18.36,0.0234,220.4,2010-06-22 10:25:00,2011-11-17 17:08:00,513,46.64,United Kingdom,22,12,1854.57,4,5,4,454,1,Regular,Low
16049.0,6,1132.0,1852.15,3.82,0.0126,22.91,2010-07-11 13:53:00,2011-10-30 13:19:00,476,95.2,United Kingdom,40,6,1852.15,4,4,4,444,1,Regular,Medium
16917.0,2,792.0,1851.88,37.04,0.0056,73.84,2010-03-17 15:24:00,2011-03-08 11:55:00,356,356.0,United Kingdom,277,2,1851.88,2,2,4,224,0,Lost,Very High
12383.0,5,1532.0,1850.56,18.69,0.0298,93.57,2010-12-22 14:28:00,2011-06-08 08:02:00,168,42.0,Belgium,185,5,1850.56,3,4,4,344,1,Regular,Very High
12381.0,5,808.0,1845.31,21.21,0.0435,106.1,2011-08-12 09:57:00,2011-12-05 12:44:00,115,28.75,Norway,5,5,1845.31,5,4,4,544,1,Regular,Low
12507.0,4,1256.0,1844.06,37.63,0.0089,150.71,2010-05-04 09:23:00,2011-07-28 17:09:00,450,150.0,Spain,134,4,1844.06,3,3,4,334,1,Regular,High
18180.0,6,1721.0,1843.75,15.49,0.0435,92.99,2011-07-20 08:59:00,2011-12-05 08:39:00,138,27.6,United Kingdom,5,6,1843.75,5,4,4,544,1,Regular,Low
12694.0,3,1355.0,1843.35,22.21,0.0085,66.26,2010-10-14 19:39:00,2011-09-30 13:06:00,351,175.5,France,70,3,1843.35,3,3,4,334,1,Regular,Medium
12950.0,3,1380.0,1843.0,80.13,0.1364,240.45,2011-11-15 13:48:00,2011-12-07 13:17:00,22,11.0,United Kingdom,2,3,1843.0,5,3,4,534,1,Regular,Low
15201.0,7,1660.0,1842.95,18.43,0.0134,129.41,2010-04-07 14:50:00,2011-09-13 14:53:00,524,87.33,United Kingdom,87,7,1842.95,3,4,4,344,1,Regular,Medium
16102.0,3,942.0,1842.14,32.32,0.0349,97.01,2011-08-03 12:50:00,2011-10-28 13:19:00,86,43.0,United Kingdom,42,3,1842.14,4,3,4,434,1,Regular,Medium
14224.0,9,826.0,1841.71,8.04,0.0207,72.23,2010-06-13 13:46:00,2011-08-21 13:24:00,434,54.25,United Kingdom,110,9,1841.71,3,5,4,354,1,Regular,High
13168.0,5,898.0,1840.73,10.64,0.0099,53.3,2010-06-15 15:00:00,2011-11-03 12:56:00,506,126.5,United Kingdom,36,5,1840.73,4,4,4,444,1,Regular,Medium
17919.0,2,1452.0,1840.32,46.01,0.0057,91.79,2010-09-27 10:40:00,2011-09-12 13:41:00,350,350.0,United Kingdom,88,2,1840.32,3,2,4,324,1,Regular,Medium
15822.0,6,950.0,1840.06,28.31,0.0082,169.46,2009-12-06 15:12:00,2011-12-06 14:50:00,730,146.0,United Kingdom,3,6,1840.06,5,4,4,544,1,Regular,Low
14870.0,6,483.0,1838.95,28.29,0.0142,169.52,2010-01-25 09:05:00,2011-03-23 10:51:00,422,84.4,United Kingdom,262,6,1838.95,2,4,4,244,1,Regular,Very High
13924.0,6,1575.0,1838.85,15.72,0.0845,94.31,2011-09-28 15:07:00,2011-12-08 09:39:00,71,14.2,United Kingdom,2,6,1838.85,5,4,4,544,1,Regular,Low
17015.0,3,1978.0,1838.61,8.59,0.0191,25.76,2011-06-07 13:19:00,2011-11-11 10:45:00,157,78.5,United Kingdom,29,3,1838.61,4,3,4,434,1,Regular,Low
16175.0,7,932.0,1836.44,18.74,0.0149,130.96,2010-05-25 12:01:00,2011-09-06 14:32:00,469,78.17,United Kingdom,94,7,1836.44,3,4,4,344,1,Regular,High
15402.0,6,2034.0,1830.54,13.97,0.0135,83.55,2010-04-27 12:12:00,2011-07-14 12:17:00,443,88.6,United Kingdom,149,6,1830.54,3,4,4,344,1,Regular,High
16152.0,1,642.0,1829.04,63.07,,,2011-03-16 09:47:00,2011-03-16 09:47:00,0,,United Kingdom,269,1,1829.04,2,1,4,214,0,Lost,Very High
16825.0,5,1297.0,1826.89,28.55,0.0101,143.02,2010-06-23 13:14:00,2011-11-01 11:51:00,496,124.0,United Kingdom,39,5,1826.89,4,4,4,444,1,Regular,Medium
17244.0,5,1419.0,1826.04,15.22,0.0074,76.59,2009-12-06 11:27:00,2011-10-17 15:19:00,680,170.0,United Kingdom,53,5,1826.04,4,4,4,444,1,Regular,Medium
14896.0,8,931.0,1826.0,7.22,0.0151,57.67,2009-12-06 12:42:00,2011-05-19 10:20:00,529,75.57,United Kingdom,205,8,1826.0,2,4,4,244,1,Regular,Very High
15678.0,3,1022.0,1825.94,19.85,0.0064,59.71,2010-07-05 12:49:00,2011-10-18 09:25:00,470,235.0,United Kingdom,53,3,1825.94,4,3,4,434,1,Regular,Medium
14715.0,8,1030.0,1825.45,13.32,0.012,106.29,2010-01-19 12:18:00,2011-11-15 12:10:00,665,95.0,United Kingdom,25,8,1825.45,4,4,4,444,1,Regular,Low
13884.0,10,752.0,1825.03,10.03,0.0216,100.31,2010-08-26 19:57:00,2011-12-02 16:30:00,463,51.44,United Kingdom,7,10,1825.03,5,5,4,554,1,Regular,Low
17642.0,5,1475.0,1824.49,16.89,0.0081,84.14,2009-12-05 16:01:00,2011-08-12 09:11:00,615,153.75,United Kingdom,120,5,1824.49,3,4,4,344,1,Regular,High
16169.0,4,1325.0,1822.97,21.45,0.0597,85.8,2011-09-25 11:33:00,2011-12-01 15:28:00,67,22.33,United Kingdom,8,4,1822.97,5,3,4,534,1,Regular,Low
14738.0,9,757.0,1821.9,22.77,0.013,204.25,2009-12-07 10:21:00,2011-10-28 08:56:00,690,86.25,United Kingdom,43,9,1821.9,4,5,4,454,1,Regular,Medium
15339.0,7,1138.0,1821.02,8.28,0.0116,57.92,2010-02-08 13:38:00,2011-10-04 12:51:00,603,100.5,United Kingdom,66,7,1821.02,3,4,4,344,1,Regular,Medium
16205.0,7,1452.0,1820.11,9.24,0.0137,64.81,2010-06-15 11:58:00,2011-11-09 09:32:00,512,85.33,United Kingdom,31,7,1820.11,4,4,4,444,1,Regular,Medium
17828.0,4,667.0,1820.09,27.17,0.0247,108.72,2011-06-08 08:31:00,2011-11-17 08:41:00,162,54.0,Malta,23,4,1820.09,4,3,4,434,1,Regular,Low
14553.0,9,1118.0,1818.6,6.31,0.0184,56.89,2010-07-18 12:07:00,2011-11-20 13:20:00,490,61.25,United Kingdom,19,9,1818.6,5,5,4,554,1,Regular,Low
16233.0,9,677.0,1818.31,24.91,0.0135,223.97,2009-12-02 13:23:00,2011-09-29 17:27:00,666,83.25,United Kingdom,71,9,1818.31,3,5,4,354,1,Regular,Medium
17787.0,4,896.0,1817.54,14.2,0.0183,56.91,2010-12-03 13:43:00,2011-07-10 11:24:00,219,73.0,United Kingdom,153,4,1817.54,3,3,4,334,1,Regular,High
15807.0,5,1532.0,1817.52,20.65,0.0081,103.04,2010-02-11 15:32:00,2011-10-20 14:10:00,616,154.0,United Kingdom,50,5,1817.52,4,4,4,444,1,Regular,Medium
12494.0,9,979.0,1815.27,16.81,0.016,150.89,2010-05-12 13:52:00,2011-11-24 09:34:00,561,70.13,France,16,9,1815.27,5,5,4,554,1,Regular,Low
16880.0,8,904.0,1813.21,9.91,0.0173,79.38,2010-08-03 13:54:00,2011-11-09 11:33:00,463,66.14,United Kingdom,31,8,1813.21,4,5,4,454,1,Regular,Medium
14915.0,11,707.0,1811.25,20.13,0.0171,222.02,2009-12-03 10:17:00,2011-09-09 13:34:00,645,64.5,United Kingdom,91,11,1811.25,3,5,4,354,1,Regular,High
16474.0,7,909.0,1810.65,5.37,0.0507,37.57,2011-07-17 14:51:00,2011-12-02 13:02:00,138,23.0,United Kingdom,7,7,1810.65,5,4,4,544,1,Regular,Low
14893.0,3,1047.0,1809.61,17.07,0.0049,50.85,2010-04-01 09:03:00,2011-11-30 12:31:00,608,304.0,United Kingdom,10,3,1809.61,5,3,4,534,1,Regular,Low
15530.0,5,1328.0,1808.68,12.74,0.0102,63.8,2010-07-15 11:10:00,2011-11-18 12:25:00,491,122.75,United Kingdom,22,5,1808.68,4,4,4,444,1,Regular,Low
17888.0,25,1536.0,1807.44,11.3,0.0359,282.75,2009-12-21 16:34:00,2011-11-18 13:45:00,697,29.04,United Kingdom,21,25,1807.44,4,5,4,454,1,Regular,Low
15133.0,5,960.0,1806.9,36.88,0.0127,184.07,2010-07-07 12:31:00,2011-08-04 10:44:00,393,98.25,United Kingdom,128,5,1806.9,3,4,4,344,1,Regular,High
13561.0,11,1125.0,1803.4,7.88,0.0253,86.52,2010-02-28 13:42:00,2011-05-08 12:39:00,434,43.4,United Kingdom,216,11,1803.4,2,5,4,254,1,Regular,Very High
18161.0,6,965.0,1803.1,19.39,0.0165,116.46,2010-11-25 15:55:00,2011-11-24 16:40:00,364,72.8,United Kingdom,15,6,1803.1,5,4,4,544,1,Regular,Low
14723.0,11,1168.0,1803.06,4.33,0.0152,47.72,2009-12-04 11:22:00,2011-11-29 15:23:00,725,72.5,United Kingdom,10,11,1803.06,5,5,4,554,1,Regular,Low
16797.0,5,898.0,1802.02,4.53,0.0145,22.6,2009-12-02 13:33:00,2010-11-11 19:14:00,344,86.0,United Kingdom,393,5,1802.02,2,4,4,244,0,Lost,Very High
16249.0,5,950.0,1800.07,26.09,0.0267,130.26,2011-04-14 13:50:00,2011-10-18 10:07:00,187,46.75,United Kingdom,53,5,1800.07,4,4,4,444,1,Regular,Medium
18235.0,3,1578.0,1796.48,17.27,0.0205,51.69,2011-05-06 13:35:00,2011-09-29 08:27:00,146,73.0,United Kingdom,72,3,1796.48,3,3,4,334,1,Regular,Medium
18236.0,12,696.0,1795.35,18.32,0.0209,219.78,2010-04-15 13:39:00,2011-11-10 08:06:00,574,52.18,United Kingdom,30,12,1795.35,4,5,4,454,1,Regular,Low
17165.0,6,788.0,1794.32,17.94,0.0135,107.53,2009-12-11 09:18:00,2011-02-28 16:39:00,444,88.8,United Kingdom,284,6,1794.32,2,4,4,244,0,Lost,Very High
14708.0,5,1159.0,1793.22,43.74,0.011,217.96,2010-09-10 10:26:00,2011-12-07 08:21:00,453,113.25,United Kingdom,3,5,1793.22,5,4,4,544,1,Regular,Low
18122.0,6,1225.0,1793.06,5.02,0.0423,30.15,2011-07-12 11:37:00,2011-12-01 13:08:00,142,28.4,United Kingdom,8,6,1793.06,5,4,4,544,1,Regular,Low
13711.0,9,819.0,1792.26,19.48,0.0178,175.45,2009-12-15 19:04:00,2011-05-05 10:31:00,506,63.25,United Kingdom,219,9,1792.26,2,5,4,254,1,Regular,Very High
13375.0,2,1124.0,1792.23,25.24,0.0056,50.32,2010-09-21 08:12:00,2011-09-12 10:19:00,356,356.0,United Kingdom,89,2,1792.23,3,2,4,324,1,Regular,Medium
12369.0,3,1241.0,1791.15,19.26,0.0132,57.96,2010-03-08 08:09:00,2010-10-22 13:13:00,228,114.0,Austria,413,3,1791.15,1,3,4,134,0,Lost,Very High
17603.0,4,638.0,1788.38,16.87,0.0061,66.99,2009-12-10 09:44:00,2011-09-22 14:18:00,651,217.0,United Kingdom,78,4,1788.38,3,3,4,334,1,Regular,Medium
13782.0,13,643.0,1786.08,7.5,0.018,97.33,2009-12-06 12:52:00,2011-11-27 11:54:00,721,60.08,United Kingdom,13,13,1786.08,5,5,4,554,1,Regular,Low
15608.0,5,1262.0,1785.98,17.01,0.0129,84.92,2010-10-20 10:10:00,2011-11-11 13:20:00,387,96.75,United Kingdom,28,5,1785.98,4,4,4,444,1,Regular,Low
16611.0,6,874.0,1785.13,16.23,0.0132,97.05,2010-03-10 16:07:00,2011-06-06 15:46:00,453,90.6,United Kingdom,186,6,1785.13,3,4,4,344,1,Regular,Very High
15452.0,6,1087.0,1785.11,8.97,0.0124,53.61,2010-07-16 14:23:00,2011-11-10 12:13:00,482,96.4,United Kingdom,30,6,1785.11,4,4,4,444,1,Regular,Low
15128.0,5,1583.0,1783.68,14.5,0.0135,72.43,2010-10-05 16:46:00,2011-10-10 13:54:00,370,92.5,United Kingdom,60,5,1783.68,3,4,4,344,1,Regular,Medium
16110.0,4,880.0,1781.59,4.14,0.0084,16.59,2010-07-05 13:04:00,2011-10-25 14:35:00,477,159.0,United Kingdom,45,4,1781.59,4,3,4,434,1,Regular,Medium
18214.0,4,989.0,1780.34,30.7,0.1667,122.82,2010-06-03 19:47:00,2010-06-27 11:21:00,24,8.0,United Kingdom,531,4,1780.34,1,3,4,134,0,Lost,Very High
15220.0,6,1393.0,1778.96,15.2,0.0262,91.2,2011-03-04 10:24:00,2011-10-19 12:39:00,229,45.8,United Kingdom,52,6,1778.96,4,4,4,444,1,Regular,Medium
16770.0,9,1052.0,1778.93,5.25,0.0216,47.29,2010-08-22 16:08:00,2011-10-13 12:21:00,417,52.13,United Kingdom,58,9,1778.93,4,5,4,454,1,Regular,Medium
16510.0,6,930.0,1777.5,15.87,0.0188,95.18,2010-01-17 12:30:00,2010-12-02 13:39:00,319,63.8,United Kingdom,372,6,1777.5,2,4,4,244,0,Lost,Very High
12458.0,4,986.0,1777.49,21.16,0.0096,84.5,2010-08-09 10:33:00,2011-09-29 15:25:00,416,138.67,Switzerland,71,4,1777.49,3,3,4,334,1,Regular,Medium
12908.0,5,3000.0,1776.0,355.2,0.011,1773.87,2010-03-19 15:59:00,2011-06-16 15:39:00,454,113.5,United Kingdom,176,5,1776.0,3,4,4,344,1,Regular,High
12778.0,9,1735.0,1775.68,15.58,0.0154,139.88,2010-04-16 09:57:00,2011-11-20 11:30:00,583,72.88,Netherlands,20,9,1775.68,4,5,4,454,1,Regular,Low
13920.0,4,1772.0,1774.68,20.64,0.0305,82.47,2010-05-26 15:48:00,2010-10-04 12:37:00,131,43.67,United Kingdom,432,4,1774.68,1,3,4,134,0,Lost,Very High
16124.0,4,797.0,1772.49,21.62,0.0096,86.13,2009-12-07 10:33:00,2011-01-26 14:45:00,415,138.33,United Kingdom,317,4,1772.49,2,3,4,234,0,Lost,Very High
15594.0,5,983.0,1771.78,17.2,0.0228,85.88,2011-04-19 10:08:00,2011-11-24 08:53:00,219,54.75,United Kingdom,16,5,1771.78,5,4,4,544,1,Regular,Low
14850.0,7,1393.0,1770.96,9.08,0.0272,63.47,2010-05-20 13:28:00,2011-02-01 11:21:00,257,42.83,United Kingdom,312,7,1770.96,2,4,4,244,0,Lost,Very High
14933.0,4,600.0,1770.0,442.5,4.0,1770.0,2010-09-21 17:29:00,2010-09-22 10:47:00,1,0.33,Channel Islands,444,4,1770.0,1,3,4,134,0,Lost,Very High
15972.0,5,468.0,1769.33,12.73,0.0347,63.61,2010-04-18 14:06:00,2010-09-09 13:20:00,144,36.0,United Kingdom,456,5,1769.33,1,4,4,144,0,Lost,Very High
15736.0,2,1208.0,1767.12,17.67,,,2010-09-30 14:19:00,2010-09-30 14:20:00,0,0.0,United Kingdom,435,2,1767.12,1,2,4,124,0,Lost,Very High
13456.0,6,765.0,1766.72,28.04,0.0316,168.35,2011-05-16 15:34:00,2011-11-22 09:18:00,190,38.0,United Kingdom,18,6,1766.72,5,4,4,544,1,Regular,Low
16751.0,1,1031.0,1764.72,70.59,,,2011-11-09 10:48:00,2011-11-09 10:48:00,0,,United Kingdom,31,1,1764.72,4,1,4,414,1,Regular,Medium
13648.0,8,960.0,1764.02,16.64,0.0237,133.3,2009-12-01 18:13:00,2010-11-04 14:46:00,338,48.29,United Kingdom,400,8,1764.02,2,5,4,254,0,Lost,Very High
13717.0,8,2144.0,1763.3,14.22,0.0177,114.02,2010-08-11 09:40:00,2011-11-07 14:13:00,453,64.71,United Kingdom,32,8,1763.3,4,5,4,454,1,Regular,Medium
12784.0,3,862.0,1763.15,13.67,0.0058,41.23,2010-06-28 13:06:00,2011-11-30 15:38:00,520,260.0,Portugal,9,3,1763.15,5,3,4,534,1,Regular,Low
15777.0,7,599.0,1762.61,45.2,0.0214,316.3,2010-05-20 10:37:00,2011-04-12 16:43:00,327,54.5,United Kingdom,241,7,1762.61,2,4,4,244,1,Regular,Very High
16511.0,6,769.0,1760.49,5.79,0.0096,34.85,2010-03-01 12:21:00,2011-11-18 10:41:00,627,125.4,United Kingdom,22,6,1760.49,4,4,4,444,1,Regular,Low
16620.0,6,1146.0,1758.93,18.71,0.0082,112.77,2009-12-01 14:35:00,2011-12-06 12:19:00,735,147.0,United Kingdom,4,6,1758.93,5,4,4,544,1,Regular,Low
16266.0,14,791.0,1757.95,16.13,0.0233,225.5,2010-02-04 16:21:00,2011-09-27 12:08:00,600,46.15,United Kingdom,74,14,1757.95,3,5,4,354,1,Regular,Medium
16595.0,5,1331.0,1757.75,3.89,0.0079,19.36,2010-01-17 12:12:00,2011-10-09 13:15:00,630,157.5,United Kingdom,61,5,1757.75,3,4,4,344,1,Regular,Medium
12809.0,3,518.0,1755.94,21.68,0.0064,65.21,2010-03-02 14:19:00,2011-06-15 10:51:00,470,235.0,Portugal,178,3,1755.94,3,3,4,334,1,Regular,High
14704.0,11,1164.0,1752.92,3.85,0.0179,42.24,2010-03-25 17:21:00,2011-11-28 12:51:00,613,61.3,United Kingdom,11,11,1752.92,5,5,4,554,1,Regular,Low
14522.0,8,956.0,1748.42,38.85,0.0121,310.26,2010-01-24 13:55:00,2011-11-15 13:24:00,660,94.29,United Kingdom,24,8,1748.42,4,5,4,454,1,Regular,Low
16639.0,4,751.0,1747.98,21.58,0.0106,86.47,2010-10-26 18:23:00,2011-11-08 13:20:00,378,126.0,United Kingdom,31,4,1747.98,4,3,4,434,1,Regular,Medium
13808.0,5,782.0,1747.66,23.0,0.0549,114.91,2011-09-04 12:07:00,2011-12-04 12:18:00,91,22.75,United Kingdom,6,5,1747.66,5,4,4,544,1,Regular,Low
17695.0,5,1809.0,1746.04,28.62,0.0091,142.98,2010-01-28 09:27:00,2011-07-31 10:40:00,549,137.25,United Kingdom,132,5,1746.04,3,4,4,344,1,Regular,High
16348.0,8,1164.0,1744.42,6.89,0.0201,55.12,2010-10-05 13:57:00,2011-11-07 15:44:00,398,56.86,United Kingdom,32,8,1744.42,4,5,4,454,1,Regular,Medium
16380.0,1,1428.0,1743.15,56.23,,,2011-10-09 15:40:00,2011-10-09 15:40:00,0,,United Kingdom,61,1,1743.15,3,1,4,314,1,Regular,Medium
15605.0,9,641.0,1741.95,17.6,0.0137,158.66,2010-01-14 14:03:00,2011-11-03 14:17:00,658,82.25,United Kingdom,36,9,1741.95,4,5,4,454,1,Regular,Medium
12425.0,2,1147.0,1741.41,19.14,0.0054,38.24,2010-09-17 14:10:00,2011-09-22 17:31:00,370,370.0,Portugal,78,2,1741.41,3,2,4,324,1,Regular,Medium
16087.0,5,664.0,1739.92,173.99,0.0167,871.69,2010-01-19 12:30:00,2010-11-15 16:44:00,300,75.0,United Kingdom,389,5,1739.92,2,4,4,244,0,Lost,Very High
17974.0,6,1189.0,1739.09,4.82,0.0157,28.98,2010-10-28 20:03:00,2011-11-15 11:37:00,383,76.6,United Kingdom,25,6,1739.09,4,4,4,444,1,Regular,Low
14584.0,8,960.0,1738.16,7.97,0.0163,63.79,2010-02-17 14:01:00,2011-06-23 18:33:00,491,70.14,United Kingdom,169,8,1738.16,3,5,4,354,1,Regular,High
14075.0,6,1494.0,1734.87,21.42,0.0112,128.83,2010-06-16 14:47:00,2011-12-05 08:38:00,537,107.4,United Kingdom,5,6,1734.87,5,4,4,544,1,Regular,Low
17268.0,11,1395.0,1733.89,57.8,0.0176,634.78,2009-12-08 11:46:00,2011-08-24 10:06:00,624,62.4,United Kingdom,108,11,1733.89,3,5,4,354,1,Regular,High
13026.0,9,2466.0,1733.08,21.14,0.0124,190.05,2009-12-13 11:34:00,2011-12-08 16:58:00,725,90.63,United Kingdom,1,9,1733.08,5,5,4,554,1,Regular,Low
14400.0,3,1706.0,1732.47,23.73,0.0062,70.91,2010-03-18 12:11:00,2011-07-13 15:50:00,482,241.0,United Kingdom,149,3,1732.47,3,3,4,334,1,Regular,High
17432.0,9,1008.0,1728.99,6.31,0.0125,56.63,2009-12-03 19:13:00,2011-11-21 17:33:00,718,89.75,United Kingdom,18,9,1728.99,5,5,4,554,1,Regular,Low
16891.0,11,652.0,1727.94,4.13,0.015,45.47,2009-12-04 12:37:00,2011-12-08 11:15:00,734,73.4,United Kingdom,2,11,1727.94,5,5,4,554,1,Regular,Low
14387.0,3,795.0,1727.6,12.43,0.039,37.33,2011-08-22 14:13:00,2011-11-07 12:29:00,77,38.5,United Kingdom,33,3,1727.6,4,3,4,434,1,Regular,Medium
16809.0,9,1093.0,1727.43,6.67,0.0155,60.17,2010-04-13 15:34:00,2011-11-16 15:45:00,582,72.75,United Kingdom,23,9,1727.43,4,5,4,454,1,Regular,Low
15730.0,5,1061.0,1726.58,15.55,0.0137,77.97,2010-10-04 14:15:00,2011-10-05 12:31:00,366,91.5,United Kingdom,66,5,1726.58,3,4,4,344,1,Regular,Medium
17190.0,7,2218.0,1726.57,9.09,0.0119,63.39,2010-03-05 13:21:00,2011-10-12 11:33:00,586,97.67,United Kingdom,59,7,1726.57,3,4,4,344,1,Regular,Medium
14304.0,3,775.0,1725.01,19.6,0.0086,58.66,2010-05-18 10:50:00,2011-05-01 11:50:00,348,174.0,United Kingdom,223,3,1725.01,2,3,4,234,1,Regular,Very High
13363.0,3,1146.0,1723.86,16.9,0.0077,51.01,2010-10-26 11:07:00,2011-11-22 12:40:00,392,196.0,United Kingdom,18,3,1723.86,5,3,4,534,1,Regular,Low
16374.0,5,771.0,1723.4,4.98,0.0096,24.96,2010-04-30 13:10:00,2011-10-04 15:21:00,522,130.5,United Kingdom,66,5,1723.4,3,4,4,344,1,Regular,Medium
17135.0,10,1686.0,1722.18,12.04,0.0178,120.66,2010-05-09 16:03:00,2011-11-23 16:48:00,563,62.56,United Kingdom,16,10,1722.18,5,5,4,554,1,Regular,Low
17451.0,7,1203.0,1721.4,17.21,0.0673,120.46,2011-08-26 11:54:00,2011-12-08 15:02:00,104,17.33,United Kingdom,1,7,1721.4,5,4,4,544,1,Regular,Low
16119.0,8,811.0,1720.81,31.87,0.0112,255.21,2009-12-16 11:56:00,2011-12-01 15:11:00,715,102.14,United Kingdom,8,8,1720.81,5,5,4,554,1,Regular,Low
15267.0,5,944.0,1717.36,156.12,0.0313,781.85,2011-06-10 10:24:00,2011-11-17 15:59:00,160,40.0,United Kingdom,22,5,1717.36,4,4,4,444,1,Regular,Low
13705.0,7,906.0,1717.19,23.21,0.0113,161.82,2010-03-25 17:19:00,2011-12-02 12:32:00,617,102.83,United Kingdom,8,7,1717.19,5,4,4,544,1,Regular,Low
14021.0,7,878.0,1716.58,19.07,0.016,133.34,2010-04-26 11:22:00,2011-07-07 15:46:00,437,72.83,United Kingdom,155,7,1716.58,3,4,4,344,1,Regular,High
17162.0,10,1001.0,1715.46,16.49,0.0361,164.9,2011-02-07 12:27:00,2011-11-11 11:34:00,277,30.78,United Kingdom,29,10,1715.46,4,5,4,454,1,Regular,Low
14692.0,12,890.0,1715.14,10.79,0.025,129.48,2010-04-01 14:04:00,2011-07-25 15:08:00,480,43.64,United Kingdom,137,12,1715.14,3,5,4,354,1,Regular,High
14741.0,7,1006.0,1713.09,22.54,0.0172,157.4,2010-10-18 09:33:00,2011-11-28 08:48:00,406,67.67,United Kingdom,12,7,1713.09,5,4,4,544,1,Regular,Low
18239.0,6,844.0,1712.26,17.84,0.0294,107.0,2010-10-13 10:11:00,2011-05-05 12:38:00,204,40.8,United Kingdom,219,6,1712.26,2,4,4,244,1,Regular,Very High
14447.0,6,913.0,1711.73,16.15,0.0157,96.86,2010-11-04 13:32:00,2011-11-21 08:28:00,382,76.4,United Kingdom,19,6,1711.73,5,4,4,544,1,Regular,Low
13665.0,3,1652.0,1711.66,16.15,0.0254,48.4,2010-07-23 13:29:00,2010-11-18 13:06:00,118,59.0,United Kingdom,386,3,1711.66,2,3,4,234,0,Lost,Very High
17750.0,9,3747.0,1710.45,9.3,0.0566,83.69,2011-06-28 15:44:00,2011-12-04 14:09:00,159,19.88,United Kingdom,5,9,1710.45,5,5,4,554,1,Regular,Low
12405.0,1,857.0,1710.39,31.67,,,2011-07-14 08:52:00,2011-07-14 08:52:00,0,,Finland,149,1,1710.39,3,1,4,314,1,Regular,High
13104.0,9,834.0,1709.1,56.97,0.0138,511.02,2010-02-24 15:06:00,2011-12-06 13:10:00,650,81.25,United Kingdom,3,9,1709.1,5,5,4,554,1,Regular,Low
17731.0,6,707.0,1708.99,17.26,0.0102,103.69,2010-02-09 12:37:00,2011-09-21 15:02:00,589,117.8,United Kingdom,79,6,1708.99,3,4,4,344,1,Regular,Medium
15607.0,9,1470.0,1708.97,15.68,0.0247,140.98,2010-01-08 12:16:00,2011-01-07 12:44:00,364,45.5,United Kingdom,337,9,1708.97,2,5,4,254,0,Lost,Very High
15947.0,1,898.0,1708.24,58.9,,,2011-09-18 10:46:00,2011-09-18 10:46:00,0,,United Kingdom,83,1,1708.24,3,1,4,314,1,Regular,Medium
12407.0,5,1416.0,1708.12,22.18,0.0233,111.11,2011-03-20 13:21:00,2011-10-21 10:11:00,215,53.75,Belgium,50,5,1708.12,4,4,4,444,1,Regular,Medium
16902.0,1,629.0,1706.88,38.79,,,2011-08-15 14:17:00,2011-08-15 14:17:00,0,,United Kingdom,116,1,1706.88,3,1,4,314,1,Regular,High
13309.0,6,1914.0,1706.37,13.13,0.0156,78.86,2010-11-12 12:10:00,2011-12-02 16:34:00,385,77.0,United Kingdom,7,6,1706.37,5,4,4,544,1,Regular,Low
16398.0,2,758.0,1705.8,20.8,0.0202,41.6,2011-03-31 09:38:00,2011-07-08 15:16:00,99,99.0,United Kingdom,154,2,1705.8,3,2,4,324,1,Regular,High
14859.0,5,888.0,1705.64,25.84,0.0092,128.85,2010-06-03 10:26:00,2011-11-27 11:18:00,542,135.5,United Kingdom,13,5,1705.64,5,4,4,544,1,Regular,Low
12693.0,7,536.0,1703.02,21.56,0.0177,150.74,2010-07-05 13:56:00,2011-08-04 17:51:00,395,65.83,Germany,127,7,1703.02,3,4,4,344,1,Regular,High
15326.0,5,1351.0,1700.52,13.18,0.0123,65.66,2009-12-01 13:19:00,2011-01-10 11:38:00,405,101.25,United Kingdom,334,5,1700.52,2,4,4,244,0,Lost,Very High
15911.0,8,810.0,1700.24,6.59,0.0748,52.74,2009-12-09 13:26:00,2010-03-26 12:06:00,107,15.29,United Kingdom,624,8,1700.24,1,5,4,154,0,Lost,Very High
16768.0,9,774.0,1698.57,10.55,0.0131,94.67,2009-12-07 11:47:00,2011-10-23 10:38:00,685,85.63,United Kingdom,48,9,1698.57,4,5,4,454,1,Regular,Medium
12932.0,8,1609.0,1698.56,17.88,0.0625,143.04,2010-02-10 08:46:00,2010-06-18 14:22:00,128,18.29,United Kingdom,539,8,1698.56,1,5,4,154,0,Lost,Very High
17813.0,5,752.0,1698.07,4.88,0.0877,24.39,2011-09-29 15:57:00,2011-11-25 16:13:00,57,14.25,United Kingdom,14,5,1698.07,5,4,4,544,1,Regular,Low
17694.0,3,1493.0,1695.97,20.94,0.0071,62.59,2010-05-26 08:27:00,2011-07-21 12:00:00,421,210.5,United Kingdom,142,3,1695.97,3,3,4,334,1,Regular,High
16899.0,8,811.0,1695.77,9.8,0.0205,78.35,2010-11-07 15:00:00,2011-12-02 12:03:00,390,55.71,United Kingdom,8,8,1695.77,5,5,4,554,1,Regular,Low
16010.0,11,919.0,1694.86,5.86,0.0663,64.49,2010-10-24 10:54:00,2011-04-08 10:14:00,166,16.6,United Kingdom,246,11,1694.86,2,5,4,254,1,Regular,Very High
15976.0,6,1053.0,1694.41,4.48,0.0155,26.8,2010-06-06 14:01:00,2011-06-27 13:00:00,386,77.2,United Kingdom,165,6,1694.41,3,4,4,344,1,Regular,High
12764.0,1,386.0,1693.88,37.64,,,2011-01-27 10:19:00,2011-01-27 10:19:00,0,,Lebanon,317,1,1693.88,2,1,4,214,0,Lost,Very High
14245.0,2,976.0,1693.45,15.68,0.0455,31.39,2011-03-21 10:41:00,2011-05-04 08:40:00,44,44.0,United Kingdom,220,2,1693.45,2,2,4,224,1,Regular,Very High
16671.0,3,875.0,1692.27,282.05,0.0221,847.73,2011-06-28 11:20:00,2011-11-11 13:40:00,136,68.0,United Kingdom,28,3,1692.27,4,3,4,434,1,Regular,Low
13838.0,10,694.0,1690.07,4.19,0.0174,41.85,2010-05-09 11:40:00,2011-12-04 11:00:00,574,63.78,United Kingdom,6,10,1690.07,5,5,4,554,1,Regular,Low
13294.0,3,996.0,1689.53,16.56,0.0066,49.95,2010-03-03 12:54:00,2011-06-03 08:54:00,457,228.5,United Kingdom,190,3,1689.53,2,3,4,234,1,Regular,Very High
13566.0,5,1257.0,1688.6,4.61,0.0083,22.92,2010-03-10 12:22:00,2011-10-30 11:59:00,599,149.75,United Kingdom,41,5,1688.6,4,4,4,444,1,Regular,Medium
16725.0,14,700.0,1688.26,4.85,0.033,67.86,2009-12-13 15:54:00,2011-02-10 16:52:00,424,32.62,United Kingdom,302,14,1688.26,2,5,4,254,0,Lost,Very High
12813.0,3,1141.0,1687.8,37.51,0.0156,112.35,2010-01-15 16:52:00,2010-07-26 09:50:00,192,96.0,Netherlands,502,3,1687.8,1,3,4,134,0,Lost,Very High
12775.0,7,1083.0,1686.12,20.82,0.0179,146.09,2010-10-26 14:24:00,2011-11-22 16:33:00,392,65.33,Netherlands,17,7,1686.12,5,4,4,544,1,Regular,Low
13516.0,4,1114.0,1685.26,27.63,0.0101,110.51,2010-10-18 08:52:00,2011-11-18 13:15:00,396,132.0,United Kingdom,21,4,1685.26,4,3,4,434,1,Regular,Low
14643.0,5,1377.0,1679.89,27.1,0.009,136.1,2009-12-11 11:52:00,2011-06-22 14:41:00,558,139.5,United Kingdom,170,5,1679.89,3,4,4,344,1,Regular,High
15551.0,7,796.0,1679.81,11.75,0.0136,82.14,2010-06-07 15:05:00,2011-11-03 12:37:00,514,85.67,United Kingdom,37,7,1679.81,4,4,4,444,1,Regular,Medium
13800.0,3,891.0,1679.56,23.01,0.007,68.78,2009-12-03 10:03:00,2011-02-03 12:27:00,427,213.5,United Kingdom,310,3,1679.56,2,3,4,234,0,Lost,Very High
12870.0,3,906.0,1676.95,18.03,0.012,53.87,2010-03-25 14:32:00,2010-11-29 13:42:00,249,124.5,United Kingdom,375,3,1676.95,2,3,4,234,0,Lost,Very High
14831.0,3,885.0,1676.57,20.45,0.0526,61.31,2009-12-02 09:21:00,2010-01-28 14:31:00,57,28.5,United Kingdom,680,3,1676.57,1,3,4,134,0,Lost,Very High
13149.0,4,1280.0,1676.06,19.49,0.0145,77.72,2011-02-23 13:57:00,2011-11-25 13:09:00,275,91.67,United Kingdom,14,4,1676.06,5,3,4,534,1,Regular,Low
17656.0,5,1399.0,1674.69,20.42,0.0909,102.09,2011-08-03 10:45:00,2011-09-27 13:04:00,55,13.75,United Kingdom,73,5,1674.69,3,4,4,344,1,Regular,Medium
13587.0,4,664.0,1673.5,55.78,0.0067,224.24,2010-02-14 13:17:00,2011-10-07 12:31:00,600,200.0,United Kingdom,64,4,1673.5,3,3,4,334,1,Regular,Medium
13308.0,4,1073.0,1670.37,23.53,0.007,94.54,2010-04-22 09:22:00,2011-11-17 09:31:00,574,191.33,United Kingdom,23,4,1670.37,4,3,4,434,1,Regular,Low
13417.0,6,532.0,1669.49,21.68,0.009,129.75,2010-02-08 12:39:00,2011-12-05 08:49:00,665,133.0,United Kingdom,5,6,1669.49,5,4,4,544,1,Regular,Low
13184.0,10,1662.0,1668.95,9.32,0.0362,93.12,2011-02-22 17:25:00,2011-11-25 12:02:00,276,30.67,United Kingdom,15,10,1668.95,5,5,4,554,1,Regular,Low
17534.0,5,860.0,1668.83,18.14,0.0083,90.19,2010-02-25 16:55:00,2011-10-17 12:47:00,599,149.75,United Kingdom,54,5,1668.83,4,4,4,444,1,Regular,Medium
13434.0,5,864.0,1666.86,47.62,0.0086,237.94,2010-02-22 09:54:00,2011-09-26 14:30:00,581,145.25,United Kingdom,74,5,1666.86,3,4,4,344,1,Regular,Medium
13064.0,6,668.0,1666.84,17.92,0.0104,107.91,2010-04-27 10:08:00,2011-11-27 12:31:00,579,115.8,United Kingdom,13,6,1666.84,5,4,4,544,1,Regular,Low
15192.0,5,1448.0,1666.39,18.31,0.0089,91.26,2010-01-29 10:13:00,2011-08-12 11:41:00,560,140.0,United Kingdom,120,5,1666.39,3,4,4,344,1,Regular,High
17321.0,6,790.0,1665.21,6.14,0.0105,36.68,2010-05-11 12:10:00,2011-12-01 13:41:00,569,113.8,United Kingdom,8,6,1665.21,5,4,4,544,1,Regular,Low
16329.0,4,797.0,1664.92,16.01,0.0129,64.23,2009-12-01 11:34:00,2010-10-08 12:44:00,311,103.67,United Kingdom,428,4,1664.92,1,3,4,134,0,Lost,Very High
12912.0,5,670.0,1662.3,69.26,0.1316,346.36,2011-10-30 11:35:00,2011-12-07 08:55:00,38,9.5,United Kingdom,3,5,1662.3,5,4,4,544,1,Regular,Low
15214.0,8,1254.0,1661.44,15.1,0.0332,120.82,2011-04-11 09:46:00,2011-12-08 12:07:00,241,34.43,United Kingdom,2,8,1661.44,5,5,4,554,1,Regular,Low
15649.0,4,365.0,1660.35,150.94,0.0784,603.52,2010-11-17 16:22:00,2011-01-07 13:34:00,51,17.0,United Kingdom,336,4,1660.35,2,3,4,234,0,Lost,Very High
14583.0,8,1071.0,1660.29,3.58,0.013,28.67,2010-03-28 15:16:00,2011-12-04 12:32:00,616,88.0,United Kingdom,6,8,1660.29,5,5,4,554,1,Regular,Low
18096.0,6,1409.0,1657.87,4.24,0.012,25.54,2010-07-14 14:30:00,2011-11-28 12:44:00,502,100.4,United Kingdom,12,6,1657.87,5,4,4,544,1,Regular,Low
18276.0,6,1246.0,1656.52,17.62,0.0087,105.16,2009-12-10 17:14:00,2011-10-27 10:54:00,686,137.2,United Kingdom,44,6,1656.52,4,4,4,444,1,Regular,Medium
17041.0,6,1303.0,1655.2,13.14,0.0105,79.19,2010-04-18 14:25:00,2011-11-13 11:21:00,574,114.8,United Kingdom,27,6,1655.2,4,4,4,444,1,Regular,Low
16625.0,5,1057.0,1654.03,16.71,0.0186,83.61,2010-06-14 11:56:00,2011-03-10 12:50:00,269,67.25,United Kingdom,275,5,1654.03,2,4,4,244,0,Lost,Very High
16813.0,10,1501.0,1652.18,3.88,0.051,38.78,2011-05-19 13:28:00,2011-12-01 14:03:00,196,21.78,United Kingdom,8,10,1652.18,5,5,4,554,1,Regular,Low
12911.0,1,807.0,1651.72,7.0,,,2010-06-06 12:13:00,2010-06-06 12:13:00,0,,United Kingdom,552,1,1651.72,1,1,4,114,0,Lost,Very High
16634.0,6,1257.0,1649.81,19.88,0.0129,119.25,2010-01-21 09:30:00,2011-05-01 12:09:00,465,93.0,United Kingdom,223,6,1649.81,2,4,4,244,1,Regular,Very High
12657.0,4,1044.0,1643.18,34.96,0.0597,139.84,2011-09-22 11:40:00,2011-11-28 15:47:00,67,22.33,France,11,4,1643.18,5,3,4,534,1,Regular,Low
14420.0,4,1120.0,1639.17,17.63,0.0068,70.97,2010-01-17 12:41:00,2011-09-01 18:07:00,592,197.33,United Kingdom,99,4,1639.17,3,3,4,334,1,Regular,High
12933.0,8,949.0,1636.63,5.66,0.0113,45.09,2009-12-10 16:39:00,2011-11-15 16:38:00,705,100.71,United Kingdom,24,8,1636.63,4,5,4,454,1,Regular,Low
12398.0,1,1394.0,1635.66,19.24,,,2011-10-25 10:27:00,2011-10-25 10:27:00,0,,Switzerland,46,1,1635.66,4,1,4,414,1,Regular,Medium
17006.0,8,572.0,1635.27,12.68,0.0125,101.44,2010-03-05 13:33:00,2011-12-05 12:09:00,640,91.43,United Kingdom,5,8,1635.27,5,5,4,554,1,Regular,Low
15310.0,1,1476.0,1634.64,36.33,,,2010-08-18 11:38:00,2010-08-18 11:38:00,0,,United Kingdom,479,1,1634.64,1,1,4,114,0,Lost,Very High
18062.0,6,831.0,1632.67,30.23,0.0142,182.01,2010-04-21 08:55:00,2011-06-19 14:47:00,424,84.8,United Kingdom,173,6,1632.67,3,4,4,344,1,Regular,High
14164.0,2,1033.0,1631.77,56.27,0.2,112.54,2011-09-20 12:18:00,2011-09-30 12:24:00,10,10.0,United Kingdom,71,2,1631.77,3,2,4,324,1,Regular,Medium
18136.0,5,860.0,1631.36,18.54,0.0129,92.8,2010-09-14 15:50:00,2011-10-07 15:40:00,388,97.0,United Kingdom,63,5,1631.36,3,4,4,344,1,Regular,Medium
17571.0,5,991.0,1630.91,5.02,0.0102,25.19,2010-06-15 12:50:00,2011-10-20 15:57:00,492,123.0,United Kingdom,50,5,1630.91,4,4,4,444,1,Regular,Medium
14904.0,4,2522.0,1630.49,11.56,0.0094,46.18,2010-10-08 12:48:00,2011-12-07 12:55:00,425,141.67,United Kingdom,2,4,1630.49,5,3,4,534,1,Regular,Low
16256.0,3,1590.0,1629.37,56.19,0.0091,169.25,2010-04-21 10:34:00,2011-03-18 12:18:00,331,165.5,United Kingdom,267,3,1629.37,2,3,4,234,0,Lost,Very High
13554.0,7,578.0,1629.35,8.31,0.1061,58.19,2010-09-19 12:39:00,2010-11-24 15:05:00,66,11.0,United Kingdom,380,7,1629.35,2,4,4,244,0,Lost,Very High
15167.0,5,863.0,1627.62,5.35,0.0142,26.82,2010-02-04 14:13:00,2011-01-23 12:41:00,353,88.25,United Kingdom,321,5,1627.62,2,4,4,244,0,Lost,Very High
14759.0,3,569.0,1625.97,15.94,0.0132,47.97,2011-04-21 10:55:00,2011-12-05 12:03:00,228,114.0,United Kingdom,5,3,1625.97,5,3,4,534,1,Regular,Low
13154.0,3,976.0,1624.84,17.47,0.0089,52.24,2009-12-04 08:46:00,2010-11-05 16:00:00,336,168.0,United Kingdom,399,3,1624.84,2,3,4,234,0,Lost,Very High
15172.0,5,1611.0,1624.05,14.76,0.0219,73.7,2011-04-17 11:56:00,2011-12-01 11:51:00,228,57.0,United Kingdom,9,5,1624.05,5,4,4,544,1,Regular,Low
14937.0,3,484.0,1621.88,47.7,0.0405,142.96,2011-08-01 14:16:00,2011-10-14 12:29:00,74,37.0,Channel Islands,57,3,1621.88,4,3,4,434,1,Regular,Medium
12379.0,4,815.0,1620.22,20.0,0.0088,79.73,2010-06-23 12:49:00,2011-09-19 10:09:00,453,151.0,Belgium,82,4,1620.22,3,3,4,334,1,Regular,Medium
15422.0,7,710.0,1619.97,13.5,0.0202,94.63,2010-02-07 11:52:00,2011-01-20 16:17:00,347,57.83,United Kingdom,323,7,1619.97,2,4,4,244,0,Lost,Very High
12577.0,8,1191.0,1617.1,5.43,0.0114,43.39,2009-12-03 19:31:00,2011-11-04 13:24:00,701,100.14,France,35,8,1617.1,4,5,4,454,1,Regular,Medium
16224.0,5,1555.0,1616.54,13.94,0.0152,69.92,2010-11-17 13:14:00,2011-10-13 17:51:00,330,82.5,United Kingdom,57,5,1616.54,4,4,4,444,1,Regular,Medium
14336.0,4,1759.0,1614.91,17.94,0.0154,71.83,2011-03-08 16:48:00,2011-11-23 11:40:00,260,86.67,United Kingdom,17,4,1614.91,5,3,4,534,1,Regular,Low
15013.0,10,1715.0,1610.82,4.74,0.0526,47.37,2010-01-31 12:15:00,2010-08-09 12:05:00,190,21.11,United Kingdom,488,10,1610.82,1,5,4,154,0,Lost,Very High
16860.0,3,625.0,1610.62,37.46,0.0143,112.49,2010-02-15 13:46:00,2010-09-13 10:05:00,210,105.0,United Kingdom,453,3,1610.62,1,3,4,134,0,Lost,Very High
13900.0,6,938.0,1610.59,16.95,0.0136,101.66,2010-03-25 13:46:00,2011-06-09 19:26:00,441,88.2,United Kingdom,183,6,1610.59,3,4,4,344,1,Regular,Very High
17814.0,2,1435.0,1609.37,11.25,0.0426,22.52,2010-10-13 14:03:00,2010-11-29 14:21:00,47,47.0,United Kingdom,375,2,1609.37,2,2,4,224,0,Lost,Very High
12847.0,2,1497.0,1609.0,13.52,0.0055,27.14,2010-11-17 12:44:00,2011-11-17 13:16:00,365,365.0,United Kingdom,22,2,1609.0,4,2,4,424,1,Regular,Low
13249.0,9,1246.0,1608.93,45.97,0.0152,413.66,2010-01-24 12:11:00,2011-09-08 13:26:00,592,74.0,United Kingdom,92,9,1608.93,3,5,4,354,1,Regular,High
14920.0,3,886.0,1607.17,16.57,0.0085,49.72,2010-05-23 15:25:00,2011-05-11 10:32:00,353,176.5,United Kingdom,213,3,1607.17,2,3,4,234,1,Regular,Very High
12947.0,6,1165.0,1603.99,16.54,0.0261,99.29,2010-12-01 16:21:00,2011-07-19 10:06:00,230,46.0,United Kingdom,144,6,1603.99,3,4,4,344,1,Regular,High
17515.0,9,527.0,1602.51,8.95,0.0173,80.36,2010-06-07 13:29:00,2011-11-08 14:04:00,519,64.88,United Kingdom,31,9,1602.51,4,5,4,454,1,Regular,Medium
15325.0,8,1382.0,1601.46,7.15,0.0143,57.05,2010-02-16 13:30:00,2011-08-28 11:55:00,558,79.71,United Kingdom,104,8,1601.46,3,5,4,354,1,Regular,High
14178.0,7,1494.0,1600.26,5.03,0.0402,35.18,2011-06-10 12:51:00,2011-12-01 12:01:00,174,29.0,United Kingdom,9,7,1600.26,5,4,4,544,1,Regular,Low
14885.0,3,1308.0,1598.12,51.55,0.009,154.96,2010-08-31 10:11:00,2011-07-31 12:05:00,334,167.0,United Kingdom,132,3,1598.12,3,3,4,334,1,Regular,High
12514.0,2,840.0,1597.76,19.02,0.0053,37.7,2010-03-08 12:18:00,2011-03-17 16:38:00,374,374.0,Italy,267,2,1597.76,2,2,4,224,0,Lost,Very High
15134.0,10,1057.0,1596.29,18.78,0.0245,187.72,2010-10-13 12:44:00,2011-11-25 08:55:00,408,45.33,United Kingdom,15,10,1596.29,5,5,4,554,1,Regular,Low
17853.0,3,625.0,1596.29,15.2,0.0091,45.51,2009-12-03 15:09:00,2010-10-28 15:29:00,329,164.5,United Kingdom,407,3,1596.29,2,3,4,234,0,Lost,Very High
13850.0,1,944.0,1595.48,17.16,,,2011-08-02 14:04:00,2011-08-02 14:04:00,0,,United Kingdom,129,1,1595.48,3,1,4,314,1,Regular,High
13239.0,5,1151.0,1594.69,17.15,0.0207,85.56,2010-07-25 13:34:00,2011-03-23 10:25:00,241,60.25,United Kingdom,262,5,1594.69,2,4,4,244,1,Regular,Very High
16801.0,4,493.0,1594.23,21.26,0.0364,85.13,2011-03-11 13:56:00,2011-06-29 15:33:00,110,36.67,United Kingdom,163,4,1594.23,3,3,4,334,1,Regular,High
17028.0,3,856.0,1593.83,16.78,0.0214,50.27,2009-12-18 14:28:00,2010-05-07 15:33:00,140,70.0,United Kingdom,581,3,1593.83,1,3,4,134,0,Lost,Very High
15289.0,5,1627.0,1593.09,16.42,0.0084,81.65,2010-03-28 11:45:00,2011-11-10 13:49:00,592,148.0,United Kingdom,29,5,1593.09,4,4,4,444,1,Regular,Low
17540.0,6,588.0,1590.6,24.85,0.0104,148.6,2010-04-19 09:47:00,2011-11-15 11:56:00,575,115.0,United Kingdom,25,6,1590.6,4,4,4,444,1,Regular,Low
16092.0,6,1188.0,1587.94,17.64,0.0129,105.81,2010-05-09 16:10:00,2011-08-17 10:46:00,465,93.0,United Kingdom,115,6,1587.94,3,4,4,344,1,Regular,High
17345.0,10,2008.0,1586.63,7.59,0.0138,75.73,2009-12-01 16:17:00,2011-11-24 15:03:00,723,80.33,United Kingdom,15,10,1586.63,5,5,4,554,1,Regular,Low
13156.0,3,914.0,1586.54,15.26,0.0103,45.74,2010-02-01 13:45:00,2010-11-19 13:09:00,291,145.5,United Kingdom,385,3,1586.54,2,3,4,234,0,Lost,Very High
16096.0,4,700.0,1584.97,24.01,0.0105,96.05,2010-03-04 15:44:00,2011-03-20 13:38:00,381,127.0,United Kingdom,264,4,1584.97,2,3,4,234,0,Lost,Very High
13740.0,5,987.0,1582.77,16.84,0.0101,84.53,2009-12-02 12:22:00,2011-04-13 10:32:00,497,124.25,United Kingdom,241,5,1582.77,2,4,4,244,1,Regular,Very High
17867.0,15,638.0,1582.05,12.17,0.0212,182.41,2009-12-02 13:39:00,2011-11-09 14:15:00,707,50.5,United Kingdom,30,15,1582.05,4,5,4,454,1,Regular,Low
14719.0,5,1025.0,1581.84,6.73,0.0202,33.71,2011-04-04 14:17:00,2011-12-08 12:43:00,248,62.0,United Kingdom,2,5,1581.84,5,4,4,544,1,Regular,Low
15279.0,5,802.0,1580.54,16.81,0.0156,84.18,2010-02-02 10:15:00,2010-12-20 10:48:00,321,80.25,United Kingdom,355,5,1580.54,2,4,4,244,0,Lost,Very High
13202.0,7,572.0,1580.3,22.9,0.0208,160.04,2009-12-09 10:48:00,2010-11-10 16:24:00,336,56.0,United Kingdom,394,7,1580.3,2,4,4,244,0,Lost,Very High
14587.0,9,749.0,1580.29,4.26,0.0288,38.4,2011-01-12 13:16:00,2011-11-21 11:34:00,313,39.13,United Kingdom,19,9,1580.29,5,5,4,554,1,Regular,Low
13752.0,7,1005.0,1579.83,16.81,0.0174,117.88,2010-06-30 10:23:00,2011-08-07 14:16:00,403,67.17,United Kingdom,124,7,1579.83,3,4,4,344,1,Regular,High
17222.0,6,857.0,1579.51,14.1,0.0095,84.79,2010-01-10 15:24:00,2011-10-05 13:58:00,633,126.6,United Kingdom,65,6,1579.51,3,4,4,344,1,Regular,Medium
12607.0,1,1228.0,1579.51,15.64,,,2011-10-10 16:06:00,2011-10-10 16:06:00,0,,USA,60,1,1579.51,3,1,4,314,1,Regular,Medium
17649.0,3,723.0,1578.89,16.11,0.009,48.43,2010-08-24 13:01:00,2011-07-24 15:53:00,334,167.0,United Kingdom,138,3,1578.89,3,3,4,334,1,Regular,High
13186.0,3,820.0,1575.89,19.95,0.0337,59.84,2011-08-03 09:09:00,2011-10-31 11:40:00,89,44.5,United Kingdom,40,3,1575.89,4,3,4,434,1,Regular,Medium
12549.0,6,1366.0,1575.68,32.16,0.0492,193.04,2010-01-11 12:29:00,2010-05-13 12:05:00,122,24.4,USA,576,6,1575.68,1,4,4,144,0,Lost,Very High
13337.0,1,980.0,1575.26,18.11,,,2010-06-11 13:27:00,2010-06-11 13:27:00,0,,United Kingdom,546,1,1575.26,1,1,4,114,0,Lost,Very High
14489.0,4,1011.0,1574.93,15.75,0.0099,63.15,2010-04-06 09:52:00,2011-05-16 14:51:00,405,135.0,United Kingdom,207,4,1574.93,2,3,4,234,1,Regular,Very High
16099.0,7,960.0,1573.2,22.8,0.0117,158.99,2010-03-03 11:13:00,2011-10-20 13:13:00,596,99.33,United Kingdom,50,7,1573.2,4,4,4,444,1,Regular,Medium
17886.0,6,711.0,1572.55,9.47,0.0108,57.07,2010-04-29 11:10:00,2011-11-08 10:09:00,558,111.6,United Kingdom,32,6,1572.55,4,4,4,444,1,Regular,Medium
14136.0,5,1148.0,1570.81,14.82,0.0151,74.07,2009-12-08 09:19:00,2010-11-04 11:53:00,331,82.75,United Kingdom,401,5,1570.81,2,4,4,244,0,Lost,Very High
14198.0,9,623.0,1569.73,17.25,0.0131,154.79,2010-01-05 10:07:00,2011-11-21 16:35:00,685,85.63,United Kingdom,18,9,1569.73,5,5,4,554,1,Regular,Low
13539.0,7,710.0,1569.36,18.25,0.0139,128.11,2010-04-28 12:04:00,2011-09-15 10:18:00,505,84.17,United Kingdom,86,7,1569.36,3,4,4,344,1,Regular,Medium
17624.0,4,958.0,1568.63,16.17,0.0057,64.98,2009-12-20 12:35:00,2011-11-25 10:52:00,705,235.0,United Kingdom,15,4,1568.63,5,3,4,534,1,Regular,Low
16774.0,8,774.0,1567.48,11.97,0.0135,95.99,2010-02-16 16:53:00,2011-10-03 12:41:00,594,84.86,United Kingdom,68,8,1567.48,3,5,4,354,1,Regular,Medium
17235.0,8,845.0,1562.98,17.56,0.0152,140.93,2010-06-04 17:01:00,2011-11-14 15:51:00,528,75.43,United Kingdom,25,8,1562.98,4,5,4,454,1,Regular,Low
13939.0,7,1608.0,1560.96,14.19,0.0119,99.46,2010-04-06 12:43:00,2011-11-16 13:33:00,589,98.17,United Kingdom,23,7,1560.96,4,4,4,444,1,Regular,Low
15466.0,4,941.0,1560.46,5.96,0.0061,23.67,2009-12-03 12:28:00,2011-09-15 14:08:00,651,217.0,United Kingdom,85,4,1560.46,3,3,4,334,1,Regular,Medium
12629.0,2,722.0,1558.22,34.63,0.0526,69.22,2010-10-12 16:40:00,2010-11-19 09:18:00,38,38.0,Sweden,386,2,1558.22,2,2,4,224,0,Lost,Very High
14236.0,5,774.0,1555.34,33.09,0.0118,165.95,2010-07-22 14:27:00,2011-09-20 09:13:00,425,106.25,United Kingdom,81,5,1555.34,3,4,4,344,1,Regular,Medium
16394.0,5,2604.0,1555.34,18.74,0.0215,93.88,2011-02-23 10:58:00,2011-10-14 09:48:00,233,58.25,United Kingdom,57,5,1555.34,4,4,4,444,1,Regular,Medium
15149.0,5,380.0,1554.61,22.53,0.0097,112.77,2010-02-28 11:13:00,2011-07-29 10:58:00,516,129.0,United Kingdom,134,5,1554.61,3,4,4,344,1,Regular,High
18149.0,7,869.0,1553.96,17.08,0.012,119.9,2010-03-14 12:41:00,2011-10-20 12:04:00,585,97.5,United Kingdom,51,7,1553.96,4,4,4,444,1,Regular,Medium
13360.0,4,942.0,1553.65,23.54,0.0149,94.35,2010-01-08 11:16:00,2010-10-04 12:37:00,269,89.67,United Kingdom,432,4,1553.65,1,3,4,134,0,Lost,Very High
14078.0,9,586.0,1553.47,10.5,0.0173,94.46,2010-03-28 15:05:00,2011-08-30 12:16:00,520,65.0,United Kingdom,102,9,1553.47,3,5,4,354,1,Regular,High
15074.0,3,1039.0,1553.13,21.57,0.0083,64.81,2010-08-29 11:47:00,2011-08-26 14:45:00,362,181.0,United Kingdom,105,3,1553.13,3,3,4,334,1,Regular,High
13377.0,2,748.0,1552.88,19.91,0.008,39.66,2010-03-04 10:06:00,2010-11-08 12:20:00,249,249.0,United Kingdom,397,2,1552.88,2,2,4,224,0,Lost,Very High
17851.0,6,933.0,1552.35,6.69,0.0191,40.12,2009-12-03 17:46:00,2010-10-13 15:13:00,314,62.8,United Kingdom,422,6,1552.35,1,4,4,144,0,Lost,Very High
17323.0,12,1426.0,1551.04,4.69,0.0176,56.38,2010-01-10 11:58:00,2011-11-24 17:29:00,683,62.09,United Kingdom,15,12,1551.04,5,5,4,554,1,Regular,Low
14987.0,8,607.0,1550.65,103.38,0.0111,828.51,2009-12-02 14:56:00,2011-11-24 09:59:00,722,103.14,United Kingdom,16,8,1550.65,5,5,4,554,1,Regular,Low
14186.0,5,1550.0,1550.63,14.91,0.023,74.42,2010-03-05 11:17:00,2010-10-08 13:30:00,217,54.25,United Kingdom,427,5,1550.63,1,4,4,144,0,Lost,Very High
16366.0,4,882.0,1548.13,19.85,0.0057,79.77,2009-12-16 10:39:00,2011-11-21 08:19:00,705,235.0,United Kingdom,19,4,1548.13,5,3,4,534,1,Regular,Low
17454.0,10,727.0,1547.94,12.29,0.02,123.15,2010-01-15 15:40:00,2011-05-31 13:58:00,501,55.67,United Kingdom,192,10,1547.94,2,5,4,254,1,Regular,Very High
14754.0,6,1010.0,1547.93,11.38,0.0093,68.37,2010-01-18 11:04:00,2011-10-26 12:01:00,646,129.2,United Kingdom,45,6,1547.93,4,4,4,444,1,Regular,Medium
16461.0,3,933.0,1545.83,6.13,0.0064,18.4,2010-03-03 13:57:00,2011-06-15 12:07:00,469,234.5,United Kingdom,178,3,1545.83,3,3,4,334,1,Regular,High
16790.0,6,898.0,1545.62,16.62,0.1765,99.74,2011-11-02 11:23:00,2011-12-06 11:53:00,34,6.8,United Kingdom,4,6,1545.62,5,4,4,544,1,Regular,Low
16017.0,5,635.0,1545.58,11.89,0.0076,59.28,2010-01-05 12:06:00,2011-10-23 12:56:00,656,164.0,United Kingdom,47,5,1545.58,4,4,4,444,1,Regular,Medium
18036.0,11,741.0,1545.49,4.74,0.016,52.25,2009-12-18 12:04:00,2011-11-07 14:40:00,689,68.9,United Kingdom,32,11,1545.49,4,5,4,454,1,Regular,Medium
15732.0,10,1264.0,1543.97,15.6,0.0217,156.06,2010-02-04 10:10:00,2011-05-11 14:24:00,461,51.22,United Kingdom,212,10,1543.97,2,5,4,254,1,Regular,Very High
16915.0,11,190.0,1543.18,20.85,0.0196,228.85,2010-05-19 13:32:00,2011-11-30 16:39:00,560,56.0,United Kingdom,9,11,1543.18,5,5,4,554,1,Regular,Low
13783.0,4,3437.0,1542.09,154.21,0.0215,616.69,2010-02-04 13:47:00,2010-08-09 09:23:00,186,62.0,United Kingdom,488,4,1542.09,1,3,4,134,0,Lost,Very High
12818.0,1,929.0,1542.08,110.15,,,2011-03-23 12:06:00,2011-03-23 12:06:00,0,,Austria,262,1,1542.08,2,1,4,214,0,Lost,Very High
17837.0,8,510.0,1541.23,9.51,0.0661,76.06,2011-06-29 16:44:00,2011-10-28 16:13:00,121,17.29,United Kingdom,42,8,1541.23,4,5,4,454,1,Regular,Medium
13310.0,5,816.0,1541.2,16.22,0.0134,81.29,2010-11-02 17:03:00,2011-11-11 17:23:00,374,93.5,United Kingdom,28,5,1541.2,4,4,4,444,1,Regular,Low
15987.0,8,1599.0,1535.99,9.09,0.0218,72.73,2010-11-25 12:56:00,2011-11-27 15:38:00,367,52.43,United Kingdom,12,8,1535.99,5,5,4,554,1,Regular,Low
15798.0,3,915.0,1535.37,18.5,0.0159,55.59,2010-01-27 11:55:00,2010-08-04 09:13:00,189,94.5,United Kingdom,493,3,1535.37,1,3,4,134,0,Lost,Very High
14695.0,3,661.0,1534.22,18.71,0.0141,56.19,2009-12-07 11:05:00,2010-07-08 14:18:00,213,106.5,United Kingdom,519,3,1534.22,1,3,4,134,0,Lost,Very High
18252.0,7,932.0,1533.69,11.45,0.0104,79.9,2009-12-18 16:13:00,2011-10-20 12:43:00,671,111.83,United Kingdom,51,7,1533.69,4,4,4,444,1,Regular,Medium
16491.0,2,1060.0,1533.16,17.62,0.0054,34.92,2010-10-22 15:42:00,2011-10-24 10:18:00,367,367.0,United Kingdom,47,2,1533.16,4,2,4,424,1,Regular,Medium
14567.0,2,412.0,1530.36,46.37,0.027,92.65,2011-08-01 13:48:00,2011-10-14 10:21:00,74,74.0,United Kingdom,57,2,1530.36,4,2,4,424,1,Regular,Medium
15701.0,4,912.0,1529.0,6.65,0.037,26.57,2011-08-21 12:36:00,2011-12-07 14:39:00,108,36.0,United Kingdom,2,4,1529.0,5,3,4,534,1,Regular,Low
17990.0,6,777.0,1527.61,26.8,0.0121,160.84,2009-12-07 15:19:00,2011-04-17 11:44:00,496,99.2,United Kingdom,237,6,1527.61,2,4,4,244,1,Regular,Very High
12926.0,4,754.0,1523.97,5.82,0.0127,23.21,2009-12-14 14:35:00,2010-10-24 15:57:00,314,104.67,United Kingdom,411,4,1523.97,1,3,4,134,0,Lost,Very High
16244.0,2,855.0,1522.75,16.73,0.0124,33.4,2010-12-02 11:41:00,2011-05-12 10:18:00,161,161.0,United Kingdom,212,2,1522.75,2,2,4,224,1,Regular,Very High
15587.0,7,528.0,1522.08,108.72,0.0159,762.33,2010-08-05 08:44:00,2011-10-20 13:37:00,441,73.5,United Kingdom,50,7,1522.08,4,4,4,444,1,Regular,Medium
16066.0,5,935.0,1521.04,15.06,0.0463,75.31,2011-08-07 14:33:00,2011-11-23 11:54:00,108,27.0,United Kingdom,17,5,1521.04,5,4,4,544,1,Regular,Low
14055.0,3,720.0,1520.96,46.09,0.0049,139.34,2009-12-16 15:11:00,2011-08-25 15:04:00,617,308.5,United Kingdom,106,3,1520.96,3,3,4,334,1,Regular,High
14264.0,6,553.0,1517.36,19.21,0.0131,115.0,2010-04-07 13:21:00,2011-07-08 10:20:00,457,91.4,United Kingdom,155,6,1517.36,3,4,4,344,1,Regular,High
14068.0,4,510.0,1516.72,14.04,0.0112,56.14,2010-01-31 10:10:00,2011-01-23 16:02:00,357,119.0,United Kingdom,320,4,1516.72,2,3,4,234,0,Lost,Very High
14267.0,3,530.0,1516.24,27.57,0.0306,82.68,2011-03-24 11:38:00,2011-06-30 10:09:00,98,49.0,United Kingdom,163,3,1516.24,3,3,4,334,1,Regular,High
13791.0,2,1200.0,1516.0,137.82,0.0488,275.75,2011-06-24 16:38:00,2011-08-04 11:44:00,41,41.0,United Kingdom,128,2,1516.0,3,2,4,324,1,Regular,High
14220.0,4,468.0,1515.0,39.87,0.0124,159.19,2010-05-19 13:26:00,2011-04-06 13:23:00,322,107.33,United Kingdom,247,4,1515.0,2,3,4,234,1,Regular,Very High
14682.0,6,949.0,1514.81,17.61,0.0124,105.91,2010-02-05 14:47:00,2011-06-05 12:12:00,485,97.0,United Kingdom,188,6,1514.81,3,4,4,344,1,Regular,Very High
17764.0,5,674.0,1513.57,10.16,0.0073,50.88,2009-12-03 14:28:00,2011-10-20 11:03:00,686,171.5,United Kingdom,51,5,1513.57,4,4,4,444,1,Regular,Medium
17610.0,5,893.0,1511.94,9.82,0.0259,49.09,2009-12-06 16:07:00,2010-06-17 16:34:00,193,48.25,United Kingdom,540,5,1511.94,1,4,4,144,0,Lost,Very High
17977.0,2,1948.0,1511.45,14.53,0.0054,29.11,2010-11-04 14:26:00,2011-11-10 13:28:00,371,371.0,United Kingdom,29,2,1511.45,4,2,4,424,1,Regular,Low
16037.0,5,766.0,1509.34,21.26,0.0132,106.36,2010-03-01 12:31:00,2011-03-15 09:13:00,379,94.75,United Kingdom,270,5,1509.34,2,4,4,244,0,Lost,Very High
15948.0,3,852.0,1509.09,15.89,0.0072,47.59,2010-10-11 12:16:00,2011-12-01 15:32:00,416,208.0,United Kingdom,8,3,1509.09,5,3,4,534,1,Regular,Low
16910.0,8,884.0,1508.96,2.77,0.092,22.17,2011-09-09 14:14:00,2011-12-05 12:51:00,87,12.43,United Kingdom,4,8,1508.96,5,5,4,554,1,Regular,Low
13158.0,5,992.0,1508.18,15.08,0.017,75.37,2010-11-16 17:12:00,2011-09-06 11:58:00,294,73.5,United Kingdom,95,5,1508.18,3,4,4,344,1,Regular,High
15261.0,4,806.0,1508.0,16.39,0.0134,65.67,2010-10-01 11:59:00,2011-07-27 15:20:00,299,99.67,United Kingdom,135,4,1508.0,3,3,4,334,1,Regular,High
17179.0,6,625.0,1507.26,9.54,0.0156,57.15,2010-05-26 11:22:00,2011-06-14 16:48:00,384,76.8,United Kingdom,178,6,1507.26,3,4,4,344,1,Regular,High
18022.0,5,1311.0,1507.25,3.55,0.0098,17.78,2010-06-11 13:59:00,2011-11-04 12:45:00,511,127.75,United Kingdom,36,5,1507.25,4,4,4,444,1,Regular,Medium
15110.0,6,337.0,1505.85,28.41,0.013,170.63,2010-08-11 15:49:00,2011-11-16 11:16:00,462,92.4,United Kingdom,24,6,1505.85,4,4,4,444,1,Regular,Low
16450.0,3,681.0,1505.73,35.02,0.0059,104.76,2010-02-21 15:46:00,2011-07-13 11:47:00,507,253.5,United Kingdom,150,3,1505.73,3,3,4,334,1,Regular,High
14802.0,2,2.0,1502.98,751.49,,,2010-09-27 16:32:00,2010-09-27 16:34:00,0,0.0,United Kingdom,438,2,1502.98,1,2,4,124,0,Lost,Very High
13810.0,3,312.0,1499.01,42.83,0.1071,128.44,2011-10-14 12:57:00,2011-11-11 08:33:00,28,14.0,Germany,29,3,1499.01,4,3,4,434,1,Regular,Low
16714.0,4,828.0,1497.33,13.61,0.0088,54.14,2010-02-07 11:17:00,2011-05-05 11:09:00,452,150.67,United Kingdom,219,4,1497.33,2,3,4,234,1,Regular,Very High
15590.0,5,832.0,1496.6,17.2,0.0223,85.92,2010-04-12 10:09:00,2010-11-22 14:49:00,224,56.0,United Kingdom,382,5,1496.6,2,4,4,244,0,Lost,Very High
16340.0,3,1319.0,1496.24,4.19,0.0068,12.65,2010-06-06 13:26:00,2011-08-24 14:53:00,444,222.0,United Kingdom,107,3,1496.24,3,3,4,334,1,Regular,High
15173.0,7,840.0,1494.6,17.38,0.0295,121.51,2010-04-01 12:26:00,2010-11-24 10:21:00,237,39.5,United Kingdom,381,7,1494.6,2,4,4,244,0,Lost,Very High
14894.0,3,603.0,1492.81,32.45,0.0046,97.32,2009-12-02 10:42:00,2011-09-15 13:51:00,652,326.0,United Kingdom,85,3,1492.81,3,3,4,334,1,Regular,Medium
16239.0,6,692.0,1492.2,42.63,0.0147,255.05,2010-09-02 19:17:00,2011-10-14 08:29:00,407,81.4,United Kingdom,57,6,1492.2,4,4,4,444,1,Regular,Medium
16314.0,3,636.0,1491.4,24.05,0.0361,72.06,2010-08-24 11:52:00,2010-11-15 12:06:00,83,41.5,United Kingdom,390,3,1491.4,2,3,4,234,0,Lost,Very High
18268.0,6,711.0,1490.23,22.24,0.0101,133.43,2009-12-11 10:27:00,2011-07-28 19:13:00,594,118.8,United Kingdom,134,6,1490.23,3,4,4,344,1,Regular,High
13042.0,3,812.0,1488.59,8.09,0.0224,24.28,2009-12-07 15:42:00,2010-04-20 13:43:00,134,67.0,United Kingdom,598,3,1488.59,1,3,4,134,0,Lost,Very High
17290.0,8,1139.0,1487.96,7.59,0.0111,60.91,2009-12-13 13:28:00,2011-12-06 12:38:00,723,103.29,United Kingdom,4,8,1487.96,5,5,4,554,1,Regular,Low
14609.0,10,12720.0,1486.2,114.32,0.0168,1144.66,2010-02-09 09:48:00,2011-09-28 12:54:00,596,66.22,United Kingdom,72,10,1486.2,3,5,4,354,1,Regular,Medium
16654.0,8,640.0,1484.07,20.06,0.017,160.62,2010-04-06 13:29:00,2011-07-21 15:23:00,471,67.29,United Kingdom,141,8,1484.07,3,5,4,354,1,Regular,High
15630.0,3,987.0,1481.4,18.52,0.005,55.47,2010-03-05 14:30:00,2011-10-25 15:36:00,599,299.5,United Kingdom,45,3,1481.4,4,3,4,434,1,Regular,Medium
15101.0,6,676.0,1477.94,25.48,0.0103,152.74,2010-04-28 15:00:00,2011-12-01 10:18:00,582,116.4,United Kingdom,9,6,1477.94,5,4,4,544,1,Regular,Low
13240.0,8,709.0,1475.79,7.34,0.0144,58.77,2010-02-25 13:17:00,2011-09-04 14:08:00,556,79.43,United Kingdom,96,8,1475.79,3,5,4,354,1,Regular,High
14246.0,3,804.0,1474.06,19.65,0.0222,58.89,2011-04-08 08:25:00,2011-08-21 11:50:00,135,67.5,United Kingdom,111,3,1474.06,3,3,4,334,1,Regular,High
16907.0,9,451.0,1470.89,7.04,0.0181,63.33,2010-07-01 17:30:00,2011-11-10 18:04:00,497,62.13,United Kingdom,29,9,1470.89,4,5,4,454,1,Regular,Low
17590.0,3,822.0,1468.02,7.49,0.0789,22.46,2011-10-30 14:05:00,2011-12-07 12:55:00,38,19.0,United Kingdom,2,3,1468.02,5,3,4,534,1,Regular,Low
13500.0,4,838.0,1466.3,17.25,0.0106,69.12,2010-11-03 13:16:00,2011-11-16 15:35:00,378,126.0,United Kingdom,23,4,1466.3,4,3,4,434,1,Regular,Low
16419.0,8,701.0,1463.7,16.26,0.0144,130.18,2010-02-09 13:26:00,2011-08-19 12:33:00,556,79.43,United Kingdom,113,8,1463.7,3,5,4,354,1,Regular,High
12882.0,2,246.0,1463.04,112.54,0.0833,224.99,2011-11-06 11:22:00,2011-11-30 16:18:00,24,24.0,United Kingdom,9,2,1463.04,5,2,4,524,1,Regular,Low
16586.0,3,348.0,1462.78,52.24,0.0078,157.69,2010-03-14 11:24:00,2011-04-05 09:32:00,387,193.5,United Kingdom,249,3,1462.78,2,3,4,234,1,Regular,Very High
18196.0,4,1038.0,1457.19,5.26,0.0074,20.9,2010-03-17 14:55:00,2011-09-05 16:22:00,537,179.0,United Kingdom,95,4,1457.19,3,3,4,334,1,Regular,High
16835.0,6,496.0,1456.66,17.76,0.0136,106.52,2010-05-19 08:41:00,2011-08-03 13:50:00,441,88.2,United Kingdom,128,6,1456.66,3,4,4,344,1,Regular,High
14829.0,7,957.0,1455.87,16.0,0.0172,112.01,2010-09-29 13:14:00,2011-11-10 16:16:00,407,67.83,United Kingdom,29,7,1455.87,4,4,4,444,1,Regular,Low
15071.0,4,416.0,1455.56,26.95,0.0084,107.98,2010-05-18 12:45:00,2011-09-07 11:43:00,477,159.0,United Kingdom,94,4,1455.56,3,3,4,334,1,Regular,High
16569.0,5,988.0,1455.23,41.58,0.0069,206.57,2009-12-16 15:05:00,2011-12-06 15:32:00,720,180.0,United Kingdom,3,5,1455.23,5,4,4,544,1,Regular,Low
13649.0,6,782.0,1453.68,13.46,0.0221,80.61,2010-06-30 16:35:00,2011-03-28 11:51:00,271,54.2,United Kingdom,257,6,1453.68,2,4,4,244,1,Regular,Very High
12970.0,10,954.0,1453.6,4.21,0.0137,41.99,2009-12-04 14:19:00,2011-12-02 14:30:00,728,80.89,United Kingdom,7,10,1453.6,5,5,4,554,1,Regular,Low
17259.0,6,844.0,1452.39,6.31,0.0118,37.75,2010-02-22 13:38:00,2011-07-14 15:01:00,507,101.4,United Kingdom,148,6,1452.39,3,4,4,344,1,Regular,High
13165.0,3,1736.0,1451.16,29.62,0.0082,89.14,2010-10-22 17:04:00,2011-10-24 15:05:00,367,183.5,United Kingdom,46,3,1451.16,4,3,4,434,1,Regular,Medium
13361.0,2,324.0,1450.5,42.66,0.0138,85.36,2010-04-01 07:49:00,2010-08-24 14:56:00,145,145.0,United Kingdom,472,2,1450.5,1,2,4,124,0,Lost,Very High
14657.0,6,879.0,1450.19,6.94,0.0144,41.77,2010-09-30 19:57:00,2011-11-22 12:47:00,418,83.6,United Kingdom,18,6,1450.19,5,4,4,544,1,Regular,Low
16121.0,5,879.0,1450.04,4.22,0.0098,21.01,2010-05-23 10:52:00,2011-10-13 12:59:00,508,127.0,United Kingdom,57,5,1450.04,4,4,4,444,1,Regular,Medium
15876.0,2,886.0,1449.14,131.74,0.0513,263.57,2010-09-17 15:26:00,2010-10-26 18:58:00,39,39.0,United Kingdom,409,2,1449.14,2,2,4,224,0,Lost,Very High
13023.0,3,585.0,1449.03,19.07,0.0065,57.52,2010-06-29 09:51:00,2011-10-06 16:27:00,464,232.0,United Kingdom,64,3,1449.03,3,3,4,334,1,Regular,Medium
15076.0,3,866.0,1447.74,18.1,0.0086,54.48,2010-07-05 14:11:00,2011-06-20 08:23:00,350,175.0,United Kingdom,173,3,1447.74,3,3,4,334,1,Regular,High
17582.0,5,603.0,1446.95,11.86,0.0129,59.21,2010-03-26 12:23:00,2011-04-17 13:18:00,387,96.75,United Kingdom,236,5,1446.95,2,4,4,244,1,Regular,Very High
17073.0,4,759.0,1446.09,8.31,0.0435,33.26,2011-08-22 14:37:00,2011-11-22 11:47:00,92,30.67,United Kingdom,18,4,1446.09,5,3,4,534,1,Regular,Low
13583.0,2,1097.0,1445.03,15.05,0.0038,29.97,2010-01-29 13:53:00,2011-07-07 10:40:00,524,524.0,United Kingdom,156,2,1445.03,3,2,4,324,1,Regular,High
15636.0,4,560.0,1444.58,25.34,0.0083,100.95,2010-05-19 11:37:00,2011-09-11 11:17:00,480,160.0,United Kingdom,90,4,1444.58,3,3,4,334,1,Regular,Medium
17175.0,4,866.0,1443.69,22.92,0.0159,91.84,2011-02-16 14:56:00,2011-10-26 15:31:00,252,84.0,United Kingdom,44,4,1443.69,4,3,4,434,1,Regular,Medium
17734.0,6,741.0,1442.32,16.77,0.0102,100.75,2010-03-07 13:55:00,2011-10-17 12:33:00,589,117.8,United Kingdom,54,6,1442.32,4,4,4,444,1,Regular,Medium
18106.0,6,506.0,1441.06,7.54,0.0165,45.29,2010-01-15 11:36:00,2011-01-14 12:23:00,364,72.8,United Kingdom,330,6,1441.06,2,4,4,244,0,Lost,Very High
18066.0,3,535.0,1440.4,27.18,0.0088,81.32,2010-10-20 11:42:00,2011-09-25 15:30:00,340,170.0,United Kingdom,75,3,1440.4,3,3,4,334,1,Regular,Medium
13543.0,2,329.0,1439.61,30.63,0.0377,61.2,2010-01-21 14:30:00,2010-03-15 13:34:00,53,53.0,United Kingdom,634,2,1439.61,1,2,4,124,0,Lost,Very High
14071.0,8,994.0,1437.57,4.45,0.0307,35.66,2011-03-20 11:33:00,2011-12-06 12:27:00,261,37.29,United Kingdom,4,8,1437.57,5,5,4,554,1,Regular,Low
16088.0,2,373.0,1437.43,239.57,0.125,479.14,2010-04-27 10:56:00,2010-05-13 10:16:00,16,16.0,United Kingdom,576,2,1437.43,1,2,4,124,0,Lost,Very High
13278.0,4,1358.0,1435.85,13.29,0.007,53.03,2010-04-08 11:59:00,2011-10-30 11:49:00,570,190.0,United Kingdom,41,4,1435.85,4,3,4,434,1,Regular,Medium
12805.0,4,593.0,1434.95,24.74,0.0137,99.31,2010-02-03 09:06:00,2010-11-23 12:27:00,293,97.67,Netherlands,382,4,1434.95,2,3,4,234,0,Lost,Very High
16140.0,3,1272.0,1433.46,22.4,0.008,67.38,2010-09-24 12:03:00,2011-10-05 12:15:00,376,188.0,United Kingdom,66,3,1433.46,3,3,4,334,1,Regular,Medium
12389.0,3,614.0,1433.33,29.25,0.0119,88.06,2010-02-22 10:15:00,2010-11-02 11:52:00,253,126.5,Australia,403,3,1433.33,2,3,4,234,0,Lost,Very High
17941.0,4,1108.0,1433.28,204.75,0.007,819.82,2010-01-06 15:37:00,2011-08-01 08:30:00,572,190.67,United Kingdom,131,4,1433.28,3,3,4,334,1,Regular,High
13531.0,6,497.0,1433.07,19.11,0.0113,114.67,2009-12-03 15:20:00,2011-05-18 16:56:00,531,106.2,United Kingdom,205,6,1433.07,2,4,4,244,1,Regular,Very High
13475.0,4,1012.0,1431.78,16.65,0.0374,66.63,2011-02-14 12:36:00,2011-06-01 13:52:00,107,35.67,United Kingdom,191,4,1431.78,2,3,4,234,1,Regular,Very High
15427.0,3,967.0,1430.54,4.9,0.2143,14.7,2011-10-23 14:47:00,2011-11-06 14:29:00,14,7.0,United Kingdom,33,3,1430.54,4,3,4,434,1,Regular,Medium
15468.0,3,1400.0,1430.48,17.88,0.0088,53.65,2010-11-12 09:39:00,2011-10-19 13:49:00,341,170.5,United Kingdom,51,3,1430.48,4,3,4,434,1,Regular,Medium
14684.0,6,1005.0,1430.03,2.94,0.0164,17.6,2010-11-14 14:07:00,2011-11-14 11:33:00,365,73.0,United Kingdom,26,6,1430.03,4,4,4,444,1,Regular,Low
13159.0,4,1058.0,1429.35,11.91,0.0374,47.66,2011-08-16 11:44:00,2011-12-01 11:20:00,107,35.67,United Kingdom,9,4,1429.35,5,3,4,534,1,Regular,Low
15889.0,8,800.0,1427.6,4.74,0.014,38.02,2009-12-10 12:21:00,2011-07-06 11:10:00,573,81.86,United Kingdom,157,8,1427.6,3,5,4,354,1,Regular,High
14412.0,3,1428.0,1426.19,16.98,0.0079,51.24,2010-10-11 12:33:00,2011-10-28 10:45:00,382,191.0,United Kingdom,43,3,1426.19,4,3,4,434,1,Regular,Medium
17411.0,5,608.0,1425.38,19.01,0.0069,94.97,2009-12-03 12:02:00,2011-11-27 14:25:00,724,181.0,United Kingdom,12,5,1425.38,5,4,4,544,1,Regular,Low
18221.0,6,1000.0,1424.94,16.96,0.0163,101.73,2010-11-14 15:46:00,2011-11-17 14:40:00,368,73.6,United Kingdom,22,6,1424.94,4,4,4,444,1,Regular,Low
16980.0,3,990.0,1422.83,13.42,0.0173,40.16,2010-10-07 14:05:00,2011-03-29 16:36:00,173,86.5,United Kingdom,255,3,1422.83,2,3,4,234,1,Regular,Very High
17438.0,5,553.0,1422.77,20.04,0.0129,100.3,2010-03-08 16:53:00,2011-03-31 10:26:00,388,97.0,United Kingdom,254,5,1422.77,2,4,4,244,1,Regular,Very High
15106.0,5,1181.0,1422.52,14.23,0.0198,71.0,2011-03-15 12:52:00,2011-11-22 09:16:00,252,63.0,United Kingdom,18,5,1422.52,5,4,4,544,1,Regular,Low
16463.0,4,1163.0,1422.4,17.35,0.0219,69.53,2011-05-19 14:45:00,2011-11-18 14:01:00,183,61.0,United Kingdom,21,4,1422.4,4,3,4,434,1,Regular,Low
14019.0,3,1037.0,1421.61,21.54,0.0326,64.6,2011-07-24 15:39:00,2011-10-24 10:13:00,92,46.0,United Kingdom,47,3,1421.61,4,3,4,434,1,Regular,Medium
15799.0,4,1341.0,1421.34,9.23,0.0117,37.04,2010-10-17 14:26:00,2011-09-25 12:46:00,343,114.33,United Kingdom,76,4,1421.34,3,3,4,334,1,Regular,Medium
16173.0,6,575.0,1418.32,16.88,0.0723,101.3,2011-09-02 15:23:00,2011-11-24 10:53:00,83,16.6,United Kingdom,16,6,1418.32,5,4,4,544,1,Regular,Low
17856.0,4,842.0,1418.03,94.54,0.0143,378.54,2011-03-03 11:40:00,2011-12-08 09:40:00,280,93.33,United Kingdom,2,4,1418.03,5,3,4,534,1,Regular,Low
15223.0,5,385.0,1417.95,41.7,0.0098,208.01,2009-12-05 11:19:00,2011-04-28 11:31:00,509,127.25,United Kingdom,226,5,1417.95,2,4,4,244,1,Regular,Very High
16245.0,3,1014.0,1413.66,15.71,0.0129,47.22,2011-03-28 09:30:00,2011-11-16 10:14:00,233,116.5,United Kingdom,24,3,1413.66,4,3,4,434,1,Regular,Low
17496.0,4,675.0,1412.89,19.62,0.0119,78.45,2010-01-14 13:36:00,2010-12-16 08:39:00,336,112.0,United Kingdom,359,4,1412.89,2,3,4,234,0,Lost,Very High
15237.0,4,1071.0,1412.32,14.27,0.0177,57.08,2011-04-26 15:04:00,2011-12-08 09:46:00,226,75.33,United Kingdom,2,4,1412.32,5,3,4,534,1,Regular,Low
16848.0,4,780.0,1411.62,16.61,0.0105,66.27,2010-10-03 11:01:00,2011-10-18 08:42:00,380,126.67,United Kingdom,53,4,1411.62,4,3,4,434,1,Regular,Medium
15444.0,2,759.0,1411.21,6.59,0.0645,13.18,2011-10-30 16:12:00,2011-11-30 17:37:00,31,31.0,United Kingdom,9,2,1411.21,5,2,4,524,1,Regular,Low
16906.0,7,590.0,1410.92,6.62,0.0142,46.44,2010-05-13 13:23:00,2011-09-19 11:49:00,494,82.33,United Kingdom,82,7,1410.92,3,4,4,344,1,Regular,Medium
17714.0,5,608.0,1410.18,17.41,0.0259,87.03,2010-07-14 10:41:00,2011-01-23 10:32:00,193,48.25,United Kingdom,321,5,1410.18,2,4,4,244,0,Lost,Very High
17545.0,6,682.0,1409.86,5.42,0.0112,32.42,2010-05-11 10:04:00,2011-10-27 14:04:00,534,106.8,United Kingdom,43,6,1409.86,4,4,4,444,1,Regular,Medium
16854.0,2,997.0,1408.96,18.79,0.009,37.71,2010-03-09 14:32:00,2010-10-18 16:31:00,223,223.0,United Kingdom,417,2,1408.96,1,2,4,124,0,Lost,Very High
13049.0,4,620.0,1408.24,54.16,0.0119,217.2,2010-11-03 15:39:00,2011-10-06 15:31:00,337,112.33,United Kingdom,64,4,1408.24,3,3,4,334,1,Regular,Medium
12695.0,7,454.0,1407.12,23.85,0.0106,166.35,2010-02-12 13:22:00,2011-12-02 13:22:00,658,109.67,France,7,7,1407.12,5,4,4,544,1,Regular,Low
15652.0,5,657.0,1405.94,13.78,0.0127,68.95,2010-08-11 16:58:00,2011-09-09 14:22:00,394,98.5,United Kingdom,91,5,1405.94,3,4,4,344,1,Regular,High
14909.0,3,888.0,1404.68,17.56,0.0133,52.78,2010-02-14 15:47:00,2010-09-28 16:56:00,226,113.0,United Kingdom,437,3,1404.68,1,3,4,134,0,Lost,Very High
12765.0,6,1009.0,1404.58,20.66,0.0355,123.95,2010-03-08 09:43:00,2010-08-24 13:51:00,169,33.8,Netherlands,472,6,1404.58,1,4,4,144,0,Lost,Very High
18189.0,3,836.0,1403.73,16.32,0.0055,49.19,2010-03-24 09:57:00,2011-09-23 12:40:00,548,274.0,United Kingdom,78,3,1403.73,3,3,4,334,1,Regular,Medium
15186.0,5,716.0,1403.2,26.98,0.0073,134.32,2010-01-12 10:14:00,2011-11-25 14:58:00,682,170.5,United Kingdom,14,5,1403.2,5,4,4,544,1,Regular,Low
13259.0,9,503.0,1402.54,4.48,0.0141,40.24,2010-01-10 10:26:00,2011-10-09 10:48:00,637,79.63,United Kingdom,62,9,1402.54,3,5,4,354,1,Regular,Medium
14687.0,3,850.0,1402.06,35.05,0.0067,104.5,2010-06-06 10:36:00,2011-08-25 11:59:00,445,222.5,United Kingdom,107,3,1402.06,3,3,4,334,1,Regular,High
18202.0,3,581.0,1396.99,20.54,0.0268,61.65,2011-02-01 13:36:00,2011-05-24 12:12:00,112,56.0,United Kingdom,200,3,1396.99,2,3,4,234,1,Regular,Very High
16129.0,3,1261.0,1396.05,14.54,0.03,43.62,2010-07-20 12:32:00,2010-10-28 14:29:00,100,50.0,United Kingdom,407,3,1396.05,2,3,4,234,0,Lost,Very High
15322.0,2,971.0,1390.86,16.76,0.0051,33.42,2010-08-20 13:10:00,2011-09-15 09:34:00,391,391.0,United Kingdom,86,2,1390.86,3,2,4,324,1,Regular,Medium
15141.0,7,1197.0,1388.47,17.36,0.0427,121.57,2010-03-28 15:58:00,2010-09-08 11:33:00,164,27.33,United Kingdom,458,7,1388.47,1,4,4,144,0,Lost,Very High
12952.0,4,653.0,1387.79,17.57,0.0548,70.29,2011-09-22 16:37:00,2011-12-04 10:35:00,73,24.33,United Kingdom,6,4,1387.79,5,3,4,534,1,Regular,Low
13382.0,5,863.0,1387.58,16.13,0.0111,80.75,2009-12-08 09:56:00,2011-03-04 10:03:00,451,112.75,United Kingdom,281,5,1387.58,2,4,4,244,0,Lost,Very High
15996.0,7,643.0,1386.4,8.01,0.0227,56.18,2010-11-07 15:49:00,2011-09-12 15:14:00,309,51.5,United Kingdom,88,7,1386.4,3,4,4,344,1,Regular,Medium
16167.0,5,1494.0,1386.12,22.0,0.0154,109.77,2009-12-01 10:46:00,2010-10-21 15:33:00,324,81.0,United Kingdom,414,5,1386.12,1,4,4,144,0,Lost,Very High
18167.0,3,382.0,1384.86,37.43,0.0366,112.33,2011-08-26 11:40:00,2011-11-16 15:56:00,82,41.0,United Kingdom,23,3,1384.86,4,3,4,434,1,Regular,Low
13572.0,1,534.0,1384.25,41.95,,,2011-05-18 11:59:00,2011-05-18 11:59:00,0,,United Kingdom,206,1,1384.25,2,1,4,214,1,Regular,Very High
14116.0,5,707.0,1382.74,19.2,0.049,95.96,2011-08-10 12:44:00,2011-11-20 10:29:00,102,25.5,United Kingdom,20,5,1382.74,4,4,4,444,1,Regular,Low
16389.0,4,1242.0,1382.07,40.65,0.0174,162.68,2011-03-01 15:47:00,2011-10-17 14:41:00,230,76.67,United Kingdom,53,4,1382.07,4,3,4,434,1,Regular,Medium
14861.0,10,1076.0,1380.73,16.06,0.0147,160.3,2009-12-08 12:12:00,2011-10-18 12:54:00,679,75.44,United Kingdom,52,10,1380.73,4,5,4,454,1,Regular,Medium
15751.0,11,443.0,1380.44,10.62,0.0403,116.84,2009-12-06 13:08:00,2010-09-05 12:44:00,273,27.3,United Kingdom,461,11,1380.44,1,5,4,154,0,Lost,Very High
13821.0,6,477.0,1379.08,6.76,0.0107,40.51,2010-01-04 13:36:00,2011-07-18 09:49:00,560,112.0,United Kingdom,145,6,1379.08,3,4,4,344,1,Regular,High
17878.0,3,1014.0,1378.93,16.82,0.0085,50.33,2010-11-09 13:50:00,2011-10-27 11:24:00,352,176.0,United Kingdom,44,3,1378.93,4,3,4,434,1,Regular,Medium
13074.0,4,826.0,1378.74,47.54,0.0189,190.48,2009-12-16 11:46:00,2010-07-16 16:53:00,212,70.67,United Kingdom,511,4,1378.74,1,3,4,134,0,Lost,Very High
12886.0,2,770.0,1378.4,16.81,0.0132,33.73,2011-05-04 11:21:00,2011-10-03 10:09:00,152,152.0,United Kingdom,68,2,1378.4,3,2,4,324,1,Regular,Medium
16727.0,4,1066.0,1377.77,6.72,0.0123,26.78,2010-01-20 10:48:00,2010-12-10 13:48:00,324,108.0,United Kingdom,364,4,1377.77,2,3,4,234,0,Lost,Very High
14853.0,5,345.0,1376.87,44.42,0.0086,221.95,2010-04-13 09:26:00,2011-11-15 16:56:00,581,145.25,United Kingdom,24,5,1376.87,4,4,4,444,1,Regular,Low
14662.0,7,907.0,1376.43,5.78,0.0099,40.51,2009-12-03 16:47:00,2011-11-11 12:13:00,708,118.0,United Kingdom,29,7,1376.43,4,4,4,444,1,Regular,Low
15580.0,8,955.0,1375.39,6.11,0.0272,48.86,2010-02-07 11:21:00,2010-11-28 11:00:00,294,42.0,United Kingdom,377,8,1375.39,2,5,4,254,0,Lost,Very High
13579.0,5,718.0,1374.34,16.97,0.0078,85.38,2010-02-18 13:53:00,2011-11-25 08:41:00,645,161.25,United Kingdom,15,5,1374.34,5,4,4,544,1,Regular,Low
14265.0,4,715.0,1373.35,17.38,0.008,69.94,2010-04-06 14:39:00,2011-08-22 13:32:00,503,167.67,Unspecified,109,4,1373.35,3,3,4,334,1,Regular,High
14434.0,6,368.0,1372.8,114.4,0.1176,686.13,2011-09-28 15:31:00,2011-11-18 08:56:00,51,10.2,United Kingdom,22,6,1372.8,4,4,4,444,1,Regular,Low
15453.0,7,837.0,1371.77,4.92,0.0376,34.41,2011-06-05 12:37:00,2011-12-08 10:59:00,186,31.0,United Kingdom,2,7,1371.77,5,4,4,544,1,Regular,Low
14538.0,5,284.0,1370.84,26.36,0.0081,132.17,2010-01-25 15:42:00,2011-10-06 10:31:00,619,154.75,United Kingdom,65,5,1370.84,3,4,4,344,1,Regular,Medium
13155.0,6,741.0,1370.48,12.24,0.0131,73.44,2010-08-05 09:30:00,2011-11-06 15:41:00,458,91.6,United Kingdom,33,6,1370.48,4,4,4,444,1,Regular,Medium
14316.0,5,4494.0,1370.34,44.2,0.024,220.65,2010-03-19 15:18:00,2010-10-13 16:31:00,208,52.0,United Kingdom,422,5,1370.34,1,4,4,144,0,Lost,Very High
12533.0,2,704.0,1367.89,19.0,0.018,37.96,2009-12-01 11:50:00,2010-03-22 10:56:00,111,111.0,Germany,628,2,1367.89,1,2,4,124,0,Lost,Very High
16300.0,3,643.0,1367.32,5.75,0.0122,17.19,2010-02-02 11:40:00,2010-10-05 13:14:00,245,122.5,United Kingdom,430,3,1367.32,1,3,4,134,0,Lost,Very High
13035.0,3,926.0,1364.2,32.48,0.0084,97.67,2010-10-04 15:41:00,2011-09-27 08:57:00,358,179.0,United Kingdom,74,3,1364.2,3,3,4,334,1,Regular,Medium
14577.0,7,569.0,1364.15,7.5,0.0098,52.63,2009-12-11 12:09:00,2011-11-27 12:47:00,716,119.33,United Kingdom,13,7,1364.15,5,4,4,544,1,Regular,Low
14114.0,7,650.0,1364.09,18.43,0.021,128.88,2010-04-12 11:07:00,2011-03-11 09:42:00,333,55.5,United Kingdom,274,7,1364.09,2,4,4,244,0,Lost,Very High
13760.0,5,623.0,1363.64,11.46,0.0093,57.45,2010-04-25 13:10:00,2011-10-16 16:13:00,539,134.75,United Kingdom,54,5,1363.64,4,4,4,444,1,Regular,Medium
16588.0,4,882.0,1361.28,19.17,0.0213,76.76,2010-05-14 13:43:00,2010-11-18 17:56:00,188,62.67,United Kingdom,386,4,1361.28,2,3,4,234,0,Lost,Very High
13396.0,2,600.0,1360.99,31.65,0.0069,63.33,2011-01-24 13:37:00,2011-11-10 16:59:00,290,290.0,United Kingdom,29,2,1360.99,4,2,4,424,1,Regular,Low
13919.0,4,1133.0,1360.68,17.67,0.0083,70.54,2010-06-17 09:30:00,2011-10-11 14:24:00,481,160.33,Denmark,59,4,1360.68,3,3,4,334,1,Regular,Medium
16384.0,4,861.0,1358.95,16.78,0.008,67.25,2010-04-28 14:01:00,2011-09-11 11:19:00,501,167.0,United Kingdom,90,4,1358.95,3,3,4,334,1,Regular,Medium
17150.0,6,397.0,1357.95,14.76,0.0168,88.52,2009-12-06 10:51:00,2010-11-28 11:27:00,357,71.4,United Kingdom,377,6,1357.95,2,4,4,244,0,Lost,Very High
17429.0,5,1286.0,1357.46,14.29,0.0166,71.4,2010-10-06 12:30:00,2011-08-03 13:22:00,301,75.25,United Kingdom,128,5,1357.46,3,4,4,344,1,Regular,High
12875.0,5,5187.0,1356.99,169.62,0.009,845.73,2010-01-11 12:37:00,2011-07-19 15:30:00,554,138.5,United Kingdom,143,5,1356.99,3,4,4,344,1,Regular,High
17054.0,5,804.0,1356.33,16.34,0.023,81.55,2011-04-08 13:14:00,2011-11-11 12:56:00,217,54.25,United Kingdom,28,5,1356.33,4,4,4,444,1,Regular,Low
15116.0,4,648.0,1352.75,30.06,0.0214,120.29,2011-05-19 08:50:00,2011-11-22 12:25:00,187,62.33,United Kingdom,18,4,1352.75,5,3,4,534,1,Regular,Low
16079.0,3,864.0,1352.0,64.38,0.125,193.14,2011-10-30 13:06:00,2011-11-23 12:48:00,24,12.0,United Kingdom,17,3,1352.0,5,3,4,534,1,Regular,Low
16367.0,3,1103.0,1350.48,6.06,0.0087,18.24,2010-11-21 13:23:00,2011-11-02 13:13:00,346,173.0,United Kingdom,37,3,1350.48,4,3,4,434,1,Regular,Medium
17025.0,5,885.0,1349.67,36.48,0.0086,182.28,2010-03-08 13:37:00,2011-10-10 09:06:00,581,145.25,United Kingdom,61,5,1349.67,3,4,4,344,1,Regular,Medium
14847.0,3,533.0,1348.95,21.76,0.0072,65.18,2010-05-24 12:29:00,2011-07-14 10:52:00,416,208.0,United Kingdom,149,3,1348.95,3,3,4,334,1,Regular,High
15411.0,4,529.0,1348.93,13.76,0.0256,54.95,2011-06-10 12:30:00,2011-11-13 15:19:00,156,52.0,United Kingdom,26,4,1348.93,4,3,4,434,1,Regular,Low
16669.0,3,881.0,1348.88,8.65,0.0545,25.93,2011-09-22 14:13:00,2011-11-16 12:26:00,55,27.5,United Kingdom,24,3,1348.88,4,3,4,434,1,Regular,Low
12646.0,2,897.0,1346.97,29.93,0.0444,59.8,2011-10-21 12:52:00,2011-12-05 10:14:00,45,45.0,USA,5,2,1346.97,5,2,4,524,1,Regular,Low
14320.0,5,713.0,1346.75,16.63,0.0104,83.19,2010-01-21 11:44:00,2011-05-17 09:24:00,481,120.25,United Kingdom,207,5,1346.75,2,4,4,244,1,Regular,Very High
13639.0,2,997.0,1346.27,22.82,0.0055,45.43,2010-09-29 10:05:00,2011-09-26 13:36:00,362,362.0,United Kingdom,74,2,1346.27,3,2,4,324,1,Regular,Medium
15398.0,2,769.0,1345.53,18.43,0.0323,36.91,2011-09-22 14:56:00,2011-11-23 16:47:00,62,62.0,United Kingdom,16,2,1345.53,5,2,4,524,1,Regular,Low
12426.0,2,584.0,1345.21,17.47,0.0043,35.16,2010-02-15 08:41:00,2011-05-29 12:26:00,468,468.0,Germany,195,2,1345.21,2,2,4,224,1,Regular,Very High
14550.0,4,771.0,1345.06,13.87,0.0085,55.76,2010-08-13 12:05:00,2011-11-29 12:12:00,473,157.67,United Kingdom,11,4,1345.06,5,3,4,534,1,Regular,Low
12463.0,4,776.0,1344.78,16.2,0.0213,64.87,2011-04-12 12:47:00,2011-10-17 13:44:00,188,62.67,Belgium,53,4,1344.78,4,3,4,434,1,Regular,Medium
15154.0,3,333.0,1343.72,7.77,0.0074,23.17,2010-08-18 17:41:00,2011-09-25 16:05:00,403,201.5,United Kingdom,75,3,1343.72,3,3,4,334,1,Regular,Medium
14618.0,7,704.0,1342.32,26.32,0.013,183.74,2010-06-11 10:11:00,2011-11-30 13:45:00,537,89.5,United Kingdom,9,7,1342.32,5,4,4,544,1,Regular,Low
18085.0,4,507.0,1341.85,21.64,0.0134,86.41,2010-03-21 11:57:00,2011-01-13 15:17:00,298,99.33,United Kingdom,330,4,1341.85,2,3,4,234,0,Lost,Very High
13743.0,7,1776.0,1341.6,32.72,0.0272,228.73,2011-03-25 14:46:00,2011-12-07 10:09:00,257,42.83,United Kingdom,3,7,1341.6,5,4,4,544,1,Regular,Low
17499.0,2,1086.0,1341.39,18.89,0.0074,38.02,2010-05-27 09:59:00,2011-02-23 09:14:00,272,272.0,United Kingdom,290,2,1341.39,2,2,4,224,0,Lost,Very High
17951.0,4,780.0,1340.58,47.88,0.011,192.24,2010-10-31 15:15:00,2011-10-31 12:30:00,365,121.67,United Kingdom,40,4,1340.58,4,3,4,434,1,Regular,Medium
12620.0,3,1181.0,1339.41,14.56,0.0158,43.71,2011-05-19 12:10:00,2011-11-25 10:20:00,190,95.0,France,15,3,1339.41,5,3,4,534,1,Regular,Low
12711.0,2,770.0,1339.05,22.32,0.0308,44.68,2010-02-01 11:30:00,2010-04-07 11:59:00,65,65.0,Germany,612,2,1339.05,1,2,4,124,0,Lost,Very High
12591.0,3,653.0,1338.95,19.69,0.033,59.13,2010-10-27 10:42:00,2011-01-26 14:35:00,91,45.5,Italy,317,3,1338.95,2,3,4,234,0,Lost,Very High
13803.0,3,831.0,1338.91,17.17,0.0083,51.73,2010-03-31 10:00:00,2011-03-29 12:57:00,363,181.5,United Kingdom,255,3,1338.91,2,3,4,234,1,Regular,Very High
13506.0,5,942.0,1338.08,16.52,0.0347,82.55,2010-09-05 12:33:00,2011-01-27 13:53:00,144,36.0,United Kingdom,316,5,1338.08,2,4,4,244,0,Lost,Very High
13220.0,5,396.0,1336.09,25.21,0.0101,126.55,2010-05-13 10:35:00,2011-09-22 13:38:00,497,124.25,United Kingdom,78,5,1336.09,3,4,4,344,1,Regular,Medium
12919.0,6,673.0,1335.19,26.7,0.0373,160.34,2011-06-23 09:22:00,2011-12-01 13:47:00,161,32.2,United Kingdom,8,6,1335.19,5,4,4,544,1,Regular,Low
17033.0,4,871.0,1332.79,33.32,0.0129,133.68,2010-11-07 12:55:00,2011-09-14 14:34:00,311,103.67,United Kingdom,86,4,1332.79,3,3,4,334,1,Regular,Medium
17932.0,3,789.0,1331.57,14.8,0.0165,44.44,2011-05-12 13:58:00,2011-11-10 19:49:00,182,91.0,United Kingdom,29,3,1331.57,4,3,4,434,1,Regular,Low
14899.0,1,570.0,1331.38,10.32,,,2010-11-09 15:20:00,2010-11-09 15:20:00,0,,United Kingdom,395,1,1331.38,2,1,4,214,0,Lost,Very High
16295.0,4,841.0,1328.55,16.82,0.0727,67.25,2011-10-06 10:45:00,2011-11-30 08:17:00,55,18.33,United Kingdom,10,4,1328.55,5,3,4,534,1,Regular,Low
13232.0,7,773.0,1328.35,6.58,0.0303,46.06,2011-04-10 13:48:00,2011-11-27 10:39:00,231,38.5,United Kingdom,13,7,1328.35,5,4,4,544,1,Regular,Low
14712.0,4,411.0,1328.07,41.5,0.0103,166.28,2010-10-17 14:49:00,2011-11-10 12:59:00,389,129.67,United Kingdom,29,4,1328.07,4,3,4,434,1,Regular,Low
15146.0,2,1473.0,1327.16,14.58,0.0157,29.07,2011-02-21 13:07:00,2011-06-28 12:09:00,127,127.0,United Kingdom,165,2,1327.16,3,2,4,324,1,Regular,High
14956.0,1,2500.0,1325.0,331.25,,,2010-10-14 16:40:00,2010-10-14 16:40:00,0,,United Kingdom,421,1,1325.0,1,1,4,114,0,Lost,Very High
12960.0,4,1379.0,1322.07,18.89,0.0161,75.42,2010-02-16 13:32:00,2010-10-22 09:31:00,248,82.67,United Kingdom,414,4,1322.07,1,3,4,134,0,Lost,Very High
14591.0,4,1228.0,1320.21,7.5,0.0202,30.0,2011-05-10 14:09:00,2011-11-24 13:57:00,198,66.0,United Kingdom,15,4,1320.21,5,3,4,534,1,Regular,Low
12526.0,3,632.0,1316.66,18.54,0.0319,55.59,2011-09-06 14:19:00,2011-12-09 12:09:00,94,47.0,Germany,1,3,1316.66,5,3,4,534,1,Regular,Low
14921.0,2,953.0,1316.07,16.87,0.0117,33.75,2011-05-22 12:51:00,2011-11-09 13:17:00,171,171.0,United Kingdom,30,2,1316.07,4,2,4,424,1,Regular,Low
14511.0,5,784.0,1314.81,19.34,0.041,96.74,2011-07-29 12:13:00,2011-11-28 17:05:00,122,30.5,United Kingdom,11,5,1314.81,5,4,4,544,1,Regular,Low
14973.0,3,369.0,1314.45,41.08,0.0254,123.12,2011-04-28 12:22:00,2011-08-24 15:51:00,118,59.0,United Kingdom,107,3,1314.45,3,3,4,334,1,Regular,High
16296.0,4,645.0,1313.67,17.75,0.0421,70.99,2009-12-18 12:03:00,2010-03-23 13:11:00,95,31.67,United Kingdom,626,4,1313.67,1,3,4,134,0,Lost,Very High
13282.0,4,410.0,1313.19,25.75,0.0103,102.91,2010-10-29 14:11:00,2011-11-21 15:33:00,388,129.33,United Kingdom,18,4,1313.19,5,3,4,534,1,Regular,Low
12364.0,4,1506.0,1313.1,15.45,0.0381,61.81,2011-08-19 15:24:00,2011-12-02 10:22:00,105,35.0,Belgium,8,4,1313.1,5,3,4,534,1,Regular,Low
16756.0,7,707.0,1312.37,16.61,0.0164,116.04,2010-03-09 15:56:00,2011-05-09 09:33:00,426,71.0,United Kingdom,215,7,1312.37,2,4,4,244,1,Regular,Very High
12639.0,3,631.0,1312.37,20.51,0.0077,61.43,2010-03-22 09:05:00,2011-04-15 12:48:00,389,194.5,Sweden,239,3,1312.37,2,3,4,234,1,Regular,Very High
12987.0,5,585.0,1312.21,19.88,0.0081,99.03,2010-01-20 09:57:00,2011-09-27 12:03:00,615,153.75,United Kingdom,74,5,1312.21,3,4,4,344,1,Regular,Medium
17027.0,9,645.0,1310.63,7.36,0.0138,66.12,2009-12-10 12:10:00,2011-09-22 12:24:00,651,81.38,United Kingdom,79,9,1310.63,3,5,4,354,1,Regular,Medium
13855.0,4,575.0,1310.34,17.95,0.0173,71.73,2009-12-08 16:56:00,2010-07-27 09:53:00,231,77.0,United Kingdom,501,4,1310.34,1,3,4,134,0,Lost,Very High
12717.0,3,600.0,1308.91,18.44,0.0068,55.05,2010-04-28 14:34:00,2011-07-11 14:47:00,439,219.5,Greece,151,3,1308.91,3,3,4,334,1,Regular,High
13328.0,1,680.0,1308.48,76.97,,,2011-01-27 15:22:00,2011-01-27 15:22:00,0,,United Kingdom,316,1,1308.48,2,1,4,214,0,Lost,Very High
16377.0,2,2928.0,1308.48,130.85,0.0057,261.05,2010-04-01 10:36:00,2011-03-17 15:41:00,350,350.0,United Kingdom,267,2,1308.48,2,2,4,224,0,Lost,Very High
13846.0,4,705.0,1307.79,16.15,0.0107,64.8,2010-11-05 09:47:00,2011-11-15 12:07:00,375,125.0,United Kingdom,25,4,1307.79,4,3,4,434,1,Regular,Low
16282.0,3,790.0,1307.58,39.62,0.0079,118.63,2009-12-21 11:52:00,2011-01-04 11:42:00,379,189.5,United Kingdom,340,3,1307.58,2,3,4,234,0,Lost,Very High
16894.0,3,503.0,1306.96,6.99,0.0909,20.97,2010-06-22 14:21:00,2010-07-25 15:43:00,33,16.5,United Kingdom,502,3,1306.96,1,3,4,134,0,Lost,Very High
15677.0,3,675.0,1305.63,18.13,0.0072,54.04,2010-09-02 12:08:00,2011-10-21 15:36:00,414,207.0,United Kingdom,49,3,1305.63,4,3,4,434,1,Regular,Medium
14297.0,4,865.0,1305.33,21.05,0.0156,84.39,2011-03-10 08:31:00,2011-11-22 09:06:00,257,85.67,United Kingdom,18,4,1305.33,5,3,4,534,1,Regular,Low
15813.0,2,603.0,1303.91,32.6,0.0625,65.2,2011-04-14 09:09:00,2011-05-16 08:13:00,32,32.0,United Kingdom,208,2,1303.91,2,2,4,224,1,Regular,Very High
15400.0,8,662.0,1302.3,48.23,0.0171,385.98,2010-05-28 08:33:00,2011-09-08 13:57:00,468,66.86,United Kingdom,92,8,1302.3,3,5,4,354,1,Regular,High
16370.0,4,640.0,1301.91,5.89,0.028,23.58,2011-04-28 16:40:00,2011-09-18 15:55:00,143,47.67,United Kingdom,82,4,1301.91,3,3,4,334,1,Regular,Medium
16574.0,3,1002.0,1301.78,15.14,0.0051,45.32,2010-02-19 11:46:00,2011-09-29 13:39:00,587,293.5,United Kingdom,71,3,1301.78,3,3,4,334,1,Regular,Medium
15108.0,4,499.0,1300.25,21.67,0.0465,86.66,2011-04-26 10:54:00,2011-07-21 10:24:00,86,28.67,European Community,142,4,1300.25,3,3,4,334,1,Regular,High
14284.0,3,510.0,1299.65,19.4,0.0048,58.01,2010-02-24 12:06:00,2011-11-09 08:11:00,623,311.5,United Kingdom,31,3,1299.65,4,3,4,434,1,Regular,Medium
14480.0,4,670.0,1299.52,19.99,0.0057,80.56,2009-12-21 16:32:00,2011-11-28 16:35:00,707,235.67,United Kingdom,11,4,1299.52,5,3,4,534,1,Regular,Low
16943.0,5,147.0,1299.49,37.13,0.0121,185.55,2010-03-25 13:34:00,2011-05-12 11:57:00,413,103.25,United Kingdom,212,5,1299.49,2,4,4,244,1,Regular,Very High
16464.0,3,952.0,1298.66,5.65,0.0244,16.96,2011-07-20 13:53:00,2011-11-20 12:11:00,123,61.5,United Kingdom,20,3,1298.66,4,3,4,434,1,Regular,Low
12488.0,3,529.0,1298.66,23.61,0.0455,70.9,2011-09-25 10:34:00,2011-11-30 08:50:00,66,33.0,France,10,3,1298.66,5,3,4,534,1,Regular,Low
12372.0,3,794.0,1298.04,24.96,0.0133,74.69,2011-02-16 12:46:00,2011-09-29 12:12:00,225,112.5,Denmark,72,3,1298.04,3,3,4,334,1,Regular,Medium
18286.0,2,608.0,1296.43,19.35,0.0081,38.71,2009-12-16 10:45:00,2010-08-20 11:57:00,247,247.0,United Kingdom,477,2,1296.43,1,2,4,124,0,Lost,Very High
16929.0,7,929.0,1295.39,16.82,0.0461,117.86,2011-07-07 12:39:00,2011-12-06 08:37:00,152,25.33,United Kingdom,4,7,1295.39,5,4,4,544,1,Regular,Low
13440.0,7,573.0,1295.25,21.95,0.25,153.65,2010-09-14 10:34:00,2010-10-12 13:11:00,28,4.67,United Kingdom,423,7,1295.25,1,4,4,144,0,Lost,Very High
16212.0,4,571.0,1293.71,16.59,0.0061,65.88,2010-02-07 15:26:00,2011-11-20 13:00:00,651,217.0,United Kingdom,19,4,1293.71,5,3,4,534,1,Regular,Low
15621.0,4,501.0,1293.03,80.81,0.2353,323.25,2011-11-18 11:49:00,2011-12-05 14:01:00,17,5.67,United Kingdom,4,4,1293.03,5,3,4,534,1,Regular,Low
16777.0,5,470.0,1292.18,9.1,0.0091,45.71,2010-03-17 12:42:00,2011-09-20 13:41:00,552,138.0,United Kingdom,80,5,1292.18,3,4,4,344,1,Regular,Medium
15471.0,3,670.0,1292.01,8.34,0.0055,25.14,2010-06-07 12:17:00,2011-12-07 14:12:00,548,274.0,United Kingdom,2,3,1292.01,5,3,4,534,1,Regular,Low
16744.0,7,798.0,1291.91,5.47,0.0432,38.28,2011-06-19 15:13:00,2011-11-28 13:06:00,162,27.0,United Kingdom,11,7,1291.91,5,4,4,544,1,Regular,Low
17109.0,8,788.0,1291.71,9.29,0.0171,74.35,2010-07-30 12:42:00,2011-11-10 16:59:00,468,66.86,United Kingdom,29,8,1291.71,4,5,4,454,1,Regular,Low
14619.0,2,594.0,1291.24,21.52,0.0068,43.32,2010-06-16 14:41:00,2011-04-08 07:37:00,296,296.0,United Kingdom,246,2,1291.24,2,2,4,224,1,Regular,Very High
14856.0,3,711.0,1290.53,19.85,0.15,59.55,2011-10-14 09:35:00,2011-11-03 14:53:00,20,10.0,United Kingdom,36,3,1290.53,4,3,4,434,1,Regular,Medium
16372.0,5,722.0,1290.31,4.1,0.0087,20.47,2010-04-11 15:20:00,2011-11-06 13:08:00,574,143.5,United Kingdom,33,5,1290.31,4,4,4,444,1,Regular,Medium
15171.0,1,290.0,1289.5,257.9,,,2011-01-12 15:36:00,2011-01-12 15:36:00,0,,United Kingdom,331,1,1289.5,2,1,4,214,0,Lost,Very High
14679.0,3,794.0,1289.44,20.47,0.0086,61.61,2009-12-08 17:13:00,2010-11-23 11:51:00,350,175.0,United Kingdom,382,3,1289.44,2,3,4,234,0,Lost,Very High
15774.0,6,465.0,1288.34,11.71,0.0102,70.23,2010-02-21 12:57:00,2011-10-02 12:04:00,588,117.6,United Kingdom,69,6,1288.34,3,4,4,344,1,Regular,Medium
15136.0,4,776.0,1286.7,18.92,0.0426,75.76,2011-09-04 16:05:00,2011-12-07 12:26:00,94,31.33,United Kingdom,3,4,1286.7,5,3,4,534,1,Regular,Low
16608.0,2,612.0,1286.62,10.63,0.0095,21.21,2010-02-14 11:57:00,2010-09-12 11:44:00,210,210.0,United Kingdom,454,2,1286.62,1,2,4,124,0,Lost,Very High
16949.0,6,791.0,1286.27,21.44,0.0192,128.85,2011-01-27 12:11:00,2011-12-06 11:07:00,313,62.6,United Kingdom,4,6,1286.27,5,4,4,544,1,Regular,Low
13300.0,3,455.0,1285.51,23.37,0.0074,70.04,2010-05-14 15:56:00,2011-06-23 13:09:00,405,202.5,United Kingdom,169,3,1285.51,3,3,4,334,1,Regular,High
13617.0,8,593.0,1278.75,11.95,0.0176,95.7,2010-08-01 15:23:00,2011-10-30 13:50:00,455,65.0,United Kingdom,40,8,1278.75,4,5,4,454,1,Regular,Medium
17521.0,5,806.0,1278.06,16.39,0.0123,81.65,2010-10-01 11:49:00,2011-11-10 11:22:00,405,101.25,United Kingdom,30,5,1278.06,4,4,4,444,1,Regular,Low
16951.0,3,1318.0,1277.75,14.86,0.0176,44.46,2011-02-08 14:58:00,2011-07-28 12:05:00,170,85.0,United Kingdom,135,3,1277.75,3,3,4,334,1,Regular,High
14478.0,4,1226.0,1276.66,18.77,0.0112,74.84,2009-12-01 13:20:00,2010-11-22 15:29:00,356,118.67,United Kingdom,382,4,1276.66,2,3,4,234,0,Lost,Very High
17034.0,5,694.0,1276.42,22.01,0.0101,110.48,2010-07-14 12:55:00,2011-11-23 15:14:00,497,124.25,United Kingdom,16,5,1276.42,5,4,4,544,1,Regular,Low
13916.0,4,673.0,1275.81,17.24,0.0189,69.08,2010-02-02 10:06:00,2010-09-02 10:04:00,212,70.67,United Kingdom,464,4,1275.81,1,3,4,134,0,Lost,Very High
17142.0,4,322.0,1275.25,14.33,0.009,57.39,2010-01-24 15:23:00,2011-04-14 18:22:00,445,148.33,United Kingdom,239,4,1275.25,2,3,4,234,1,Regular,Very High
14820.0,9,724.0,1274.76,19.92,0.0137,179.03,2010-01-31 12:49:00,2011-11-18 15:41:00,656,82.0,United Kingdom,21,9,1274.76,4,5,4,454,1,Regular,Low
15809.0,7,700.0,1274.44,21.97,0.014,153.48,2010-06-22 14:23:00,2011-11-03 16:40:00,499,83.17,United Kingdom,36,7,1274.44,4,4,4,444,1,Regular,Medium
14167.0,8,340.0,1274.29,11.08,0.0125,88.92,2010-01-27 16:07:00,2011-10-31 14:29:00,642,91.71,United Kingdom,39,8,1274.29,4,5,4,454,1,Regular,Medium
13138.0,7,593.0,1274.01,14.99,0.0187,104.84,2010-11-08 11:45:00,2011-11-17 16:51:00,374,62.33,United Kingdom,22,7,1274.01,4,4,4,444,1,Regular,Low
14490.0,2,933.0,1273.47,15.92,0.0909,31.84,2010-10-07 11:36:00,2010-10-29 15:04:00,22,22.0,United Kingdom,406,2,1273.47,2,2,4,224,0,Lost,Very High
13443.0,6,805.0,1273.16,6.37,0.0262,38.22,2010-01-31 13:30:00,2010-09-17 12:31:00,229,45.8,United Kingdom,449,6,1273.16,1,4,4,144,0,Lost,Very High
17478.0,2,516.0,1272.8,31.82,0.0089,63.72,2010-03-16 14:19:00,2010-10-27 15:01:00,225,225.0,United Kingdom,408,2,1272.8,2,2,4,224,0,Lost,Very High
12394.0,2,819.0,1272.48,47.13,0.013,94.35,2011-05-06 14:01:00,2011-10-07 08:08:00,154,154.0,Belgium,64,2,1272.48,3,2,4,324,1,Regular,Medium
17341.0,5,831.0,1272.21,5.81,0.013,29.0,2010-06-17 18:17:00,2011-07-06 12:33:00,384,96.0,United Kingdom,157,5,1272.21,3,4,4,344,1,Regular,High
16222.0,2,463.0,1272.05,8.77,0.005,17.67,2009-12-18 14:31:00,2011-01-25 13:38:00,403,403.0,United Kingdom,318,2,1272.05,2,2,4,224,0,Lost,Very High
12630.0,2,548.0,1270.88,19.86,0.0588,39.7,2011-10-27 10:41:00,2011-11-30 10:48:00,34,34.0,Finland,10,2,1270.88,5,2,4,524,1,Regular,Low
13492.0,3,408.0,1269.84,25.4,0.0385,76.28,2011-05-09 10:06:00,2011-07-26 14:25:00,78,39.0,Switzerland,136,3,1269.84,3,3,4,334,1,Regular,High
15439.0,4,572.0,1269.05,22.26,0.0161,89.24,2010-02-24 12:05:00,2010-10-31 10:38:00,249,83.0,United Kingdom,405,4,1269.05,2,3,4,234,0,Lost,Very High
15584.0,6,483.0,1268.2,5.76,0.0093,34.66,2010-02-07 12:16:00,2011-11-16 10:55:00,647,129.4,United Kingdom,24,6,1268.2,4,4,4,444,1,Regular,Low
13892.0,6,3125.0,1267.65,35.21,0.0109,210.7,2010-05-13 10:32:00,2011-11-13 11:50:00,549,109.8,United Kingdom,27,6,1267.65,4,4,4,444,1,Regular,Low
17037.0,1,656.0,1267.32,16.9,,,2011-09-13 12:49:00,2011-09-13 12:49:00,0,,United Kingdom,88,1,1267.32,3,1,4,314,1,Regular,Medium
17531.0,3,472.0,1266.82,21.84,0.007,65.43,2010-03-31 12:57:00,2011-06-02 19:17:00,428,214.0,United Kingdom,190,3,1266.82,2,3,4,234,1,Regular,Very High
14487.0,7,761.0,1266.27,7.54,0.0198,52.7,2010-11-25 13:36:00,2011-11-13 12:17:00,353,58.83,United Kingdom,27,7,1266.27,4,4,4,444,1,Regular,Low
13515.0,6,819.0,1265.82,16.66,0.0105,100.06,2010-03-05 11:58:00,2011-09-28 11:26:00,572,114.4,United Kingdom,73,6,1265.82,3,4,4,344,1,Regular,Medium
17635.0,3,770.0,1265.58,17.1,0.0181,51.38,2010-04-28 10:51:00,2010-10-11 15:12:00,166,83.0,United Kingdom,424,3,1265.58,1,3,4,134,0,Lost,Very High
14379.0,4,712.0,1265.16,9.88,0.0092,39.63,2010-08-16 15:31:00,2011-10-26 16:43:00,436,145.33,United Kingdom,44,4,1265.16,4,3,4,434,1,Regular,Medium
16842.0,3,693.0,1264.19,20.07,0.0149,60.41,2011-02-10 14:51:00,2011-08-31 10:42:00,202,101.0,United Kingdom,101,3,1264.19,3,3,4,334,1,Regular,High
14427.0,4,538.0,1263.52,28.72,0.0069,115.14,2010-03-18 09:49:00,2011-10-20 14:23:00,581,193.67,United Kingdom,50,4,1263.52,4,3,4,434,1,Regular,Medium
17759.0,5,965.0,1261.88,9.49,0.0088,47.27,2010-05-05 11:40:00,2011-11-22 16:02:00,566,141.5,United Kingdom,17,5,1261.88,5,4,4,544,1,Regular,Low
16688.0,4,804.0,1260.86,20.34,0.0678,81.36,2011-10-10 12:23:00,2011-12-08 15:24:00,59,19.67,United Kingdom,1,4,1260.86,5,3,4,534,1,Regular,Low
14984.0,6,348.0,1260.51,23.34,0.0088,139.26,2010-01-11 13:22:00,2011-11-20 14:28:00,678,135.6,United Kingdom,19,6,1260.51,5,4,4,544,1,Regular,Low
18035.0,5,1134.0,1260.23,22.11,0.0143,110.66,2010-11-19 13:42:00,2011-11-04 12:39:00,350,87.5,United Kingdom,36,5,1260.23,4,4,4,444,1,Regular,Medium
17343.0,6,454.0,1259.94,15.75,0.0157,94.21,2009-12-03 18:30:00,2010-12-19 15:07:00,381,76.2,United Kingdom,355,6,1259.94,2,4,4,244,0,Lost,Very High
12993.0,8,751.0,1259.63,16.57,0.0126,132.79,2010-02-18 10:35:00,2011-11-16 15:49:00,636,90.86,United Kingdom,23,8,1259.63,4,5,4,454,1,Regular,Low
13689.0,2,722.0,1259.5,139.94,0.0052,277.25,2010-09-21 10:27:00,2011-10-07 13:21:00,381,381.0,United Kingdom,63,2,1259.5,3,2,4,324,1,Regular,Medium
15009.0,3,639.0,1259.43,7.0,0.2308,21.0,2011-11-14 17:40:00,2011-11-27 13:35:00,13,6.5,United Kingdom,12,3,1259.43,5,3,4,534,1,Regular,Low
15651.0,5,871.0,1259.06,20.98,0.0089,104.56,2010-04-22 13:26:00,2011-11-03 08:41:00,560,140.0,United Kingdom,37,5,1259.06,4,4,4,444,1,Regular,Medium
14474.0,2,448.0,1258.89,9.91,0.0038,20.07,2010-05-09 12:12:00,2011-10-24 13:26:00,533,533.0,United Kingdom,46,2,1258.89,4,2,4,424,1,Regular,Medium
14931.0,5,417.0,1257.68,30.68,0.0212,153.5,2011-04-13 09:32:00,2011-12-05 10:19:00,236,59.0,Channel Islands,5,5,1257.68,5,4,4,544,1,Regular,Low
12402.0,6,584.0,1256.9,17.96,0.0173,107.82,2010-02-07 12:41:00,2011-01-20 13:49:00,347,69.4,Belgium,323,6,1256.9,2,4,4,244,0,Lost,Very High
17481.0,4,1061.0,1255.59,15.31,0.0444,61.18,2011-09-07 09:57:00,2011-12-06 12:28:00,90,30.0,United Kingdom,4,4,1255.59,5,3,4,534,1,Regular,Low
17862.0,4,440.0,1254.89,12.68,0.0167,50.82,2010-05-25 17:22:00,2011-01-20 12:23:00,240,80.0,United Kingdom,324,4,1254.89,2,3,4,234,0,Lost,Very High
14419.0,7,552.0,1254.64,5.58,0.0188,39.02,2010-11-22 11:09:00,2011-11-29 11:22:00,372,62.0,United Kingdom,11,7,1254.64,5,4,4,544,1,Regular,Low
15064.0,4,810.0,1254.41,15.49,0.013,61.82,2009-12-22 16:17:00,2010-10-25 14:32:00,307,102.33,United Kingdom,410,4,1254.41,2,3,4,234,0,Lost,Very High
15441.0,3,587.0,1254.21,22.0,0.009,66.13,2009-12-09 14:55:00,2010-11-08 15:50:00,334,167.0,United Kingdom,396,3,1254.21,2,3,4,234,0,Lost,Very High
15664.0,4,530.0,1254.03,17.91,0.0067,71.88,2010-02-28 12:50:00,2011-10-20 10:57:00,599,199.67,United Kingdom,51,4,1254.03,4,3,4,434,1,Regular,Medium
16292.0,5,688.0,1253.76,20.22,0.0104,101.57,2010-04-14 13:29:00,2011-08-10 12:24:00,483,120.75,United Kingdom,122,5,1253.76,3,4,4,344,1,Regular,High
14725.0,4,1335.0,1252.74,12.53,0.0078,49.84,2010-06-23 11:34:00,2011-11-15 12:42:00,510,170.0,United Kingdom,25,4,1252.74,4,3,4,434,1,Regular,Low
15579.0,5,713.0,1250.63,7.77,0.0137,38.75,2010-10-03 14:37:00,2011-10-02 12:45:00,364,91.0,United Kingdom,69,5,1250.63,3,4,4,344,1,Regular,Medium
15599.0,3,1098.0,1250.06,15.06,0.0072,45.43,2010-09-20 10:15:00,2011-11-13 11:44:00,419,209.5,United Kingdom,27,3,1250.06,4,3,4,434,1,Regular,Low
18135.0,10,753.0,1249.62,33.77,0.0165,337.11,2010-03-15 13:55:00,2011-11-10 19:32:00,605,67.22,United Kingdom,29,10,1249.62,4,5,4,454,1,Regular,Low
14020.0,4,648.0,1249.01,17.35,0.0078,69.42,2010-06-28 15:29:00,2011-11-23 09:22:00,513,171.0,United Kingdom,17,4,1249.01,5,3,4,534,1,Regular,Low
12666.0,1,370.0,1248.42,40.27,,,2010-11-10 16:40:00,2010-11-10 16:40:00,0,,Israel,394,1,1248.42,2,1,4,214,0,Lost,Very High
14383.0,3,817.0,1247.69,21.15,0.024,63.45,2011-06-29 10:18:00,2011-11-01 15:53:00,125,62.5,United Kingdom,38,3,1247.69,4,3,4,434,1,Regular,Medium
12689.0,2,628.0,1247.61,17.33,0.0196,34.65,2011-08-04 10:04:00,2011-11-14 08:31:00,102,102.0,France,26,2,1247.61,4,2,4,424,1,Regular,Low
14240.0,3,655.0,1247.49,20.45,0.0076,61.08,2010-10-12 12:48:00,2011-11-09 13:45:00,393,196.5,United Kingdom,30,3,1247.49,4,3,4,434,1,Regular,Low
13860.0,5,591.0,1245.9,16.39,0.0588,81.92,2011-09-14 09:27:00,2011-12-08 12:57:00,85,21.25,United Kingdom,1,5,1245.9,5,4,4,544,1,Regular,Low
17076.0,6,514.0,1242.75,24.85,0.0086,149.38,2009-12-04 12:12:00,2011-11-03 17:53:00,699,139.8,United Kingdom,36,6,1242.75,4,4,4,444,1,Regular,Medium
17529.0,2,790.0,1240.25,15.13,0.023,30.28,2010-01-11 12:29:00,2010-04-08 17:51:00,87,87.0,United Kingdom,610,2,1240.25,1,2,4,124,0,Lost,Very High
13863.0,4,553.0,1239.55,17.71,0.0116,71.08,2010-04-25 13:09:00,2011-04-06 10:20:00,346,115.33,United Kingdom,248,4,1239.55,2,3,4,234,1,Regular,Very High
12985.0,2,1533.0,1239.38,16.31,0.0714,32.61,2011-11-11 12:44:00,2011-12-09 10:46:00,28,28.0,United Kingdom,1,2,1239.38,5,2,4,524,1,Regular,Low
17796.0,7,347.0,1236.39,6.09,0.0184,42.69,2010-10-14 13:37:00,2011-10-30 15:38:00,381,63.5,United Kingdom,40,7,1236.39,4,4,4,444,1,Regular,Medium
14231.0,4,610.0,1235.62,17.91,0.015,71.73,2010-09-15 09:52:00,2011-06-09 11:05:00,267,89.0,United Kingdom,184,4,1235.62,3,3,4,334,1,Regular,Very High
13201.0,4,1036.0,1233.06,14.34,0.0286,57.42,2010-03-07 11:01:00,2010-07-25 14:30:00,140,46.67,United Kingdom,502,4,1233.06,1,3,4,134,0,Lost,Very High
12605.0,4,929.0,1232.95,16.22,0.0488,64.91,2010-09-07 14:21:00,2010-11-28 14:18:00,82,27.33,Germany,376,4,1232.95,2,3,4,234,0,Lost,Very High
16527.0,2,708.0,1232.94,16.89,0.0058,33.6,2010-10-11 13:25:00,2011-09-19 16:21:00,343,343.0,United Kingdom,81,2,1232.94,3,2,4,324,1,Regular,Medium
16159.0,4,635.0,1232.79,23.71,0.0088,94.93,2009-12-03 11:51:00,2011-03-03 12:27:00,455,151.67,United Kingdom,282,4,1232.79,2,3,4,234,0,Lost,Very High
18080.0,2,642.0,1231.5,615.75,0.0089,1227.56,2011-04-11 10:10:00,2011-11-21 08:02:00,224,224.0,United Kingdom,19,2,1231.5,5,2,4,524,1,Regular,Low
16723.0,4,958.0,1231.36,9.93,0.0062,39.65,2009-12-04 13:23:00,2011-09-09 13:01:00,644,214.67,United Kingdom,91,4,1231.36,3,3,4,334,1,Regular,High
14821.0,7,459.0,1230.15,17.83,0.0226,124.92,2010-02-01 13:33:00,2010-12-08 08:43:00,310,51.67,United Kingdom,367,7,1230.15,2,4,4,244,0,Lost,Very High
12673.0,3,700.0,1230.02,16.62,0.0076,50.02,2010-11-03 10:46:00,2011-12-04 13:55:00,396,198.0,Germany,5,3,1230.02,5,3,4,534,1,Regular,Low
13019.0,6,397.0,1229.95,22.36,0.0169,133.77,2009-12-06 15:40:00,2010-11-25 14:56:00,354,70.8,United Kingdom,379,6,1229.95,2,4,4,244,0,Lost,Very High
14871.0,9,446.0,1228.17,6.33,0.0122,56.76,2009-12-01 11:57:00,2011-12-06 13:42:00,735,91.88,United Kingdom,3,9,1228.17,5,5,4,554,1,Regular,Low
17342.0,4,521.0,1227.54,35.07,0.0138,140.35,2010-02-08 09:16:00,2010-11-25 11:07:00,290,96.67,United Kingdom,380,4,1227.54,2,3,4,234,0,Lost,Very High
12866.0,3,553.0,1227.35,19.48,0.0137,58.45,2010-07-25 11:37:00,2011-03-01 14:11:00,219,109.5,Belgium,283,3,1227.35,2,3,4,234,0,Lost,Very High
15800.0,7,575.0,1227.07,5.29,0.0137,37.03,2010-03-31 13:17:00,2011-08-24 14:23:00,511,85.17,United Kingdom,107,7,1227.07,3,4,4,344,1,Regular,High
13402.0,4,917.0,1226.85,15.53,0.0092,62.44,2010-05-24 10:56:00,2011-08-04 15:51:00,437,145.67,United Kingdom,127,4,1226.85,3,3,4,334,1,Regular,High
15269.0,3,372.0,1225.36,35.01,0.0082,105.36,2010-11-14 12:58:00,2011-11-16 09:32:00,367,183.5,United Kingdom,24,3,1225.36,4,3,4,434,1,Regular,Low
15303.0,3,514.0,1224.18,17.74,0.0076,52.99,2010-01-25 09:42:00,2011-02-22 13:59:00,393,196.5,United Kingdom,290,3,1224.18,2,3,4,234,0,Lost,Very High
14428.0,5,428.0,1224.06,8.93,0.0157,44.58,2011-01-18 16:39:00,2011-12-02 13:17:00,318,79.5,United Kingdom,7,5,1224.06,5,4,4,544,1,Regular,Low
13787.0,6,998.0,1222.5,14.22,0.0097,85.38,2010-01-14 10:13:00,2011-09-25 12:06:00,619,123.8,United Kingdom,76,6,1222.5,3,4,4,344,1,Regular,Medium
16946.0,5,509.0,1222.04,16.29,0.0189,81.28,2010-03-02 10:49:00,2010-11-21 14:06:00,264,66.0,United Kingdom,383,5,1222.04,2,4,4,244,0,Lost,Very High
15376.0,3,615.0,1221.56,10.53,0.0165,31.62,2011-05-01 13:45:00,2011-10-30 15:04:00,182,91.0,United Kingdom,40,3,1221.56,4,3,4,434,1,Regular,Medium
17132.0,2,963.0,1220.91,17.2,0.0556,34.43,2010-08-08 13:49:00,2010-09-13 16:31:00,36,36.0,United Kingdom,452,2,1220.91,1,2,4,124,0,Lost,Very High
14430.0,3,446.0,1220.9,34.88,0.0313,104.81,2010-04-11 15:59:00,2010-07-16 11:35:00,96,48.0,United Kingdom,512,3,1220.9,1,3,3,133,0,Lost,Very High
15004.0,1,623.0,1220.77,7.93,,,2011-07-15 14:05:00,2011-07-15 14:05:00,0,,United Kingdom,147,1,1220.77,3,1,3,313,1,Regular,High
13243.0,5,554.0,1220.38,5.95,0.0117,29.8,2010-03-18 13:10:00,2011-05-20 13:14:00,428,107.0,United Kingdom,203,5,1220.38,2,4,3,243,1,Regular,Very High
13299.0,3,416.0,1218.7,19.66,0.0115,58.78,2010-06-29 11:30:00,2011-03-16 12:55:00,260,130.0,United Kingdom,268,3,1218.7,2,3,3,233,0,Lost,Very High
13304.0,4,716.0,1217.99,15.62,0.0126,62.59,2010-02-08 12:42:00,2010-12-23 14:35:00,318,106.0,United Kingdom,351,4,1217.99,2,3,3,233,0,Lost,Very High
14698.0,5,602.0,1217.27,6.09,0.1,30.45,2011-10-19 12:54:00,2011-12-08 12:26:00,50,12.5,United Kingdom,2,5,1217.27,5,4,3,543,1,Regular,Low
15390.0,2,894.0,1216.66,15.8,0.1538,31.59,2010-10-26 17:23:00,2010-11-08 15:19:00,13,13.0,Canada,396,2,1216.66,2,2,3,223,0,Lost,Very High
14512.0,7,736.0,1215.97,15.39,0.0128,107.36,2009-12-07 13:49:00,2011-06-05 12:39:00,545,90.83,United Kingdom,188,7,1215.97,3,4,3,343,1,Regular,Very High
15661.0,8,779.0,1215.95,27.64,0.0307,221.47,2010-05-10 07:59:00,2011-01-26 13:56:00,261,37.29,United Kingdom,317,8,1215.95,2,5,3,253,0,Lost,Very High
17410.0,5,616.0,1214.72,18.98,0.0251,94.8,2011-05-08 15:21:00,2011-11-23 15:46:00,199,49.75,United Kingdom,16,5,1214.72,5,4,3,543,1,Regular,Low
13405.0,6,855.0,1213.81,28.23,0.0092,168.82,2009-12-15 14:13:00,2011-09-26 17:01:00,650,130.0,United Kingdom,74,6,1213.81,3,4,3,343,1,Regular,Medium
18263.0,3,1468.0,1213.16,19.89,0.0132,59.6,2011-04-01 11:48:00,2011-11-14 09:00:00,227,113.5,United Kingdom,26,3,1213.16,4,3,3,433,1,Regular,Low
16872.0,6,1079.0,1213.13,67.4,0.0155,403.25,2010-09-02 17:36:00,2011-09-23 16:05:00,386,77.2,United Kingdom,77,6,1213.13,3,4,3,343,1,Regular,Medium
13918.0,2,1140.0,1212.84,40.43,0.0098,80.83,2011-03-31 18:05:00,2011-10-21 12:25:00,204,204.0,United Kingdom,50,2,1212.84,4,2,3,423,1,Regular,Medium
16653.0,2,733.0,1212.66,17.57,0.0364,35.18,2011-09-29 13:38:00,2011-11-23 14:51:00,55,55.0,United Kingdom,16,2,1212.66,5,2,3,523,1,Regular,Low
12464.0,8,112.0,1212.05,41.79,0.0268,334.87,2011-02-03 13:30:00,2011-11-29 13:33:00,299,42.71,Belgium,10,8,1212.05,5,5,3,553,1,Regular,Low
15377.0,4,253.0,1211.75,57.7,0.1212,230.78,2010-10-20 11:42:00,2010-11-22 08:55:00,33,11.0,United Kingdom,383,4,1211.75,2,3,3,233,0,Lost,Very High
14193.0,3,653.0,1210.19,18.91,0.0091,56.61,2010-11-08 12:31:00,2011-10-03 09:34:00,329,164.5,United Kingdom,68,3,1210.19,3,3,3,333,1,Regular,Medium
17653.0,4,1409.0,1207.56,27.44,0.0476,109.72,2011-08-11 15:24:00,2011-11-03 12:46:00,84,28.0,United Kingdom,37,4,1207.56,4,3,3,433,1,Regular,Medium
16830.0,4,699.0,1207.5,16.1,0.0058,64.25,2009-12-13 12:11:00,2011-11-01 11:35:00,688,229.33,United Kingdom,39,4,1207.5,4,3,3,433,1,Regular,Medium
18193.0,3,926.0,1207.35,17.25,0.0108,51.61,2010-09-23 13:33:00,2011-06-27 13:58:00,277,138.5,United Kingdom,165,3,1207.35,3,3,3,333,1,Regular,High
16762.0,3,480.0,1207.24,19.16,0.024,57.48,2011-07-18 12:52:00,2011-11-20 11:43:00,125,62.5,United Kingdom,20,3,1207.24,4,3,3,433,1,Regular,Low
12742.0,1,1359.0,1201.52,17.93,,,2010-03-24 12:43:00,2010-03-24 12:43:00,0,,United Arab Emirates,626,1,1201.52,1,1,3,113,0,Lost,Very High
17360.0,6,624.0,1200.51,5.24,0.0144,31.47,2010-10-01 12:07:00,2011-11-22 13:11:00,417,83.4,United Kingdom,17,6,1200.51,5,4,3,543,1,Regular,Low
14446.0,5,1091.0,1200.28,3.76,0.013,18.87,2010-11-18 12:08:00,2011-12-09 11:34:00,386,96.5,United Kingdom,1,5,1200.28,5,4,3,543,1,Regular,Low
15181.0,5,688.0,1200.2,60.01,0.0075,299.3,2009-12-08 19:02:00,2011-10-04 13:58:00,665,166.25,United Kingdom,66,5,1200.2,3,4,3,343,1,Regular,Medium
15600.0,4,657.0,1199.31,16.89,0.0242,67.44,2010-04-25 11:50:00,2010-10-07 14:30:00,165,55.0,United Kingdom,428,4,1199.31,1,3,3,133,0,Lost,Very High
17397.0,3,691.0,1198.28,8.94,0.0076,26.77,2010-10-19 13:20:00,2011-11-17 14:08:00,394,197.0,United Kingdom,22,3,1198.28,4,3,3,433,1,Regular,Low
17713.0,4,989.0,1198.09,15.76,0.0241,63.05,2010-06-09 09:33:00,2010-11-22 16:50:00,166,55.33,United Kingdom,382,4,1198.09,2,3,3,233,0,Lost,Very High
16307.0,3,1123.0,1194.92,15.93,0.0203,47.86,2010-05-11 14:40:00,2010-10-06 14:31:00,148,74.0,United Kingdom,429,3,1194.92,1,3,3,133,0,Lost,Very High
15145.0,4,756.0,1194.73,17.83,0.0164,71.35,2011-04-05 15:20:00,2011-12-05 17:21:00,244,81.33,United Kingdom,4,4,1194.73,5,3,3,533,1,Regular,Low
13723.0,6,593.0,1194.08,20.59,0.0152,123.31,2010-04-07 14:32:00,2011-05-06 17:04:00,394,78.8,United Kingdom,217,6,1194.08,2,4,3,243,1,Regular,Very High
14382.0,2,1667.0,1193.63,4.28,0.0055,8.57,2010-11-14 16:32:00,2011-11-13 16:18:00,364,364.0,United Kingdom,26,2,1193.63,4,2,3,423,1,Regular,Low
14201.0,10,806.0,1193.54,21.7,0.0189,216.55,2010-04-30 13:00:00,2011-10-10 13:27:00,528,58.67,United Kingdom,60,10,1193.54,3,5,3,353,1,Regular,Medium
12611.0,1,846.0,1193.32,18.36,,,2011-10-18 13:12:00,2011-10-18 13:12:00,0,,Italy,52,1,1193.32,4,1,3,413,1,Regular,Medium
13293.0,6,555.0,1192.94,16.57,0.0217,99.24,2010-02-09 12:05:00,2010-11-12 13:28:00,276,55.2,United Kingdom,392,6,1192.94,2,4,3,243,0,Lost,Very High
13976.0,4,452.0,1192.36,21.29,0.0087,85.57,2010-02-09 13:08:00,2011-05-17 09:13:00,462,154.0,United Kingdom,207,4,1192.36,2,3,3,233,1,Regular,Very High
14213.0,1,244.0,1192.2,238.44,,,2010-10-31 10:37:00,2010-10-31 10:37:00,0,,United Kingdom,405,1,1192.2,2,1,3,213,0,Lost,Very High
16501.0,1,628.0,1191.23,5.99,,,2010-11-21 14:10:00,2010-11-21 14:10:00,0,,United Kingdom,383,1,1191.23,2,1,3,213,0,Lost,Very High
13882.0,5,953.0,1191.13,18.33,0.0806,91.6,2011-10-06 15:28:00,2011-12-07 11:16:00,62,15.5,United Kingdom,3,5,1191.13,5,4,3,543,1,Regular,Low
16471.0,4,670.0,1189.98,19.19,0.0106,76.89,2010-02-25 10:07:00,2011-03-10 09:41:00,378,126.0,United Kingdom,275,4,1189.98,2,3,3,233,0,Lost,Very High
12462.0,2,536.0,1189.59,19.19,0.007,38.28,2011-02-09 14:44:00,2011-11-21 09:11:00,285,285.0,Spain,19,2,1189.59,5,2,3,523,1,Regular,Low
17239.0,4,515.0,1189.45,37.17,0.0187,148.75,2010-07-01 10:53:00,2011-01-31 09:41:00,214,71.33,United Kingdom,313,4,1189.45,2,3,3,233,0,Lost,Very High
14275.0,6,538.0,1189.38,51.71,0.0283,310.24,2010-04-11 12:32:00,2010-11-09 09:06:00,212,42.4,United Kingdom,396,6,1189.38,2,4,3,243,0,Lost,Very High
18057.0,3,970.0,1188.46,8.87,0.0101,26.61,2010-01-18 12:42:00,2010-11-11 16:55:00,297,148.5,United Kingdom,393,3,1188.46,2,3,3,233,0,Lost,Very High
15573.0,5,770.0,1188.42,5.63,0.0072,28.29,2009-12-10 14:19:00,2011-11-08 11:38:00,698,174.5,United Kingdom,32,5,1188.42,4,4,3,443,1,Regular,Medium
18181.0,5,510.0,1188.34,6.68,0.007,33.25,2009-12-04 15:30:00,2011-11-15 15:08:00,711,177.75,United Kingdom,24,5,1188.34,4,4,3,443,1,Regular,Low
15737.0,8,597.0,1188.12,16.73,0.0351,133.89,2011-04-11 10:01:00,2011-11-25 11:21:00,228,32.57,United Kingdom,15,8,1188.12,5,5,3,553,1,Regular,Low
17800.0,9,732.0,1187.21,11.53,0.0303,103.76,2011-01-09 13:50:00,2011-11-02 12:57:00,297,37.13,United Kingdom,37,9,1187.21,4,5,3,453,1,Regular,Medium
13388.0,3,701.0,1185.65,17.18,0.0064,51.9,2010-04-15 10:18:00,2011-07-31 12:52:00,472,236.0,United Kingdom,131,3,1185.65,3,3,3,333,1,Regular,High
18060.0,2,902.0,1185.46,15.81,0.0128,31.57,2010-05-24 08:34:00,2010-10-27 16:41:00,156,156.0,United Kingdom,408,2,1185.46,2,2,3,223,0,Lost,Very High
14206.0,3,930.0,1185.01,16.69,0.0184,50.06,2010-11-02 11:37:00,2011-04-14 16:38:00,163,81.5,United Kingdom,239,3,1185.01,2,3,3,233,1,Regular,Very High
15259.0,4,631.0,1182.38,20.74,0.0235,82.86,2010-01-26 09:41:00,2010-07-15 08:47:00,170,56.67,United Kingdom,513,4,1182.38,1,3,3,133,0,Lost,Very High
17021.0,6,992.0,1182.22,24.63,0.0408,147.72,2010-04-29 20:05:00,2010-09-23 20:01:00,147,29.4,United Kingdom,442,6,1182.22,1,4,3,143,0,Lost,Very High
13526.0,2,1911.0,1182.0,26.86,,,2009-12-01 12:56:00,2009-12-01 13:13:00,0,0.0,United Kingdom,738,2,1182.0,1,2,3,123,0,Lost,Very High
13395.0,3,1660.0,1180.23,14.57,0.0127,43.67,2010-10-14 13:00:00,2011-06-07 15:04:00,236,118.0,United Kingdom,185,3,1180.23,3,3,3,333,1,Regular,Very High
18277.0,5,449.0,1180.05,18.44,0.0115,92.46,2010-08-02 10:26:00,2011-10-12 15:22:00,436,109.0,United Kingdom,58,5,1180.05,4,4,3,443,1,Regular,Medium
17058.0,3,592.0,1179.89,19.03,0.019,57.13,2011-04-14 09:18:00,2011-09-19 10:13:00,158,79.0,United Kingdom,82,3,1179.89,3,3,3,333,1,Regular,Medium
16614.0,3,349.0,1179.79,24.08,0.0076,72.47,2010-05-10 15:18:00,2011-06-10 11:36:00,396,198.0,United Kingdom,183,3,1179.79,3,3,3,333,1,Regular,Very High
16693.0,5,658.0,1179.48,7.02,0.0085,35.09,2010-02-21 12:42:00,2011-10-02 11:10:00,588,147.0,United Kingdom,69,5,1179.48,3,4,3,343,1,Regular,Medium
13797.0,3,573.0,1179.45,15.12,0.0142,45.3,2010-03-02 12:17:00,2010-09-29 10:34:00,211,105.5,United Kingdom,437,3,1179.45,1,3,3,133,0,Lost,Very High
16345.0,2,611.0,1178.79,10.91,0.0046,22.03,2010-08-13 17:13:00,2011-10-26 16:03:00,439,439.0,United Kingdom,44,2,1178.79,4,2,3,423,1,Regular,Medium
18025.0,6,1053.0,1177.72,10.52,0.025,63.12,2010-03-30 17:33:00,2010-11-25 12:37:00,240,48.0,United Kingdom,380,6,1177.72,2,4,3,243,0,Lost,Very High
17539.0,4,708.0,1176.84,8.17,0.0367,32.68,2009-12-13 12:36:00,2010-04-01 12:07:00,109,36.33,United Kingdom,618,4,1176.84,1,3,3,133,0,Lost,Very High
13233.0,4,1604.0,1176.46,15.48,0.0065,62.38,2010-01-14 14:10:00,2011-09-26 13:25:00,620,206.67,United Kingdom,74,4,1176.46,3,3,3,333,1,Regular,Medium
15210.0,3,841.0,1176.19,17.56,0.0086,52.86,2010-05-13 14:42:00,2011-04-28 16:11:00,350,175.0,United Kingdom,225,3,1176.19,2,3,3,233,1,Regular,Very High
14370.0,6,266.0,1175.78,26.72,0.0265,160.03,2010-02-01 08:35:00,2010-09-15 10:53:00,226,45.2,United Kingdom,451,6,1175.78,1,4,3,143,0,Lost,Very High
15994.0,3,462.0,1175.68,10.89,0.0052,32.9,2010-03-14 11:55:00,2011-10-16 12:28:00,581,290.5,United Kingdom,55,3,1175.68,4,3,3,433,1,Regular,Medium
12885.0,3,655.0,1175.22,16.55,0.05,49.65,2011-08-08 11:45:00,2011-10-07 13:40:00,60,30.0,United Kingdom,63,3,1175.22,3,3,3,333,1,Regular,Medium
15068.0,4,832.0,1174.9,5.39,0.007,21.69,2010-03-28 13:18:00,2011-10-24 14:47:00,575,191.67,United Kingdom,46,4,1174.9,4,3,3,433,1,Regular,Medium
12640.0,3,311.0,1174.58,22.16,0.0517,66.45,2011-09-19 12:01:00,2011-11-16 11:52:00,58,29.0,France,24,3,1174.58,4,3,3,433,1,Regular,Low
14126.0,4,887.0,1172.46,27.27,0.0092,109.64,2010-09-21 14:51:00,2011-12-02 11:45:00,437,145.67,United Kingdom,8,4,1172.46,5,3,3,533,1,Regular,Low
12691.0,7,445.0,1170.4,30.01,0.0179,210.57,2010-10-15 12:00:00,2011-11-11 16:49:00,392,65.33,France,28,7,1170.4,4,4,3,443,1,Regular,Low
18071.0,6,678.0,1169.68,16.47,0.0126,98.99,2009-12-05 10:31:00,2011-03-27 11:59:00,477,95.4,United Kingdom,258,6,1169.68,2,4,3,243,1,Regular,Very High
16926.0,5,197.0,1169.61,12.18,0.0323,60.98,2010-07-01 12:57:00,2010-12-03 13:42:00,155,38.75,United Kingdom,371,5,1169.61,2,4,3,243,0,Lost,Very High
17373.0,7,738.0,1167.5,12.83,0.0115,89.85,2010-02-28 14:17:00,2011-10-30 15:28:00,609,101.5,United Kingdom,40,7,1167.5,4,4,3,443,1,Regular,Medium
13497.0,6,525.0,1166.83,20.12,0.0155,120.69,2010-02-08 10:27:00,2011-03-02 09:04:00,387,77.4,United Kingdom,283,6,1166.83,2,4,3,243,0,Lost,Very High
17950.0,7,659.0,1166.29,7.07,0.0111,49.6,2010-01-04 17:39:00,2011-09-28 15:18:00,632,105.33,United Kingdom,72,7,1166.29,3,4,3,343,1,Regular,Medium
17664.0,4,1058.0,1166.23,14.58,0.0066,57.93,2010-03-29 17:17:00,2011-11-21 11:29:00,602,200.67,United Kingdom,19,4,1166.23,5,3,3,533,1,Regular,Low
14693.0,7,388.0,1165.36,15.54,0.0268,108.7,2010-07-02 08:28:00,2011-03-20 12:50:00,261,43.5,United Kingdom,265,7,1165.36,2,4,3,243,1,Regular,Very High
14261.0,2,406.0,1163.45,22.37,0.0714,44.72,2011-09-22 10:47:00,2011-10-20 10:04:00,28,28.0,United Kingdom,51,2,1163.45,4,2,3,423,1,Regular,Medium
16800.0,1,524.0,1162.65,7.45,,,2011-11-28 14:06:00,2011-11-28 14:06:00,0,,United Kingdom,11,1,1162.65,5,1,3,513,1,Regular,Low
15347.0,4,542.0,1162.0,32.28,0.0563,129.03,2010-09-28 12:50:00,2010-12-08 15:25:00,71,23.67,United Kingdom,366,4,1162.0,2,3,3,233,0,Lost,Very High
17525.0,3,338.0,1161.9,44.69,0.0435,134.14,2010-10-07 09:12:00,2010-12-15 12:05:00,69,34.5,United Kingdom,360,3,1161.9,2,3,3,233,0,Lost,Very High
12546.0,2,633.0,1161.5,16.83,0.0645,33.65,2011-09-23 09:44:00,2011-10-24 12:09:00,31,31.0,Spain,47,2,1161.5,4,2,3,423,1,Regular,Medium
12972.0,4,844.0,1161.2,15.08,0.0161,60.21,2010-02-16 14:30:00,2010-10-22 08:41:00,248,82.67,United Kingdom,414,4,1161.2,1,3,3,133,0,Lost,Very High
13897.0,3,820.0,1160.72,19.67,0.0048,59.2,2010-01-31 13:48:00,2011-10-20 14:30:00,627,313.5,United Kingdom,50,3,1160.72,4,3,3,433,1,Regular,Medium
13459.0,2,986.0,1160.41,15.9,0.0345,31.82,2010-01-26 13:35:00,2010-03-25 10:24:00,58,58.0,United Kingdom,625,2,1160.41,1,2,3,123,0,Lost,Very High
15088.0,2,460.0,1160.07,20.35,0.0435,40.72,2011-10-03 14:05:00,2011-11-18 13:14:00,46,46.0,United Kingdom,21,2,1160.07,4,2,3,423,1,Regular,Low
13601.0,4,957.0,1159.99,6.27,0.008,25.13,2010-06-11 15:03:00,2011-10-25 17:31:00,501,167.0,United Kingdom,45,4,1159.99,4,3,3,433,1,Regular,Medium
17978.0,4,1297.0,1159.99,17.31,0.0109,69.06,2009-12-08 13:27:00,2010-12-09 14:05:00,366,122.0,United Kingdom,365,4,1159.99,2,3,3,233,0,Lost,Very High
16838.0,4,509.0,1159.61,19.65,0.0086,78.75,2010-02-14 15:27:00,2011-05-26 13:13:00,466,155.33,United Kingdom,197,4,1159.61,2,3,3,233,1,Regular,Very High
13499.0,5,1365.0,1159.11,27.6,0.0198,137.71,2011-03-15 08:52:00,2011-11-22 11:21:00,252,63.0,United Kingdom,18,5,1159.11,5,4,3,543,1,Regular,Low
17513.0,3,440.0,1158.8,64.38,0.0074,193.9,2010-08-17 15:08:00,2011-09-28 16:42:00,407,203.5,United Kingdom,72,3,1158.8,3,3,3,333,1,Regular,Medium
16184.0,6,561.0,1158.79,25.75,0.0408,154.44,2011-05-12 13:33:00,2011-10-06 17:43:00,147,29.4,United Kingdom,64,6,1158.79,3,4,3,343,1,Regular,Medium
17169.0,3,671.0,1156.73,15.42,0.0058,46.6,2010-05-10 13:00:00,2011-10-13 10:25:00,521,260.5,United Kingdom,58,3,1156.73,4,3,3,433,1,Regular,Medium
14788.0,3,719.0,1156.32,19.94,0.0051,59.9,2010-04-22 18:16:00,2011-12-02 17:06:00,589,294.5,United Kingdom,7,3,1156.32,5,3,3,533,1,Regular,Low
17127.0,5,340.0,1155.03,31.22,0.0163,156.23,2009-12-04 15:18:00,2010-10-07 09:54:00,307,76.75,United Kingdom,429,5,1155.03,1,4,3,143,0,Lost,Very High
16637.0,4,927.0,1154.47,16.73,0.0207,66.84,2011-04-28 10:20:00,2011-11-07 13:17:00,193,64.33,United Kingdom,32,4,1154.47,4,3,3,433,1,Regular,Medium
13462.0,5,697.0,1153.85,16.25,0.0106,81.47,2009-12-14 09:48:00,2011-04-01 11:20:00,473,118.25,United Kingdom,253,5,1153.85,2,4,3,243,1,Regular,Very High
14818.0,6,543.0,1153.56,11.09,0.0105,66.84,2010-03-02 12:48:00,2011-09-27 11:01:00,574,114.8,United Kingdom,74,6,1153.56,3,4,3,343,1,Regular,Medium
17984.0,5,939.0,1152.19,4.76,0.0084,23.71,2009-12-01 11:51:00,2011-07-17 15:59:00,593,148.25,United Kingdom,145,5,1152.19,3,4,3,343,1,Regular,High
14475.0,4,541.0,1151.15,23.98,0.0119,96.17,2010-10-27 09:20:00,2011-09-29 10:46:00,337,112.33,United Kingdom,72,4,1151.15,3,3,3,333,1,Regular,Medium
12475.0,2,771.0,1149.64,18.85,0.0056,37.58,2010-10-26 08:49:00,2011-10-17 10:10:00,356,356.0,Germany,54,2,1149.64,4,2,3,423,1,Regular,Medium
12710.0,3,851.0,1149.02,14.92,0.0286,44.8,2011-05-22 14:05:00,2011-09-04 12:00:00,105,52.5,Germany,97,3,1149.02,3,3,3,333,1,Regular,High
14308.0,2,2.0,1147.02,573.51,,,2010-06-08 16:39:00,2010-06-08 16:48:00,0,0.0,United Kingdom,549,2,1147.02,1,2,3,123,0,Lost,Very High
15038.0,9,381.0,1146.53,4.88,0.0245,43.88,2010-10-10 14:35:00,2011-10-12 11:33:00,367,45.88,United Kingdom,59,9,1146.53,3,5,3,353,1,Regular,Medium
16766.0,2,536.0,1145.6,33.69,,,2011-03-11 13:34:00,2011-03-11 15:22:00,0,0.0,United Kingdom,273,2,1145.6,2,2,3,223,0,Lost,Very High
17477.0,2,225.0,1144.3,26.01,0.0571,51.98,2010-03-02 11:53:00,2010-04-06 10:06:00,35,35.0,United Kingdom,613,2,1144.3,1,2,3,123,0,Lost,Very High
12769.0,1,356.0,1143.6,35.74,,,2011-04-15 10:25:00,2011-04-15 10:25:00,0,,Brazil,239,1,1143.6,2,1,3,213,1,Regular,Very High
17097.0,9,582.0,1143.36,4.28,0.021,38.47,2010-10-05 14:09:00,2011-12-07 17:05:00,428,53.5,Spain,2,9,1143.36,5,5,3,553,1,Regular,Low
14585.0,5,630.0,1143.27,10.3,0.0137,51.65,2010-10-19 12:17:00,2011-10-20 14:33:00,366,91.5,United Kingdom,50,5,1143.27,4,4,3,443,1,Regular,Medium
17770.0,5,365.0,1143.27,30.09,0.0595,150.39,2011-03-02 13:35:00,2011-05-25 12:34:00,84,21.0,United Kingdom,199,5,1143.27,2,4,3,243,1,Regular,Very High
17201.0,4,1004.0,1143.1,6.68,0.0065,26.66,2010-02-10 12:26:00,2011-10-17 11:55:00,614,204.67,United Kingdom,54,4,1143.1,4,3,3,433,1,Regular,Medium
12439.0,2,478.0,1142.88,16.1,0.0465,32.19,2009-12-14 08:40:00,2010-01-26 12:11:00,43,43.0,Cyprus,683,2,1142.88,1,2,3,123,0,Lost,Very High
17908.0,5,670.0,1142.47,5.49,0.0142,27.44,2009-12-14 12:24:00,2010-12-01 11:45:00,352,88.0,United Kingdom,374,5,1142.47,2,4,3,243,0,Lost,Very High
13856.0,11,1105.0,1142.03,21.15,0.0244,232.74,2010-03-30 15:40:00,2011-06-24 10:03:00,451,45.1,United Kingdom,169,11,1142.03,3,5,3,353,1,Regular,High
16270.0,1,688.0,1141.24,21.13,,,2010-12-21 14:26:00,2010-12-21 14:26:00,0,,United Kingdom,353,1,1141.24,2,1,3,213,0,Lost,Very High
16521.0,3,1014.0,1140.11,4.81,0.0129,14.46,2010-03-01 13:22:00,2010-10-20 13:09:00,233,116.5,United Kingdom,415,3,1140.11,1,3,3,133,0,Lost,Very High
15586.0,3,1338.0,1139.1,29.98,0.0278,90.01,2010-01-08 10:02:00,2010-04-26 11:00:00,108,54.0,United Kingdom,593,3,1139.1,1,3,3,133,0,Lost,Very High
17500.0,3,17.0,1138.0,227.6,0.25,682.8,2011-11-10 09:08:00,2011-11-22 14:25:00,12,6.0,United Kingdom,17,3,1138.0,5,3,3,533,1,Regular,Low
15879.0,4,639.0,1137.8,6.36,0.0126,25.48,2009-12-17 19:54:00,2010-10-31 16:21:00,318,106.0,United Kingdom,404,4,1137.8,2,3,3,233,0,Lost,Very High
17302.0,5,575.0,1135.63,14.38,0.0172,71.97,2011-02-07 10:14:00,2011-11-25 09:36:00,291,72.75,United Kingdom,15,5,1135.63,5,4,3,543,1,Regular,Low
17866.0,3,535.0,1134.95,43.65,0.0051,129.78,2009-12-14 16:01:00,2011-07-20 11:07:00,583,291.5,United Kingdom,143,3,1134.95,3,3,3,333,1,Regular,High
13109.0,3,757.0,1134.03,16.2,0.0061,48.62,2010-06-06 12:59:00,2011-10-11 10:16:00,492,246.0,United Kingdom,60,3,1134.03,3,3,3,333,1,Regular,Medium
15022.0,5,640.0,1133.44,8.1,0.0075,40.46,2010-01-31 16:02:00,2011-11-28 12:35:00,666,166.5,United Kingdom,12,5,1133.44,5,4,3,543,1,Regular,Low
16989.0,6,1233.0,1133.25,94.44,0.042,567.21,2011-07-12 09:11:00,2011-12-02 16:39:00,143,28.6,United Kingdom,7,6,1133.25,5,4,3,543,1,Regular,Low
18125.0,4,800.0,1131.75,5.89,0.0139,23.5,2011-01-27 15:02:00,2011-11-10 12:29:00,287,95.67,United Kingdom,30,4,1131.75,4,3,3,433,1,Regular,Low
15500.0,4,572.0,1131.56,16.64,0.0548,66.57,2011-09-19 13:47:00,2011-12-01 13:47:00,73,24.33,United Kingdom,8,4,1131.56,5,3,3,533,1,Regular,Low
13393.0,4,662.0,1131.45,16.4,0.0268,65.49,2009-12-07 18:12:00,2010-05-05 09:34:00,149,49.67,United Kingdom,584,4,1131.45,1,3,3,133,0,Lost,Very High
12616.0,3,498.0,1131.1,20.95,0.0102,62.61,2010-11-16 11:38:00,2011-09-05 15:17:00,293,146.5,France,95,3,1131.1,3,3,3,333,1,Regular,High
15695.0,4,484.0,1131.04,19.17,0.0096,76.37,2010-01-27 10:56:00,2011-03-18 08:32:00,415,138.33,United Kingdom,267,4,1131.04,2,3,3,233,0,Lost,Very High
17622.0,2,379.0,1130.21,29.74,2.0,59.48,2010-04-20 13:38:00,2010-04-21 12:36:00,1,1.0,United Kingdom,598,2,1130.21,1,2,3,123,0,Lost,Very High
13447.0,3,584.0,1129.14,19.14,0.25,57.42,2011-11-04 10:10:00,2011-11-16 13:38:00,12,6.0,United Kingdom,23,3,1129.14,4,3,3,433,1,Regular,Low
13145.0,7,265.0,1128.52,125.39,0.0125,877.73,2010-04-19 11:11:00,2011-10-31 12:45:00,560,93.33,United Kingdom,40,7,1128.52,4,4,3,443,1,Regular,Medium
14450.0,7,522.0,1128.44,14.85,0.0163,104.08,2010-04-08 12:09:00,2011-06-12 10:46:00,430,71.67,United Kingdom,181,7,1128.44,3,4,3,343,1,Regular,Very High
12373.0,3,516.0,1127.65,22.11,0.0083,66.43,2010-02-04 12:08:00,2011-02-01 13:10:00,362,181.0,Austria,311,3,1127.65,2,3,3,233,0,Lost,Very High
14671.0,2,571.0,1127.45,20.5,0.1053,41.01,2010-05-20 18:21:00,2010-06-08 13:39:00,19,19.0,United Kingdom,549,2,1127.45,1,2,3,123,0,Lost,Very High
15969.0,5,223.0,1127.05,32.2,0.0096,160.74,2010-07-05 13:10:00,2011-12-07 11:06:00,520,130.0,United Kingdom,3,5,1127.05,5,4,3,543,1,Regular,Low
12503.0,1,561.0,1126.0,563.0,,,2010-05-04 13:59:00,2010-05-04 13:59:00,0,,Spain,584,1,1126.0,1,1,3,113,0,Lost,Very High
13167.0,5,1007.0,1125.15,13.89,0.0134,69.24,2010-11-14 12:58:00,2011-11-21 12:24:00,372,93.0,United Kingdom,19,5,1125.15,5,4,3,543,1,Regular,Low
16306.0,7,712.0,1124.72,16.79,0.0317,117.63,2010-10-01 09:36:00,2011-05-10 12:12:00,221,36.83,United Kingdom,214,7,1124.72,2,4,3,243,1,Regular,Very High
14479.0,4,562.0,1124.71,8.09,0.0083,32.23,2009-12-06 13:48:00,2011-03-31 09:07:00,480,160.0,United Kingdom,254,4,1124.71,2,3,3,233,1,Regular,Very High
15882.0,8,650.0,1124.66,19.06,0.0151,152.82,2009-12-10 15:33:00,2011-05-25 11:35:00,531,75.86,United Kingdom,199,8,1124.66,2,5,3,253,1,Regular,Very High
13778.0,4,511.0,1124.49,25.56,0.0087,102.74,2010-05-23 13:34:00,2011-08-28 15:25:00,462,154.0,United Kingdom,103,4,1124.49,3,3,3,333,1,Regular,High
14917.0,2,891.0,1123.75,38.75,,,2010-04-22 09:44:00,2010-04-22 11:28:00,0,0.0,United Kingdom,597,2,1123.75,1,2,3,123,0,Lost,Very High
17492.0,3,450.0,1122.42,28.78,0.0111,86.25,2010-07-09 13:27:00,2011-04-05 15:21:00,270,135.0,United Kingdom,248,3,1122.42,2,3,3,233,1,Regular,Very High
13486.0,3,669.0,1122.41,16.27,0.039,48.86,2011-07-07 17:19:00,2011-09-22 13:13:00,77,38.5,United Kingdom,78,3,1122.41,3,3,3,333,1,Regular,Medium
17562.0,7,817.0,1122.38,17.82,0.044,124.67,2011-06-19 13:06:00,2011-11-25 14:21:00,159,26.5,United Kingdom,14,7,1122.38,5,4,3,543,1,Regular,Low
18218.0,4,1028.0,1121.84,29.52,0.0089,117.96,2010-02-17 15:11:00,2011-05-12 12:53:00,449,149.67,United Kingdom,211,4,1121.84,2,3,3,233,1,Regular,Very High
13368.0,4,606.0,1121.5,21.57,0.024,86.45,2010-10-12 10:43:00,2011-03-28 09:59:00,167,55.67,United Kingdom,257,4,1121.5,2,3,3,233,1,Regular,Very High
13589.0,6,293.0,1120.74,21.55,0.0083,128.6,2009-12-06 10:26:00,2011-11-25 12:10:00,719,143.8,United Kingdom,15,6,1120.74,5,4,3,543,1,Regular,Low
16955.0,6,723.0,1120.31,22.41,0.0122,134.79,2010-01-31 11:38:00,2011-06-08 10:36:00,493,98.6,United Kingdom,185,6,1120.31,3,4,3,343,1,Regular,Very High
17007.0,7,717.0,1120.1,16.72,0.0181,117.12,2010-09-28 13:51:00,2011-10-20 10:47:00,387,64.5,United Kingdom,51,7,1120.1,4,4,3,443,1,Regular,Medium
16354.0,5,592.0,1119.46,8.0,0.0095,40.13,2010-04-27 13:33:00,2011-10-07 14:28:00,528,132.0,United Kingdom,63,5,1119.46,3,4,3,343,1,Regular,Medium
17423.0,3,790.0,1118.95,26.02,0.0086,77.65,2010-11-11 12:26:00,2011-10-24 13:36:00,347,173.5,United Kingdom,46,3,1118.95,4,3,3,433,1,Regular,Medium
16430.0,7,307.0,1117.94,39.93,0.0112,279.06,2010-01-27 12:45:00,2011-10-13 14:47:00,624,104.0,United Kingdom,57,7,1117.94,4,4,3,443,1,Regular,Medium
17788.0,2,211.0,1117.9,223.58,0.0357,446.98,2011-08-02 10:38:00,2011-09-27 10:09:00,56,56.0,United Kingdom,74,2,1117.9,3,2,3,323,1,Regular,Medium
16278.0,3,342.0,1117.84,20.32,0.0075,60.81,2010-07-28 15:40:00,2011-08-31 17:12:00,399,199.5,United Kingdom,100,3,1117.84,3,3,3,333,1,Regular,High
16769.0,4,295.0,1117.05,11.52,0.0086,46.07,2009-12-14 11:10:00,2011-03-24 13:41:00,465,155.0,United Kingdom,260,4,1117.05,2,3,3,233,1,Regular,Very High
14080.0,5,268.0,1115.68,13.44,0.0071,67.27,2009-12-02 15:01:00,2011-11-07 11:09:00,705,176.25,United Kingdom,33,5,1115.68,4,4,3,443,1,Regular,Medium
13509.0,8,1214.0,1114.72,22.75,0.016,181.64,2010-07-20 12:10:00,2011-12-01 10:10:00,499,71.29,United Kingdom,9,8,1114.72,5,5,3,553,1,Regular,Low
14672.0,4,646.0,1113.14,10.5,0.009,42.15,2010-01-28 11:33:00,2011-04-19 10:19:00,446,148.67,United Kingdom,235,4,1113.14,2,3,3,233,1,Regular,Very High
12679.0,4,554.0,1113.02,23.19,0.0178,92.88,2011-03-01 12:26:00,2011-10-12 12:30:00,225,75.0,France,59,4,1113.02,3,3,3,333,1,Regular,Medium
12648.0,4,518.0,1112.0,17.11,0.0073,68.32,2010-01-07 18:38:00,2011-07-08 11:55:00,547,182.33,Germany,155,4,1112.0,3,3,3,333,1,Regular,High
16139.0,5,602.0,1111.15,19.49,0.007,97.96,2009-12-03 13:51:00,2011-11-21 08:37:00,718,179.5,United Kingdom,19,5,1111.15,5,4,3,543,1,Regular,Low
16702.0,4,692.0,1110.83,12.21,0.0126,48.77,2009-12-07 16:40:00,2010-10-20 14:10:00,317,105.67,United Kingdom,415,4,1110.83,1,3,3,133,0,Lost,Very High
15069.0,1,520.0,1109.53,15.85,,,2011-06-13 14:16:00,2011-06-13 14:16:00,0,,United Kingdom,179,1,1109.53,3,1,3,313,1,Regular,High
15559.0,1,526.0,1109.4,17.89,,,2010-05-20 14:06:00,2010-05-20 14:06:00,0,,United Kingdom,568,1,1109.4,1,1,3,113,0,Lost,Very High
15828.0,1,367.0,1108.82,14.98,,,2010-11-29 16:41:00,2010-11-29 16:41:00,0,,United Kingdom,375,1,1108.82,2,1,3,213,0,Lost,Very High
15933.0,3,885.0,1107.46,14.97,0.0462,44.95,2011-09-14 12:05:00,2011-11-18 13:14:00,65,32.5,United Kingdom,21,3,1107.46,4,3,3,433,1,Regular,Low
14375.0,3,647.0,1106.82,5.4,0.0084,16.15,2010-06-16 14:34:00,2011-06-07 13:44:00,356,178.0,United Kingdom,185,3,1106.82,3,3,3,333,1,Regular,Very High
14891.0,4,788.0,1106.73,17.57,0.0139,70.34,2010-09-29 12:41:00,2011-07-14 18:08:00,288,96.0,United Kingdom,148,4,1106.73,3,3,3,333,1,Regular,High
14102.0,5,769.0,1105.88,19.07,0.1282,95.35,2011-10-26 12:46:00,2011-12-04 15:38:00,39,9.75,United Kingdom,5,5,1105.88,5,4,3,543,1,Regular,Low
12434.0,3,532.0,1103.43,15.76,0.0101,47.28,2010-11-23 13:38:00,2011-09-16 12:38:00,297,148.5,Australia,85,3,1103.43,3,3,3,333,1,Regular,Medium
16895.0,5,421.0,1102.9,6.77,0.0083,33.77,2010-02-12 11:07:00,2011-10-06 12:15:00,601,150.25,United Kingdom,65,5,1102.9,3,4,3,343,1,Regular,Medium
14948.0,6,673.0,1101.97,17.49,0.0306,104.9,2011-05-04 14:52:00,2011-11-16 17:16:00,196,39.2,United Kingdom,23,6,1101.97,4,4,3,443,1,Regular,Low
13295.0,4,733.0,1101.97,16.45,0.0184,65.68,2010-05-12 09:13:00,2010-12-15 11:21:00,217,72.33,United Kingdom,360,4,1101.97,2,3,3,233,0,Lost,Very High
15574.0,6,750.0,1101.44,4.79,0.0209,28.73,2010-09-01 14:37:00,2011-06-15 12:01:00,287,57.4,United Kingdom,178,6,1101.44,3,4,3,343,1,Regular,High
12785.0,3,453.0,1100.4,19.65,0.0082,59.13,2009-12-08 13:56:00,2010-12-10 13:48:00,367,183.5,Portugal,364,3,1100.4,2,3,3,233,0,Lost,Very High
16014.0,5,462.0,1100.28,4.0,0.0078,19.97,2010-01-31 12:43:00,2011-11-02 12:04:00,640,160.0,United Kingdom,38,5,1100.28,4,4,3,443,1,Regular,Medium
14009.0,3,951.0,1099.91,14.86,0.0114,44.72,2010-09-03 12:08:00,2011-05-25 15:47:00,264,132.0,United Kingdom,198,3,1099.91,2,3,3,233,1,Regular,Very High
17137.0,6,680.0,1099.81,6.59,0.023,39.56,2010-01-31 12:27:00,2010-10-19 14:51:00,261,52.2,United Kingdom,416,6,1099.81,1,4,3,143,0,Lost,Very High
12421.0,6,652.0,1098.6,16.9,0.0122,101.03,2010-07-22 13:57:00,2011-11-24 09:07:00,490,98.0,Spain,16,6,1098.6,5,4,3,543,1,Regular,Low
14971.0,3,639.0,1097.98,7.08,0.375,21.24,2011-10-27 13:33:00,2011-11-04 17:07:00,8,4.0,United Kingdom,35,3,1097.98,4,3,3,433,1,Regular,Medium
13835.0,7,520.0,1095.27,15.43,0.0113,108.1,2010-03-04 08:26:00,2011-11-14 15:37:00,620,103.33,United Kingdom,25,7,1095.27,4,4,3,443,1,Regular,Low
17703.0,4,897.0,1094.84,14.04,0.0104,55.92,2010-10-17 16:16:00,2011-11-04 15:51:00,383,127.67,United Kingdom,35,4,1094.84,4,3,3,433,1,Regular,Medium
15745.0,4,421.0,1094.59,17.65,0.0184,70.47,2011-04-17 13:04:00,2011-11-20 13:45:00,217,72.33,United Kingdom,19,4,1094.59,5,3,3,533,1,Regular,Low
14460.0,9,1879.0,1093.5,26.04,0.0147,235.03,2009-12-15 19:06:00,2011-08-21 14:19:00,614,76.75,United Kingdom,110,9,1093.5,3,5,3,353,1,Regular,High
12803.0,1,872.0,1092.81,19.87,,,2010-11-11 14:57:00,2010-11-11 14:57:00,0,,Netherlands,393,1,1092.81,2,1,3,213,0,Lost,Very High
17726.0,7,444.0,1092.06,17.06,0.0244,119.47,2010-01-26 14:58:00,2010-11-09 13:37:00,287,47.83,United Kingdom,395,7,1092.06,2,4,3,243,0,Lost,Very High
14199.0,4,254.0,1091.7,60.65,0.0128,242.21,2010-06-27 12:13:00,2011-05-05 13:44:00,312,104.0,United Kingdom,218,4,1091.7,2,3,3,233,1,Regular,Very High
16805.0,5,1120.0,1091.34,4.38,0.009,22.0,2009-12-08 14:29:00,2011-06-19 11:23:00,558,139.5,United Kingdom,174,5,1091.34,3,4,3,343,1,Regular,High
16211.0,3,519.0,1090.59,30.29,0.0086,91.17,2010-09-27 15:24:00,2011-09-12 12:11:00,350,175.0,United Kingdom,89,3,1090.59,3,3,3,333,1,Regular,Medium
13853.0,1,312.0,1090.14,47.4,,,2011-10-13 14:18:00,2011-10-13 14:18:00,0,,United Kingdom,57,1,1090.14,4,1,3,413,1,Regular,Medium
12534.0,1,651.0,1089.18,17.29,,,2011-08-01 10:26:00,2011-08-01 10:26:00,0,,Germany,131,1,1089.18,3,1,3,313,1,Regular,High
15254.0,3,711.0,1088.35,16.24,0.0069,48.52,2010-05-28 10:08:00,2011-08-04 15:04:00,433,216.5,United Kingdom,127,3,1088.35,3,3,3,333,1,Regular,High
16188.0,5,838.0,1087.66,14.7,0.0137,73.31,2010-10-27 11:50:00,2011-10-26 12:19:00,364,91.0,United Kingdom,45,5,1087.66,4,4,3,443,1,Regular,Medium
16223.0,2,643.0,1087.05,8.84,0.0952,17.67,2010-11-09 12:07:00,2010-11-30 11:50:00,21,21.0,United Kingdom,375,2,1087.05,2,2,3,223,0,Lost,Very High
15763.0,2,271.0,1086.92,17.82,0.0435,35.66,2011-09-23 12:10:00,2011-11-08 09:44:00,46,46.0,United Kingdom,32,2,1086.92,4,2,3,423,1,Regular,Medium
14139.0,4,1049.0,1086.8,15.75,0.0081,63.28,2010-06-15 09:17:00,2011-10-24 13:34:00,496,165.33,United Kingdom,46,4,1086.8,4,3,3,433,1,Regular,Medium
13546.0,5,587.0,1086.24,7.15,0.0121,35.64,2010-10-11 17:23:00,2011-11-27 14:50:00,412,103.0,United Kingdom,12,5,1086.24,5,4,3,543,1,Regular,Low
16298.0,7,308.0,1085.7,23.1,0.0167,162.02,2010-09-23 15:23:00,2011-11-17 11:59:00,420,70.0,United Kingdom,23,7,1085.7,4,4,3,443,1,Regular,Low
14013.0,5,775.0,1084.57,15.95,0.0097,79.37,2010-03-26 10:02:00,2011-08-21 15:01:00,513,128.25,United Kingdom,110,5,1084.57,3,4,3,343,1,Regular,High
16533.0,3,611.0,1082.81,6.15,0.0612,18.44,2011-10-02 15:07:00,2011-11-20 13:08:00,49,24.5,United Kingdom,19,3,1082.81,5,3,3,533,1,Regular,Low
14805.0,7,416.0,1082.55,8.52,0.0116,59.89,2010-03-28 12:34:00,2011-11-24 16:20:00,606,101.0,United Kingdom,15,7,1082.55,5,4,3,543,1,Regular,Low
14083.0,11,760.0,1082.19,5.85,0.0153,64.18,2009-12-18 11:34:00,2011-12-05 13:14:00,717,71.7,United Kingdom,4,11,1082.19,5,5,3,553,1,Regular,Low
14561.0,3,1014.0,1080.76,15.66,0.0275,46.94,2011-06-08 13:26:00,2011-09-25 12:39:00,109,54.5,United Kingdom,76,3,1080.76,3,3,3,333,1,Regular,Medium
13744.0,2,1153.0,1080.52,17.15,0.0102,34.46,2011-02-20 14:08:00,2011-09-05 15:19:00,197,197.0,United Kingdom,95,2,1080.52,3,2,3,323,1,Regular,High
14343.0,4,626.0,1079.66,4.61,0.0149,18.48,2010-01-18 16:47:00,2010-10-14 13:05:00,269,89.67,United Kingdom,421,4,1079.66,1,3,3,133,0,Lost,Very High
13726.0,2,1054.0,1079.66,25.71,0.0323,51.49,2011-08-31 11:06:00,2011-11-01 10:49:00,62,62.0,United Kingdom,39,2,1079.66,4,2,3,423,1,Regular,Medium
12354.0,1,530.0,1079.4,18.61,,,2011-04-21 13:11:00,2011-04-21 13:11:00,0,,Spain,232,1,1079.4,2,1,3,213,1,Regular,Very High
13567.0,4,643.0,1079.29,5.37,0.0354,21.48,2010-06-16 12:48:00,2010-10-07 12:51:00,113,37.67,United Kingdom,428,4,1079.29,1,3,3,133,0,Lost,Very High
15546.0,2,198.0,1079.1,89.93,,,2010-04-12 11:45:00,2010-04-12 11:51:00,0,0.0,United Kingdom,607,2,1079.1,1,2,3,123,0,Lost,Very High
14352.0,4,538.0,1078.96,22.96,0.0345,91.89,2011-03-11 14:58:00,2011-07-05 15:41:00,116,38.67,United Kingdom,157,4,1078.96,3,3,3,333,1,Regular,High
13656.0,4,862.0,1078.85,12.4,0.0093,49.7,2010-04-23 12:50:00,2011-06-28 10:31:00,431,143.67,United Kingdom,165,4,1078.85,3,3,3,333,1,Regular,High
16183.0,4,351.0,1077.81,26.29,0.0118,105.48,2010-10-28 14:43:00,2011-10-03 14:59:00,340,113.33,United Kingdom,67,4,1077.81,3,3,3,333,1,Regular,Medium
16642.0,3,775.0,1077.45,19.95,0.0073,59.86,2010-10-20 14:22:00,2011-12-05 11:31:00,411,205.5,United Kingdom,5,3,1077.45,5,3,3,533,1,Regular,Low
17366.0,2,504.0,1077.24,8.22,0.0833,16.43,2010-09-09 19:46:00,2010-10-03 16:04:00,24,24.0,United Kingdom,432,2,1077.24,1,2,3,123,0,Lost,Very High
16071.0,4,697.0,1076.8,14.75,0.0065,58.58,2010-02-22 14:48:00,2011-10-26 11:14:00,611,203.67,United Kingdom,45,4,1076.8,4,3,3,433,1,Regular,Medium
13607.0,2,466.0,1075.81,8.89,0.0055,17.7,2010-11-02 11:48:00,2011-10-30 16:17:00,362,362.0,United Kingdom,40,2,1075.81,4,2,3,423,1,Regular,Medium
15912.0,9,759.0,1074.7,11.31,0.0163,101.58,2009-12-10 12:58:00,2011-06-14 14:29:00,551,68.88,United Kingdom,178,9,1074.7,3,5,3,353,1,Regular,High
16231.0,4,563.0,1074.47,10.74,0.0183,42.85,2010-04-21 12:06:00,2010-11-25 15:00:00,218,72.67,United Kingdom,379,4,1074.47,2,3,3,233,0,Lost,Very High
13727.0,8,368.0,1074.15,12.94,0.0114,103.56,2009-12-09 13:25:00,2011-11-11 09:46:00,702,100.29,United Kingdom,29,8,1074.15,4,5,3,453,1,Regular,Low
15238.0,3,692.0,1071.99,21.44,0.0194,64.47,2011-06-08 16:00:00,2011-11-10 14:28:00,155,77.5,United Kingdom,29,3,1071.99,4,3,3,433,1,Regular,Low
13467.0,2,580.0,1071.91,10.94,0.0769,21.87,2011-11-03 16:56:00,2011-11-29 10:01:00,26,26.0,United Kingdom,11,2,1071.91,5,2,3,523,1,Regular,Low
12801.0,1,505.0,1071.82,21.44,,,2010-07-27 09:38:00,2010-07-27 09:38:00,0,,Sweden,501,1,1071.82,1,1,3,113,0,Lost,Very High
13521.0,3,718.0,1071.73,2.56,0.3333,7.68,2011-11-29 15:09:00,2011-12-08 13:50:00,9,4.5,United Kingdom,1,3,1071.73,5,3,3,533,1,Regular,Low
16593.0,8,377.0,1071.14,13.73,0.0117,109.88,2009-12-05 10:44:00,2011-10-20 12:41:00,684,97.71,United Kingdom,51,8,1071.14,4,5,3,453,1,Regular,Medium
14484.0,4,744.0,1070.98,20.21,0.006,81.49,2009-12-17 10:57:00,2011-10-20 14:11:00,672,224.0,United Kingdom,50,4,1070.98,4,3,3,433,1,Regular,Medium
16884.0,4,520.0,1070.97,14.47,0.0075,57.84,2010-05-18 12:00:00,2011-11-02 11:52:00,533,177.67,United Kingdom,38,4,1070.97,4,3,3,433,1,Regular,Medium
17522.0,5,1034.0,1070.71,14.67,0.023,73.22,2011-05-05 16:31:00,2011-12-08 12:31:00,217,54.25,United Kingdom,2,5,1070.71,5,4,3,543,1,Regular,Low
12728.0,5,543.0,1070.17,17.54,0.016,87.56,2010-11-21 11:34:00,2011-09-29 15:31:00,312,78.0,France,71,5,1070.17,3,4,3,343,1,Regular,Medium
17871.0,5,665.0,1068.95,12.88,0.0102,64.24,2010-01-15 14:48:00,2011-05-19 11:32:00,489,122.25,United Kingdom,205,5,1068.95,2,4,3,243,1,Regular,Very High
17854.0,6,607.0,1068.5,9.06,0.011,54.41,2009-12-08 11:13:00,2011-06-07 16:21:00,546,109.2,United Kingdom,185,6,1068.5,3,4,3,343,1,Regular,Very High
16386.0,3,700.0,1068.16,7.68,0.0084,23.16,2010-11-17 11:19:00,2011-11-11 12:28:00,359,179.5,United Kingdom,29,3,1068.16,4,3,3,433,1,Regular,Low
15436.0,3,574.0,1067.75,3.67,0.0135,11.0,2011-04-19 16:52:00,2011-11-27 16:05:00,222,111.0,United Kingdom,12,3,1067.75,5,3,3,533,1,Regular,Low
15626.0,3,1138.0,1067.52,13.34,0.0086,39.81,2010-10-14 17:16:00,2011-09-26 10:03:00,347,173.5,United Kingdom,75,3,1067.52,3,3,3,333,1,Regular,Medium
17277.0,2,430.0,1065.35,15.44,0.0211,30.95,2011-01-21 12:37:00,2011-04-26 12:47:00,95,95.0,United Kingdom,228,2,1065.35,2,2,3,223,1,Regular,Very High
15639.0,3,849.0,1065.08,15.44,0.0064,46.54,2010-04-13 13:11:00,2011-07-28 14:30:00,471,235.5,United Kingdom,134,3,1065.08,3,3,3,333,1,Regular,High
13959.0,6,694.0,1064.77,6.78,0.0139,40.71,2010-07-16 15:11:00,2011-09-21 15:06:00,432,86.4,United Kingdom,79,6,1064.77,3,4,3,343,1,Regular,Medium
14488.0,1,799.0,1064.28,23.14,,,2011-10-03 09:30:00,2011-10-03 09:30:00,0,,United Kingdom,68,1,1064.28,3,1,3,313,1,Regular,Medium
14966.0,6,1060.0,1064.26,7.05,0.0085,42.55,2009-12-15 13:48:00,2011-11-25 12:20:00,710,142.0,United Kingdom,15,6,1064.26,5,4,3,543,1,Regular,Low
15801.0,3,570.0,1063.95,16.62,0.0476,49.84,2011-08-22 09:53:00,2011-10-24 13:52:00,63,31.5,United Kingdom,46,3,1063.95,4,3,3,433,1,Regular,Medium
12936.0,4,559.0,1063.9,17.16,0.0656,68.67,2011-09-22 13:51:00,2011-11-22 17:32:00,61,20.33,United Kingdom,17,4,1063.9,5,3,3,533,1,Regular,Low
17849.0,8,224.0,1063.76,21.28,0.0192,170.38,2010-03-14 15:17:00,2011-05-05 13:46:00,417,59.57,United Kingdom,218,8,1063.76,2,5,3,253,1,Regular,Very High
12815.0,2,379.0,1063.46,22.63,0.0392,45.24,2011-05-25 13:34:00,2011-07-15 10:21:00,51,51.0,Poland,148,2,1063.46,3,2,3,323,1,Regular,High
14411.0,1,196.0,1063.0,75.93,,,2011-02-02 10:56:00,2011-02-02 10:56:00,0,,United Kingdom,311,1,1063.0,2,1,3,213,0,Lost,Very High
15706.0,4,321.0,1060.56,19.28,0.0755,77.15,2011-08-15 14:32:00,2011-10-07 10:09:00,53,17.67,United Kingdom,64,4,1060.56,3,3,3,333,1,Regular,Medium
17727.0,1,645.0,1060.25,16.06,,,2011-11-24 17:06:00,2011-11-24 17:06:00,0,,United Kingdom,15,1,1060.25,5,1,3,513,1,Regular,Low
17421.0,3,807.0,1059.41,18.27,0.0086,54.84,2009-12-04 15:43:00,2010-11-18 16:57:00,349,174.5,United Kingdom,386,3,1059.41,2,3,3,233,0,Lost,Very High
18130.0,3,824.0,1059.39,15.13,0.0714,45.37,2011-10-13 15:58:00,2011-11-24 14:40:00,42,21.0,United Kingdom,15,3,1059.39,5,3,3,533,1,Regular,Low
17214.0,6,272.0,1059.12,10.49,0.0201,63.04,2010-12-15 15:14:00,2011-10-10 13:17:00,299,59.8,United Kingdom,60,6,1059.12,3,4,3,343,1,Regular,Medium
14734.0,4,378.0,1056.42,16.77,0.0317,66.98,2010-06-06 15:15:00,2010-10-10 12:04:00,126,42.0,United Kingdom,426,4,1056.42,1,3,3,133,0,Lost,Very High
15645.0,3,396.0,1055.17,15.52,0.0074,46.74,2010-10-10 12:51:00,2011-11-21 11:55:00,407,203.5,United Kingdom,19,3,1055.17,5,3,3,533,1,Regular,Low
13065.0,5,381.0,1055.05,17.02,0.0287,84.99,2010-06-10 11:44:00,2010-12-01 16:52:00,174,43.5,United Kingdom,373,5,1055.05,2,4,3,243,0,Lost,Very High
13140.0,5,572.0,1054.92,10.05,0.0131,50.42,2010-08-05 19:05:00,2011-08-23 15:33:00,383,95.75,United Kingdom,108,5,1054.92,3,4,3,343,1,Regular,High
15977.0,2,1016.0,1054.73,16.23,0.0909,32.46,2011-10-31 16:24:00,2011-11-22 13:29:00,22,22.0,United Kingdom,17,2,1054.73,5,2,3,523,1,Regular,Low
12716.0,2,708.0,1053.49,15.27,0.0154,30.57,2011-07-29 13:28:00,2011-12-06 08:55:00,130,130.0,France,4,2,1053.49,5,2,3,523,1,Regular,Low
12580.0,2,569.0,1052.9,18.15,0.0061,36.54,2010-05-12 11:45:00,2011-04-07 10:24:00,330,330.0,Germany,247,2,1052.9,2,2,3,223,1,Regular,Very High
15886.0,4,667.0,1052.87,16.98,0.0074,67.6,2010-04-20 15:03:00,2011-10-10 14:25:00,538,179.33,United Kingdom,60,4,1052.87,3,3,3,333,1,Regular,Medium
15855.0,6,712.0,1052.72,11.08,0.0176,66.3,2010-08-20 17:15:00,2011-07-26 10:20:00,340,68.0,United Kingdom,137,6,1052.72,3,4,3,343,1,Regular,High
16391.0,4,715.0,1052.26,3.46,0.0248,13.82,2010-05-27 11:27:00,2010-11-04 12:27:00,161,53.67,United Kingdom,401,4,1052.26,2,3,3,233,0,Lost,Very High
14947.0,6,416.0,1049.79,19.44,0.0109,116.97,2010-03-25 11:29:00,2011-09-28 15:48:00,552,110.4,United Kingdom,72,6,1049.79,3,4,3,343,1,Regular,Medium
13775.0,1,455.0,1049.66,16.66,,,2010-04-28 12:15:00,2010-04-28 12:15:00,0,,United Kingdom,591,1,1049.66,1,1,3,113,0,Lost,Very High
17934.0,3,628.0,1049.15,25.59,0.0085,77.22,2010-10-29 12:23:00,2011-10-19 11:16:00,355,177.5,United Kingdom,52,3,1049.15,4,3,3,433,1,Regular,Medium
15026.0,5,655.0,1048.89,7.6,0.0136,38.04,2010-09-17 13:52:00,2011-09-20 13:52:00,368,92.0,United Kingdom,80,5,1048.89,3,4,3,343,1,Regular,Medium
15839.0,3,675.0,1048.49,16.91,0.0261,50.76,2011-07-14 16:35:00,2011-11-06 13:54:00,115,57.5,United Kingdom,33,3,1048.49,4,3,3,433,1,Regular,Medium
16728.0,4,671.0,1048.28,3.99,0.0183,15.92,2011-03-20 13:28:00,2011-10-24 14:36:00,218,72.67,United Kingdom,46,4,1048.28,4,3,3,433,1,Regular,Medium
17578.0,7,529.0,1047.33,16.11,0.0225,112.73,2010-06-28 11:55:00,2011-05-05 18:38:00,311,51.83,United Kingdom,218,7,1047.33,2,4,3,243,1,Regular,Very High
17474.0,1,200.0,1047.0,174.5,,,2010-04-19 10:43:00,2010-04-19 10:43:00,0,,United Kingdom,600,1,1047.0,1,1,3,113,0,Lost,Very High
15407.0,4,552.0,1046.74,7.07,0.0147,28.27,2011-02-07 13:18:00,2011-11-06 11:55:00,272,90.67,United Kingdom,34,4,1046.74,4,3,3,433,1,Regular,Medium
15091.0,3,582.0,1046.61,18.36,0.0049,54.61,2010-02-03 11:46:00,2011-10-03 12:47:00,607,303.5,United Kingdom,68,3,1046.61,3,3,3,333,1,Regular,Medium
17555.0,5,739.0,1045.74,3.96,0.0088,19.76,2010-05-02 16:02:00,2011-11-20 12:22:00,567,141.75,United Kingdom,20,5,1045.74,4,4,3,443,1,Regular,Low
14108.0,4,660.0,1044.96,20.1,0.0056,79.69,2009-12-01 18:07:00,2011-11-09 10:41:00,708,236.0,United Kingdom,31,4,1044.96,4,3,3,433,1,Regular,Medium
15464.0,1,348.0,1044.65,6.74,,,2011-01-05 15:56:00,2011-01-05 15:56:00,0,,United Kingdom,338,1,1044.65,2,1,3,213,0,Lost,Very High
15535.0,6,314.0,1044.37,8.03,0.0217,48.09,2010-09-16 20:04:00,2011-06-19 16:02:00,276,55.2,United Kingdom,173,6,1044.37,3,4,3,343,1,Regular,High
13359.0,2,381.0,1043.31,18.63,0.0059,37.37,2010-11-01 15:05:00,2011-10-07 09:30:00,340,340.0,United Kingdom,64,2,1043.31,3,2,3,323,1,Regular,Medium
16903.0,3,717.0,1041.75,5.72,0.0078,17.22,2010-10-20 14:42:00,2011-11-10 15:32:00,386,193.0,United Kingdom,29,3,1041.75,4,3,3,433,1,Regular,Low
16991.0,1,793.0,1041.21,14.07,,,2010-10-14 14:08:00,2010-10-14 14:08:00,0,,United Kingdom,421,1,1041.21,1,1,3,113,0,Lost,Very High
16261.0,6,454.0,1041.16,6.39,0.0141,38.29,2010-09-23 16:40:00,2011-11-22 17:23:00,425,85.0,United Kingdom,17,6,1041.16,5,4,3,543,1,Regular,Low
13613.0,5,445.0,1039.85,17.62,0.024,87.96,2010-02-17 12:40:00,2010-09-13 12:01:00,208,52.0,United Kingdom,453,5,1039.85,1,4,3,143,0,Lost,Very High
13873.0,8,472.0,1038.92,17.32,0.0152,138.74,2010-03-03 12:31:00,2011-08-12 10:08:00,527,75.29,United Kingdom,120,8,1038.92,3,5,3,353,1,Regular,High
12486.0,1,523.0,1037.28,21.17,,,2010-10-04 12:14:00,2010-10-04 12:14:00,0,,Sweden,432,1,1037.28,1,1,3,113,0,Lost,Very High
17042.0,5,990.0,1036.58,10.69,0.0204,53.43,2011-04-06 14:53:00,2011-12-07 12:26:00,245,61.25,United Kingdom,3,5,1036.58,5,4,3,543,1,Regular,Low
14902.0,3,716.0,1035.62,17.55,0.0057,52.82,2010-06-04 12:35:00,2011-11-14 10:34:00,528,264.0,United Kingdom,26,3,1035.62,4,3,3,433,1,Regular,Low
17926.0,5,572.0,1035.49,23.53,0.0112,117.54,2010-05-09 14:07:00,2011-07-29 14:39:00,446,111.5,United Kingdom,133,5,1035.49,3,4,3,343,1,Regular,High
16260.0,1,311.0,1035.45,57.53,,,2011-10-20 09:40:00,2011-10-20 09:40:00,0,,United Kingdom,51,1,1035.45,4,1,3,413,1,Regular,Medium
12811.0,5,435.0,1033.9,18.46,0.0299,92.18,2010-10-08 12:20:00,2011-03-24 09:42:00,167,41.75,Portugal,261,5,1033.9,2,4,3,243,1,Regular,Very High
17724.0,3,300.0,1033.0,25.83,0.0448,77.53,2011-07-24 13:26:00,2011-09-29 15:26:00,67,33.5,United Kingdom,71,3,1033.0,3,3,3,333,1,Regular,Medium
14248.0,3,692.0,1032.95,21.98,0.0152,65.82,2010-07-12 14:27:00,2011-01-25 14:45:00,197,98.5,United Kingdom,318,3,1032.95,2,3,3,233,0,Lost,Very High
13000.0,4,548.0,1032.5,16.65,0.0065,66.99,2009-12-14 17:03:00,2011-08-25 10:43:00,619,206.33,United Kingdom,107,4,1032.5,3,3,3,333,1,Regular,High
17405.0,3,726.0,1031.41,12.58,0.0201,37.68,2011-07-12 14:17:00,2011-12-08 17:12:00,149,74.5,United Kingdom,1,3,1031.41,5,3,3,533,1,Regular,Low
13235.0,1,441.0,1031.07,17.78,,,2011-05-11 17:13:00,2011-05-11 17:13:00,0,,United Kingdom,212,1,1031.07,2,1,3,213,1,Regular,Very High
16198.0,2,384.0,1030.04,31.21,0.0055,62.14,2010-09-28 13:59:00,2011-09-25 14:58:00,362,362.0,United Kingdom,75,2,1030.04,3,2,3,323,1,Regular,Medium
16418.0,5,564.0,1028.74,6.59,0.0132,32.88,2010-10-13 12:31:00,2011-10-26 12:39:00,378,94.5,United Kingdom,45,5,1028.74,4,4,3,443,1,Regular,Medium
15333.0,1,344.0,1028.56,64.29,,,2011-05-15 13:27:00,2011-05-15 13:27:00,0,,United Kingdom,208,1,1028.56,2,1,3,213,1,Regular,Very High
16682.0,5,1040.0,1028.0,34.27,0.0273,171.21,2011-06-05 11:02:00,2011-12-05 12:13:00,183,45.75,United Kingdom,5,5,1028.0,5,4,3,543,1,Regular,Low
16227.0,3,436.0,1027.22,30.21,0.0097,90.84,2010-06-22 13:28:00,2011-04-28 13:33:00,310,155.0,United Kingdom,225,3,1027.22,2,3,3,233,1,Regular,Very High
15887.0,3,605.0,1027.15,27.76,0.0201,83.14,2010-06-02 11:53:00,2010-10-29 08:36:00,149,74.5,United Kingdom,407,3,1027.15,2,3,3,233,0,Lost,Very High
15003.0,6,525.0,1027.03,3.12,0.0287,18.71,2010-01-26 13:04:00,2010-08-23 15:44:00,209,41.8,United Kingdom,473,6,1027.03,1,4,3,143,0,Lost,Very High
17749.0,3,446.0,1026.18,18.0,0.0082,54.32,2010-06-11 14:56:00,2011-06-14 15:45:00,368,184.0,United Kingdom,178,3,1026.18,3,3,3,333,1,Regular,High
16160.0,2,1162.0,1025.44,51.27,0.1,102.54,2011-09-15 10:53:00,2011-10-05 14:19:00,20,20.0,United Kingdom,65,2,1025.44,3,2,3,323,1,Regular,Medium
13602.0,4,538.0,1025.17,17.68,0.0081,71.03,2010-05-28 11:49:00,2011-10-06 11:47:00,496,165.33,United Kingdom,65,4,1025.17,3,3,3,333,1,Regular,Medium
17310.0,2,402.0,1025.1,512.55,0.0136,1024.69,2010-06-23 11:38:00,2010-11-17 16:00:00,147,147.0,United Kingdom,387,2,1025.1,2,2,3,223,0,Lost,Very High
14204.0,4,469.0,1024.83,4.66,0.0054,18.5,2009-12-02 13:26:00,2011-12-07 13:38:00,735,245.0,United Kingdom,2,4,1024.83,5,3,3,533,1,Regular,Low
17362.0,7,549.0,1024.04,7.11,0.0151,49.71,2010-01-06 10:53:00,2011-04-14 14:43:00,463,77.17,United Kingdom,239,7,1024.04,2,4,3,243,1,Regular,Very High
16568.0,2,366.0,1020.9,204.18,0.0093,406.36,2010-03-08 14:51:00,2010-10-08 10:54:00,214,214.0,United Kingdom,428,2,1020.9,1,2,3,123,0,Lost,Very High
12572.0,2,452.0,1020.42,17.01,0.0465,34.01,2011-10-19 08:20:00,2011-12-01 09:20:00,43,43.0,Germany,9,2,1020.42,5,2,3,523,1,Regular,Low
13376.0,3,493.0,1019.76,19.24,0.0222,57.66,2011-04-19 13:03:00,2011-09-01 16:16:00,135,67.5,United Kingdom,99,3,1019.76,3,3,3,333,1,Regular,High
18142.0,2,1276.0,1019.52,67.97,0.0345,136.01,2011-05-08 12:31:00,2011-07-05 13:19:00,58,58.0,United Kingdom,157,2,1019.52,3,2,3,323,1,Regular,High
18074.0,2,361.0,1019.44,23.71,0.0152,47.57,2010-07-22 10:31:00,2010-12-01 09:53:00,132,132.0,United Kingdom,374,2,1019.44,2,2,3,223,0,Lost,Very High
12403.0,2,260.0,1019.36,113.26,0.0042,224.53,2010-07-06 11:39:00,2011-10-21 10:51:00,472,472.0,Denmark,50,2,1019.36,4,2,3,423,1,Regular,Medium
13956.0,5,486.0,1019.27,6.93,0.0188,34.66,2011-03-13 12:51:00,2011-12-04 13:20:00,266,66.5,United Kingdom,5,5,1019.27,5,4,3,543,1,Regular,Low
16441.0,5,478.0,1019.13,11.99,0.0089,59.76,2010-03-22 18:00:00,2011-10-03 17:48:00,560,140.0,United Kingdom,67,5,1019.13,3,4,3,343,1,Regular,Medium
12828.0,6,494.0,1018.71,18.19,0.0469,109.2,2011-08-01 16:16:00,2011-12-07 08:45:00,128,25.6,United Kingdom,3,6,1018.71,5,4,3,543,1,Regular,Low
16284.0,3,674.0,1018.48,7.66,0.0083,23.02,2010-11-11 13:27:00,2011-11-08 16:12:00,362,181.0,United Kingdom,31,3,1018.48,4,3,3,433,1,Regular,Medium
12905.0,2,532.0,1018.42,18.86,0.0189,37.78,2010-01-26 14:06:00,2010-05-12 10:05:00,106,106.0,United Kingdom,577,2,1018.42,1,2,3,123,0,Lost,Very High
16787.0,4,472.0,1017.53,9.09,0.0133,36.39,2010-01-10 11:12:00,2010-11-07 11:01:00,301,100.33,United Kingdom,398,4,1017.53,2,3,3,233,0,Lost,Very High
15970.0,2,498.0,1017.32,42.39,0.0068,85.03,2010-04-20 11:30:00,2011-02-09 12:08:00,295,295.0,United Kingdom,304,2,1017.32,2,2,3,223,0,Lost,Very High
12652.0,2,536.0,1017.03,19.94,0.0194,39.84,2010-10-01 15:16:00,2011-01-12 15:00:00,103,103.0,France,331,2,1017.03,2,2,3,223,0,Lost,Very High
13641.0,5,1098.0,1016.47,23.1,0.0532,115.52,2009-12-05 13:17:00,2010-03-09 07:37:00,94,23.5,United Kingdom,641,5,1016.47,1,4,3,143,0,Lost,Very High
13333.0,3,685.0,1015.74,18.47,0.0121,55.2,2010-02-19 09:26:00,2010-10-24 13:24:00,247,123.5,United Kingdom,411,3,1015.74,1,3,3,133,0,Lost,Very High
14675.0,2,660.0,1015.58,4.6,0.0054,9.24,2010-11-16 12:22:00,2011-11-23 12:58:00,372,372.0,United Kingdom,16,2,1015.58,5,2,3,523,1,Regular,Low
16623.0,4,442.0,1015.24,19.91,0.0115,79.45,2010-04-26 14:04:00,2011-04-08 10:09:00,347,115.67,United Kingdom,246,4,1015.24,2,3,3,233,1,Regular,Very High
12410.0,3,341.0,1013.71,25.34,0.0155,76.2,2010-07-25 13:26:00,2011-02-04 10:39:00,194,97.0,Switzerland,309,3,1013.71,2,3,3,233,0,Lost,Very High
13466.0,5,660.0,1013.35,18.42,0.0113,92.42,2010-03-21 13:50:00,2011-06-08 16:39:00,444,111.0,United Kingdom,184,5,1013.35,3,4,3,343,1,Regular,Very High
12642.0,3,552.0,1013.26,21.56,0.0366,64.71,2011-08-24 09:23:00,2011-11-14 15:03:00,82,41.0,Germany,25,3,1013.26,4,3,3,433,1,Regular,Low
15951.0,3,420.0,1013.17,17.17,0.008,51.24,2010-11-23 18:20:00,2011-12-01 08:34:00,373,186.5,United Kingdom,9,3,1013.17,5,3,3,533,1,Regular,Low
16451.0,3,524.0,1013.15,15.59,0.0046,46.47,2009-12-04 15:11:00,2011-09-13 09:17:00,648,324.0,United Kingdom,88,3,1013.15,3,3,3,333,1,Regular,Medium
17197.0,1,191.0,1013.01,34.93,,,2011-11-10 10:32:00,2011-11-10 10:32:00,0,,United Kingdom,30,1,1013.01,4,1,3,413,1,Regular,Low
17980.0,4,771.0,1012.72,16.6,0.0175,66.23,2010-11-11 14:42:00,2011-06-27 12:01:00,228,76.0,United Kingdom,166,4,1012.72,3,3,3,333,1,Regular,High
14775.0,3,1174.0,1011.9,16.87,0.0096,50.85,2010-12-02 16:38:00,2011-10-12 15:27:00,314,157.0,United Kingdom,58,3,1011.9,4,3,3,433,1,Regular,Medium
13039.0,4,290.0,1010.73,18.38,0.029,73.56,2009-12-17 16:43:00,2010-05-04 16:45:00,138,46.0,United Kingdom,584,4,1010.73,1,3,3,133,0,Lost,Very High
16572.0,3,532.0,1009.6,17.71,0.0203,53.21,2011-03-09 12:04:00,2011-08-04 16:34:00,148,74.0,United Kingdom,127,3,1009.6,3,3,3,333,1,Regular,High
13258.0,5,446.0,1009.43,22.94,0.0129,115.12,2010-11-04 12:45:00,2011-11-28 09:31:00,389,97.25,United Kingdom,12,5,1009.43,5,4,3,543,1,Regular,Low
16287.0,5,1426.0,1006.98,23.98,0.0096,119.71,2010-01-19 09:46:00,2011-06-23 09:08:00,520,130.0,United Kingdom,170,5,1006.98,3,4,3,343,1,Regular,High
13429.0,4,1390.0,1006.8,15.03,0.0615,60.08,2011-09-25 15:59:00,2011-11-29 09:10:00,65,21.67,United Kingdom,11,4,1006.8,5,3,3,533,1,Regular,Low
15850.0,6,1334.0,1006.75,3.24,0.0085,19.47,2009-12-13 13:27:00,2011-11-20 14:14:00,707,141.4,United Kingdom,19,6,1006.75,5,4,3,543,1,Regular,Low
13238.0,6,442.0,1006.63,21.42,0.0105,128.87,2010-04-28 15:02:00,2011-11-22 15:37:00,573,114.6,United Kingdom,17,6,1006.63,5,4,3,543,1,Regular,Low
15771.0,3,512.0,1006.54,35.95,0.0337,107.82,2010-01-15 12:14:00,2010-04-14 13:56:00,89,44.5,United Kingdom,604,3,1006.54,1,3,3,133,0,Lost,Very High
12703.0,4,595.0,1006.53,13.6,0.0065,54.19,2010-01-24 12:05:00,2011-09-29 17:52:00,613,204.33,Germany,71,4,1006.53,3,3,3,333,1,Regular,Medium
13427.0,6,880.0,1006.53,19.36,0.0085,115.69,2009-12-17 13:44:00,2011-11-20 13:02:00,703,140.6,United Kingdom,19,6,1006.53,5,4,3,543,1,Regular,Low
13549.0,8,554.0,1005.8,17.05,0.0221,136.4,2010-11-17 12:17:00,2011-11-14 09:20:00,362,51.71,United Kingdom,26,8,1005.8,4,5,3,453,1,Regular,Low
13867.0,3,501.0,1005.09,16.75,0.016,50.12,2011-05-05 17:28:00,2011-11-08 15:48:00,187,93.5,United Kingdom,31,3,1005.09,4,3,3,433,1,Regular,Medium
14214.0,5,751.0,1004.38,14.99,0.0202,74.79,2011-03-07 12:26:00,2011-11-09 10:31:00,247,61.75,United Kingdom,31,5,1004.38,4,4,3,443,1,Regular,Medium
18160.0,3,519.0,1003.88,15.44,0.0091,46.23,2010-11-18 16:33:00,2011-10-13 15:50:00,329,164.5,United Kingdom,57,3,1003.88,4,3,3,433,1,Regular,Medium
16435.0,3,608.0,1003.07,8.02,1.5,24.06,2010-07-13 13:29:00,2010-07-15 18:22:00,2,1.0,United Kingdom,512,3,1003.07,1,3,3,133,0,Lost,Very High
12446.0,1,351.0,1002.31,17.58,,,2011-10-13 12:50:00,2011-10-13 12:50:00,0,,RSA,58,1,1002.31,4,1,3,413,1,Regular,Medium
13857.0,6,782.0,1001.01,7.82,0.0337,46.91,2010-05-17 14:21:00,2010-11-11 12:54:00,178,35.6,United Kingdom,393,6,1001.01,2,4,3,243,0,Lost,Very High
14255.0,1,1.0,1000.63,1000.63,,,2010-06-11 15:54:00,2010-06-11 15:54:00,0,,United Kingdom,546,1,1000.63,1,1,3,113,0,Lost,Very High
12545.0,2,523.0,1000.39,20.01,0.0109,40.13,2011-03-25 12:04:00,2011-09-25 13:39:00,184,184.0,Spain,75,2,1000.39,3,2,3,323,1,Regular,Medium
15508.0,6,440.0,1000.27,10.87,0.1304,65.2,2011-04-18 15:31:00,2011-06-03 15:43:00,46,9.2,United Kingdom,189,6,1000.27,3,4,3,343,1,Regular,Very High
18143.0,2,570.0,1000.16,16.4,0.08,32.8,2011-07-21 10:44:00,2011-08-15 12:07:00,25,25.0,United Kingdom,117,2,1000.16,3,2,3,323,1,Regular,High
13005.0,4,462.0,999.68,17.85,0.0141,71.48,2010-09-08 12:52:00,2011-06-19 10:53:00,284,94.67,United Kingdom,174,4,999.68,3,3,3,333,1,Regular,High
12413.0,4,319.0,999.45,19.6,0.0119,78.37,2010-11-02 13:26:00,2011-10-04 09:00:00,336,112.0,France,67,4,999.45,3,3,3,333,1,Regular,Medium
17205.0,3,2214.0,999.35,28.55,0.0059,86.08,2010-05-24 15:36:00,2011-10-17 12:46:00,511,255.5,United Kingdom,54,3,999.35,4,3,3,433,1,Regular,Medium
17329.0,5,430.0,998.53,9.6,0.0069,47.83,2009-12-03 16:09:00,2011-11-25 14:24:00,722,180.5,United Kingdom,14,5,998.53,5,4,3,543,1,Regular,Low
17631.0,7,591.0,998.49,14.47,0.0096,101.27,2009-12-09 14:15:00,2011-12-08 09:47:00,729,121.5,United Kingdom,2,7,998.49,5,4,3,543,1,Regular,Low
12722.0,4,566.0,997.63,18.82,0.0615,75.23,2011-07-12 11:55:00,2011-09-15 14:50:00,65,21.67,France,85,4,997.63,3,3,3,333,1,Regular,Medium
13965.0,3,425.0,996.61,41.53,0.0132,124.44,2010-01-05 15:21:00,2010-08-20 10:40:00,227,113.5,United Kingdom,477,3,996.61,1,3,3,133,0,Lost,Very High
16699.0,7,640.0,994.6,16.04,0.0197,112.18,2009-12-04 13:31:00,2010-11-24 14:38:00,355,59.17,United Kingdom,380,7,994.6,2,4,3,243,0,Lost,Very High
13292.0,5,530.0,994.51,16.86,0.0102,83.92,2010-07-01 14:36:00,2011-11-01 10:04:00,488,122.0,United Kingdom,39,5,994.51,4,4,3,443,1,Regular,Medium
17237.0,4,414.0,994.13,12.58,0.0108,50.27,2010-11-23 11:45:00,2011-11-28 15:02:00,370,123.33,United Kingdom,11,4,994.13,5,3,3,533,1,Regular,Low
15104.0,2,635.0,993.54,14.83,0.0233,29.72,2011-03-02 14:16:00,2011-05-27 12:29:00,86,86.0,United Kingdom,197,2,993.54,2,2,3,223,1,Regular,Very High
17299.0,6,919.0,993.23,8.79,0.0128,52.88,2010-08-15 16:00:00,2011-11-28 12:01:00,470,94.0,United Kingdom,12,6,993.23,5,4,3,543,1,Regular,Low
14223.0,3,585.0,991.13,16.52,0.0174,49.44,2011-03-20 16:02:00,2011-09-08 13:38:00,172,86.0,United Kingdom,92,3,991.13,3,3,3,333,1,Regular,High
13559.0,2,360.0,990.0,495.0,0.0645,989.75,2010-06-14 11:52:00,2010-07-15 09:52:00,31,31.0,United Kingdom,513,2,990.0,1,2,3,123,0,Lost,Very High
13245.0,2,371.0,989.22,21.98,0.0052,43.66,2010-10-03 14:03:00,2011-10-20 11:40:00,382,382.0,United Kingdom,51,2,989.22,4,2,3,423,1,Regular,Medium
17883.0,7,476.0,988.42,5.71,0.0108,40.02,2010-02-25 20:07:00,2011-12-06 17:49:00,649,108.17,United Kingdom,3,7,988.42,5,4,3,543,1,Regular,Low
15176.0,1,448.0,988.04,19.0,,,2010-02-10 10:36:00,2010-02-10 10:36:00,0,,United Kingdom,668,1,988.04,1,1,3,113,0,Lost,Very High
16130.0,4,296.0,987.48,17.95,0.0205,71.76,2010-04-01 13:58:00,2010-10-13 15:14:00,195,65.0,United Kingdom,422,4,987.48,1,3,3,133,0,Lost,Very High
18237.0,5,622.0,987.1,16.18,0.0379,80.95,2011-07-28 13:05:00,2011-12-07 12:49:00,132,33.0,United Kingdom,3,5,987.1,5,4,3,543,1,Regular,Low
13439.0,3,952.0,986.61,5.91,0.0111,17.78,2010-07-01 14:36:00,2011-03-29 14:20:00,271,135.5,United Kingdom,255,3,986.61,2,3,3,233,1,Regular,Very High
12862.0,2,611.0,984.62,7.52,0.0286,15.06,2010-08-01 15:20:00,2010-10-10 11:47:00,70,70.0,United Kingdom,426,2,984.62,1,2,3,123,0,Lost,Very High
17144.0,2,483.0,984.57,20.51,0.0241,41.03,2011-09-16 12:50:00,2011-12-08 17:57:00,83,83.0,United Kingdom,1,2,984.57,5,2,3,523,1,Regular,Low
15109.0,3,258.0,983.1,20.48,0.0061,61.21,2009-12-04 12:33:00,2011-04-08 09:58:00,490,245.0,United Kingdom,246,3,983.1,2,3,3,233,1,Regular,Very High
12541.0,3,680.0,981.18,18.87,0.012,56.84,2011-03-04 09:32:00,2011-11-10 10:40:00,251,125.5,Spain,30,3,981.18,4,3,3,433,1,Regular,Low
12543.0,1,688.0,980.25,22.8,,,2010-09-17 15:51:00,2010-09-17 15:51:00,0,,Spain,448,1,980.25,1,1,3,113,0,Lost,Very High
14510.0,3,793.0,979.85,13.06,0.0492,39.2,2010-09-29 13:35:00,2010-11-29 12:46:00,61,30.5,United Kingdom,376,3,979.85,2,3,3,233,0,Lost,Very High
14230.0,3,246.0,979.8,29.69,0.0265,88.91,2010-06-09 13:56:00,2010-09-30 09:07:00,113,56.5,United Kingdom,436,3,979.8,1,3,3,133,0,Lost,Very High
15025.0,2,503.0,979.79,7.05,0.0037,13.96,2010-05-20 13:28:00,2011-11-06 15:20:00,535,535.0,United Kingdom,33,2,979.79,4,2,3,423,1,Regular,Medium
17369.0,1,1152.0,979.2,979.2,,,2010-09-10 09:49:00,2010-09-10 09:49:00,0,,United Kingdom,456,1,979.2,1,1,3,113,0,Lost,Very High
13350.0,2,287.0,979.12,24.48,0.0317,48.89,2011-09-21 13:33:00,2011-11-23 16:33:00,63,63.0,United Kingdom,16,2,979.12,5,2,3,523,1,Regular,Low
14157.0,5,521.0,978.69,11.51,0.008,57.73,2010-03-03 16:49:00,2011-11-20 11:32:00,627,156.75,United Kingdom,20,5,978.69,4,4,3,443,1,Regular,Low
15132.0,5,679.0,977.93,18.81,0.0205,94.09,2011-03-22 12:02:00,2011-11-21 17:10:00,244,61.0,United Kingdom,18,5,977.93,5,4,3,543,1,Regular,Low
14454.0,5,400.0,977.3,8.88,0.014,44.38,2009-12-06 12:56:00,2010-11-28 13:26:00,357,89.25,United Kingdom,376,5,977.3,2,4,3,243,0,Lost,Very High
17123.0,3,676.0,977.17,22.72,0.0073,68.17,2010-05-16 11:52:00,2011-07-01 10:47:00,411,205.5,United Kingdom,162,3,977.17,3,3,3,333,1,Regular,High
17221.0,5,713.0,976.62,7.88,0.0083,39.24,2010-04-11 15:34:00,2011-12-02 13:35:00,600,150.0,United Kingdom,7,5,976.62,5,4,3,543,1,Regular,Low
15247.0,3,514.0,976.06,57.42,0.0072,171.57,2010-06-20 14:08:00,2011-08-09 12:52:00,415,207.5,United Kingdom,122,3,976.06,3,3,3,333,1,Regular,High
15406.0,4,547.0,975.87,8.0,0.0095,32.07,2010-09-12 13:06:00,2011-11-08 13:22:00,422,140.67,United Kingdom,31,4,975.87,4,3,3,433,1,Regular,Medium
17456.0,2,508.0,975.56,16.26,0.022,32.55,2010-09-09 15:28:00,2010-12-09 15:23:00,91,91.0,United Kingdom,365,2,975.56,2,2,3,223,0,Lost,Very High
12915.0,4,411.0,975.1,16.25,0.0091,65.21,2010-04-29 19:36:00,2011-07-14 11:34:00,441,147.0,United Kingdom,149,4,975.1,3,3,3,333,1,Regular,High
16376.0,2,691.0,974.96,7.99,0.2222,15.98,2011-11-22 16:47:00,2011-12-01 11:38:00,9,9.0,United Kingdom,9,2,974.96,5,2,3,523,1,Regular,Low
15449.0,3,812.0,974.52,16.24,0.0128,48.85,2011-03-23 10:43:00,2011-11-13 15:02:00,235,117.5,United Kingdom,26,3,974.52,4,3,3,433,1,Regular,Low
12994.0,3,459.0,974.42,15.97,0.0114,48.06,2011-03-16 08:31:00,2011-12-05 15:43:00,264,132.0,United Kingdom,4,3,974.42,5,3,3,533,1,Regular,Low
17958.0,2,284.0,973.88,27.05,0.0033,54.63,2009-12-11 15:37:00,2011-08-15 12:19:00,612,612.0,United Kingdom,117,2,973.88,3,2,3,323,1,Regular,High
12525.0,3,509.0,973.73,16.23,0.0201,48.61,2010-03-02 14:01:00,2010-07-29 16:08:00,149,74.5,France,498,3,973.73,1,3,3,133,0,Lost,Very High
16009.0,4,366.0,972.11,11.85,0.0292,47.4,2011-07-03 11:26:00,2011-11-17 16:51:00,137,45.67,United Kingdom,22,4,972.11,4,3,3,433,1,Regular,Low
16535.0,3,664.0,972.04,13.69,0.0044,40.66,2010-01-28 15:26:00,2011-12-04 15:18:00,675,337.5,United Kingdom,5,3,972.04,5,3,3,533,1,Regular,Low
14350.0,3,543.0,972.03,16.48,0.0192,49.36,2010-10-05 15:52:00,2011-03-10 14:14:00,156,78.0,United Kingdom,274,3,972.03,2,3,3,233,0,Lost,Very High
17100.0,2,800.0,971.74,14.95,,,2011-11-21 16:36:00,2011-11-21 16:36:00,0,0.0,United Kingdom,18,2,971.74,5,2,3,523,1,Regular,Low
14953.0,4,1014.0,971.32,3.96,0.0098,15.91,2010-09-30 12:16:00,2011-11-14 14:59:00,410,136.67,United Kingdom,25,4,971.32,4,3,3,433,1,Regular,Low
15208.0,6,356.0,970.52,20.22,0.0142,121.17,2010-10-12 12:17:00,2011-12-08 17:24:00,422,84.4,United Kingdom,1,6,970.52,5,4,3,543,1,Regular,Low
18006.0,4,395.0,969.51,15.39,0.0057,61.32,2009-12-17 12:27:00,2011-11-16 16:52:00,699,233.0,United Kingdom,23,4,969.51,4,3,3,433,1,Regular,Low
13223.0,6,568.0,969.12,74.55,0.0129,447.19,2010-02-12 13:27:00,2011-05-23 13:03:00,465,93.0,United Kingdom,200,6,969.12,2,4,3,243,1,Regular,Very High
16254.0,3,543.0,967.44,13.07,0.0118,39.17,2010-03-17 15:43:00,2010-11-26 13:22:00,254,127.0,United Kingdom,378,3,967.44,2,3,3,233,0,Lost,Very High
13204.0,1,428.0,966.66,16.96,,,2009-12-08 14:56:00,2009-12-08 14:56:00,0,,United Kingdom,731,1,966.66,1,1,3,113,0,Lost,Very High
14138.0,2,600.0,965.88,21.0,0.0323,42.05,2011-10-07 09:38:00,2011-12-08 12:44:00,62,62.0,United Kingdom,2,2,965.88,5,2,3,523,1,Regular,Low
17987.0,5,981.0,965.44,5.89,0.0137,29.45,2010-06-07 11:23:00,2011-06-07 14:22:00,365,91.25,United Kingdom,185,5,965.44,3,4,3,343,1,Regular,Very High
15084.0,2,600.0,965.2,31.14,0.0075,62.12,2010-03-04 10:45:00,2010-11-25 11:58:00,266,266.0,United Kingdom,380,2,965.2,2,2,3,223,0,Lost,Very High
12550.0,1,569.0,964.83,16.93,,,2011-09-21 14:35:00,2011-09-21 14:35:00,0,,Spain,79,1,964.83,3,1,3,313,1,Regular,Medium
16763.0,2,492.0,964.7,21.93,0.0037,43.82,2009-12-01 15:26:00,2011-05-25 11:52:00,540,540.0,United Kingdom,199,2,964.7,2,2,3,223,1,Regular,Very High
15028.0,6,673.0,962.94,9.44,0.0155,56.48,2010-11-10 14:32:00,2011-12-01 14:06:00,386,77.2,United Kingdom,8,6,962.94,5,4,3,543,1,Regular,Low
15268.0,3,428.0,961.9,43.72,0.0236,131.04,2010-04-13 11:27:00,2010-08-18 10:33:00,127,63.5,United Kingdom,479,3,961.9,1,3,3,133,0,Lost,Very High
15156.0,3,597.0,961.49,17.48,0.0938,52.47,2011-11-06 12:41:00,2011-12-08 18:22:00,32,16.0,United Kingdom,1,3,961.49,5,3,3,533,1,Regular,Low
16518.0,4,524.0,959.37,14.11,0.0081,56.57,2010-06-01 13:31:00,2011-10-09 15:04:00,495,165.0,United Kingdom,61,4,959.37,3,3,3,333,1,Regular,Medium
12588.0,4,438.0,958.78,20.84,0.0072,83.73,2010-04-21 12:22:00,2011-10-31 15:01:00,558,186.0,Finland,39,4,958.78,4,3,3,433,1,Regular,Medium
18192.0,1,339.0,957.97,21.29,,,2011-09-29 09:53:00,2011-09-29 09:53:00,0,,United Kingdom,72,1,957.97,3,1,3,313,1,Regular,Medium
12697.0,3,508.0,957.59,23.36,0.0213,70.16,2011-06-23 15:44:00,2011-11-11 08:47:00,141,70.5,Sweden,29,3,957.59,4,3,3,433,1,Regular,Low
17080.0,7,569.0,957.53,29.02,0.0139,203.3,2010-07-01 16:03:00,2011-11-17 12:59:00,504,84.0,United Kingdom,22,7,957.53,4,4,3,443,1,Regular,Low
12675.0,2,336.0,957.25,8.55,0.08,17.1,2010-05-10 16:44:00,2010-06-04 09:49:00,25,25.0,Italy,554,2,957.25,1,2,3,123,0,Lost,Very High
17172.0,3,1215.0,956.57,24.53,0.0046,73.12,2009-12-13 11:46:00,2011-09-22 09:36:00,648,324.0,United Kingdom,79,3,956.57,3,3,3,333,1,Regular,Medium
16141.0,2,410.0,955.94,19.12,0.0061,38.37,2010-10-18 14:12:00,2011-09-12 13:11:00,329,329.0,United Kingdom,88,2,955.94,3,2,3,323,1,Regular,Medium
12990.0,7,480.0,955.5,35.39,0.0119,247.63,2010-03-30 11:36:00,2011-11-08 13:01:00,588,98.0,United Kingdom,31,7,955.5,4,4,3,443,1,Regular,Medium
14629.0,2,378.0,955.26,6.37,0.0465,12.74,2011-10-23 16:13:00,2011-12-05 16:55:00,43,43.0,United Kingdom,4,2,955.26,5,2,3,523,1,Regular,Low
16947.0,5,655.0,955.21,18.02,0.0122,90.36,2010-03-03 10:54:00,2011-04-18 09:38:00,411,102.75,United Kingdom,236,5,955.21,2,4,3,243,1,Regular,Very High
12505.0,1,324.0,955.2,22.74,,,2010-10-27 09:18:00,2010-10-27 09:18:00,0,,Italy,409,1,955.2,2,1,3,213,0,Lost,Very High
15430.0,2,309.0,954.75,26.52,0.0328,53.06,2010-06-29 15:04:00,2010-08-29 10:42:00,61,61.0,United Kingdom,468,2,954.75,1,2,3,123,0,Lost,Very High
17298.0,5,852.0,954.26,13.83,0.0093,69.45,2010-03-08 08:56:00,2011-08-30 16:43:00,540,135.0,United Kingdom,101,5,954.26,3,4,3,343,1,Regular,High
15835.0,4,439.0,954.09,19.08,0.014,76.4,2011-01-13 10:35:00,2011-10-26 15:47:00,286,95.33,United Kingdom,44,4,954.09,4,3,3,433,1,Regular,Medium
17189.0,5,601.0,953.63,7.95,0.0079,39.63,2009-12-02 11:45:00,2011-08-25 19:39:00,631,157.75,United Kingdom,106,5,953.63,3,4,3,343,1,Regular,High
17420.0,6,446.0,953.58,19.07,0.0171,114.46,2010-11-03 13:09:00,2011-10-20 14:52:00,351,70.2,United Kingdom,50,6,953.58,4,4,3,443,1,Regular,Medium
12414.0,6,495.0,952.41,34.01,0.0244,204.14,2010-09-02 12:22:00,2011-05-06 14:51:00,246,49.2,Austria,217,6,952.41,2,4,3,243,1,Regular,Very High
14615.0,5,495.0,951.76,19.83,0.0325,99.25,2010-06-09 13:59:00,2010-11-10 13:36:00,154,38.5,United Kingdom,394,5,951.76,2,4,3,243,0,Lost,Very High
17955.0,6,681.0,949.9,43.18,0.0128,258.11,2010-02-12 16:27:00,2011-05-25 12:00:00,467,93.4,United Kingdom,199,6,949.9,2,4,3,243,1,Regular,Very High
12767.0,1,598.0,949.82,22.09,,,2010-11-29 09:38:00,2010-11-29 09:38:00,0,,Korea,376,1,949.82,2,1,3,213,0,Lost,Very High
17081.0,6,381.0,949.39,4.59,0.0095,27.47,2010-02-22 13:19:00,2011-11-14 12:56:00,630,126.0,United Kingdom,25,6,949.39,4,4,3,443,1,Regular,Low
13046.0,3,505.0,949.25,16.95,0.007,50.54,2010-09-09 13:09:00,2011-11-09 08:36:00,426,213.0,United Kingdom,31,3,949.25,4,3,3,433,1,Regular,Medium
13636.0,5,592.0,949.12,15.07,0.0201,75.42,2011-02-27 14:29:00,2011-11-03 10:30:00,249,62.25,United Kingdom,37,5,949.12,4,4,3,443,1,Regular,Medium
15177.0,1,485.0,948.93,36.5,,,2010-10-10 12:48:00,2010-10-10 12:48:00,0,,United Kingdom,426,1,948.93,1,1,3,113,0,Lost,Very High
12822.0,2,550.0,948.88,20.63,0.1176,41.24,2011-09-13 13:46:00,2011-09-30 10:04:00,17,17.0,United Kingdom,71,2,948.88,3,2,3,323,1,Regular,Medium
12874.0,2,623.0,948.42,19.76,0.0118,39.41,2010-06-03 12:51:00,2010-11-19 15:23:00,169,169.0,Belgium,385,2,948.42,2,2,3,223,0,Lost,Very High
12355.0,2,543.0,947.61,27.07,0.0057,54.47,2010-05-21 11:59:00,2011-05-09 13:49:00,353,353.0,Bahrain,214,2,947.61,2,2,3,223,1,Regular,Very High
17516.0,6,522.0,947.5,4.96,0.0165,29.71,2010-11-26 12:50:00,2011-11-24 16:51:00,363,72.6,United Kingdom,15,6,947.5,5,4,3,543,1,Regular,Low
16136.0,4,674.0,946.8,20.58,0.0066,82.04,2010-02-14 12:49:00,2011-10-11 09:10:00,604,201.33,United Kingdom,60,4,946.8,3,3,3,333,1,Regular,Medium
14994.0,5,568.0,946.72,3.13,0.0207,15.61,2010-03-26 14:16:00,2010-11-22 12:59:00,241,60.25,United Kingdom,382,5,946.72,2,4,3,243,0,Lost,Very High
16861.0,5,616.0,946.59,19.32,0.0111,96.29,2010-07-19 11:44:00,2011-10-11 09:05:00,449,112.25,United Kingdom,60,5,946.59,3,4,3,343,1,Regular,Medium
17356.0,5,925.0,946.47,11.01,0.0133,55.21,2010-01-20 12:14:00,2011-02-01 11:07:00,377,94.25,United Kingdom,312,5,946.47,2,4,3,243,0,Lost,Very High
16146.0,4,544.0,946.38,23.08,0.0137,92.01,2010-09-17 10:46:00,2011-07-05 14:20:00,291,97.0,United Kingdom,157,4,946.38,3,3,3,333,1,Regular,High
18217.0,4,740.0,945.04,23.63,0.008,93.95,2010-07-01 15:39:00,2011-11-10 13:18:00,497,165.67,United Kingdom,29,4,945.04,4,3,3,433,1,Regular,Low
17544.0,3,410.0,944.82,10.74,,,2010-11-14 14:47:00,2010-11-14 15:08:00,0,0.0,United Kingdom,390,3,944.82,2,3,3,233,0,Lost,Very High
13261.0,2,210.0,944.1,104.9,0.1176,209.72,2011-02-27 10:41:00,2011-03-16 12:22:00,17,17.0,United Kingdom,269,2,944.1,2,2,3,223,0,Lost,Very High
16203.0,6,537.0,943.84,14.3,0.0135,86.1,2010-07-23 13:09:00,2011-10-12 12:31:00,446,89.2,United Kingdom,59,6,943.84,3,4,3,343,1,Regular,Medium
16199.0,7,321.0,942.75,94.28,0.0293,660.21,2010-03-18 18:47:00,2010-11-12 12:55:00,239,39.83,United Kingdom,392,7,942.75,2,4,3,243,0,Lost,Very High
17604.0,6,614.0,942.38,4.53,0.0129,27.11,2010-01-27 12:19:00,2011-05-06 13:43:00,464,92.8,United Kingdom,217,6,942.38,2,4,3,243,1,Regular,Very High
15385.0,3,428.0,942.08,44.86,0.0047,134.31,2010-01-31 13:02:00,2011-10-30 15:11:00,637,318.5,United Kingdom,40,3,942.08,4,3,3,433,1,Regular,Medium
14958.0,6,248.0,941.99,13.27,0.0102,79.72,2009-12-03 16:02:00,2011-07-15 14:20:00,589,117.8,United Kingdom,147,6,941.99,3,4,3,343,1,Regular,High
14326.0,3,572.0,940.98,16.51,0.0103,49.32,2010-06-25 12:10:00,2011-04-11 15:04:00,290,145.0,United Kingdom,242,3,940.98,2,3,3,233,1,Regular,Very High
13416.0,3,208.0,940.8,36.18,0.0043,107.81,2009-12-03 13:02:00,2011-10-27 08:56:00,693,346.5,United Kingdom,44,3,940.8,4,3,3,433,1,Regular,Medium
13936.0,3,661.0,939.66,15.93,0.0128,47.92,2010-10-21 14:21:00,2011-06-13 08:47:00,235,117.5,United Kingdom,180,3,939.66,3,3,3,333,1,Regular,High
16109.0,3,1092.0,939.48,30.31,0.0063,91.66,2010-01-10 10:37:00,2011-05-05 09:17:00,480,240.0,United Kingdom,219,3,939.48,2,3,3,233,1,Regular,Very High
17527.0,4,488.0,939.37,19.99,0.0242,79.82,2011-05-05 13:43:00,2011-10-17 12:32:00,165,55.0,United Kingdom,54,4,939.37,4,3,3,433,1,Regular,Medium
17020.0,2,860.0,935.62,13.56,0.0192,27.08,2010-03-03 12:27:00,2010-06-15 13:06:00,104,104.0,United Kingdom,542,2,935.62,1,2,3,123,0,Lost,Very High
14140.0,2,811.0,935.05,14.17,0.0714,28.33,2011-11-08 11:20:00,2011-12-06 09:05:00,28,28.0,United Kingdom,4,2,935.05,5,2,3,523,1,Regular,Low
15792.0,2,606.0,933.84,16.38,0.0091,32.64,2010-03-31 09:42:00,2010-11-05 08:21:00,219,219.0,United Kingdom,400,2,933.84,2,2,3,223,0,Lost,Very High
15787.0,3,534.0,933.26,4.67,0.0857,14.01,2011-10-09 13:11:00,2011-11-13 14:55:00,35,17.5,United Kingdom,26,3,933.26,4,3,3,433,1,Regular,Low
16661.0,4,364.0,932.76,15.04,0.022,60.22,2009-12-17 15:39:00,2010-06-17 15:24:00,182,60.67,United Kingdom,540,4,932.76,1,3,3,133,0,Lost,Very High
18154.0,5,626.0,932.6,19.84,0.0103,99.52,2010-08-06 09:18:00,2011-12-06 16:41:00,487,121.75,United Kingdom,3,5,932.6,5,4,3,543,1,Regular,Low
18133.0,1,1350.0,931.5,931.5,,,2011-05-11 14:14:00,2011-05-11 14:14:00,0,,United Kingdom,212,1,931.5,2,1,3,213,1,Regular,Very High
12396.0,1,591.0,931.43,14.33,,,2010-02-03 13:22:00,2010-02-03 13:22:00,0,,RSA,674,1,931.43,1,1,3,113,0,Lost,Very High
13465.0,2,584.0,931.12,27.39,0.0143,54.83,2010-05-02 15:30:00,2010-09-19 15:13:00,140,140.0,United Kingdom,446,2,931.12,1,2,3,123,0,Lost,Very High
14924.0,3,312.0,931.01,30.03,0.0076,89.92,2010-03-10 12:51:00,2011-04-08 09:25:00,394,197.0,United Kingdom,246,3,931.01,2,3,3,233,1,Regular,Very High
15723.0,4,427.0,930.7,7.57,0.019,30.2,2010-05-14 12:55:00,2010-12-10 11:12:00,210,70.0,United Kingdom,365,4,930.7,2,3,3,233,0,Lost,Very High
14338.0,3,622.0,928.1,18.56,0.008,55.68,2010-06-21 10:32:00,2011-07-01 14:08:00,375,187.5,United Kingdom,161,3,928.1,3,3,3,333,1,Regular,High
13288.0,5,379.0,927.61,92.76,0.0224,463.35,2010-02-11 14:59:00,2010-09-22 16:32:00,223,55.75,United Kingdom,443,5,927.61,1,4,3,143,0,Lost,Very High
15243.0,2,543.0,927.28,15.2,0.0055,30.18,2010-09-30 17:28:00,2011-09-26 14:12:00,361,361.0,United Kingdom,74,2,927.28,3,2,3,323,1,Regular,Medium
17805.0,2,1126.0,927.03,84.28,0.0037,167.46,2010-04-08 14:36:00,2011-09-27 11:49:00,537,537.0,United Kingdom,74,2,927.03,3,2,3,323,1,Regular,Medium
16975.0,3,586.0,926.12,20.58,0.0366,61.76,2010-07-22 11:38:00,2010-10-12 17:53:00,82,41.0,United Kingdom,423,3,926.12,1,3,3,133,0,Lost,Very High
12745.0,3,468.0,925.41,40.24,0.0153,120.67,2010-01-26 16:22:00,2010-08-10 10:14:00,196,98.0,EIRE,487,3,925.41,1,3,3,133,0,Lost,Very High
13805.0,2,1900.0,924.6,71.12,0.026,142.38,2011-08-02 15:29:00,2011-10-18 14:50:00,77,77.0,United Kingdom,52,2,924.6,4,2,3,423,1,Regular,Medium
14128.0,3,814.0,924.21,14.22,0.0061,42.59,2010-06-06 14:05:00,2011-10-10 12:00:00,491,245.5,United Kingdom,61,3,924.21,3,3,3,333,1,Regular,Medium
18001.0,6,874.0,924.14,7.0,0.0083,42.12,2009-12-02 15:38:00,2011-11-27 16:02:00,725,145.0,United Kingdom,12,6,924.14,5,4,3,543,1,Regular,Low
16643.0,2,553.0,923.11,16.78,0.0113,33.56,2010-10-13 09:47:00,2011-04-08 08:24:00,177,177.0,United Kingdom,246,2,923.11,2,2,3,223,1,Regular,Very High
17322.0,5,631.0,922.59,5.21,0.0139,26.07,2009-12-03 11:46:00,2010-11-28 14:41:00,360,90.0,United Kingdom,376,5,922.59,2,4,3,243,0,Lost,Very High
15654.0,2,475.0,922.53,43.93,0.1176,87.82,2011-11-13 15:15:00,2011-11-30 13:08:00,17,17.0,United Kingdom,9,2,922.53,5,2,3,523,1,Regular,Low
13122.0,2,585.0,922.39,16.77,0.0137,33.54,2011-04-13 14:12:00,2011-09-06 15:53:00,146,146.0,United Kingdom,94,2,922.39,3,2,3,323,1,Regular,High
17472.0,4,551.0,922.35,4.14,0.0092,16.64,2010-03-21 13:27:00,2011-06-01 14:57:00,437,145.67,United Kingdom,191,4,922.35,2,3,3,233,1,Regular,Very High
16362.0,6,467.0,922.16,10.25,0.0148,61.44,2010-09-28 09:24:00,2011-11-07 13:01:00,405,81.0,United Kingdom,32,6,922.16,4,4,3,443,1,Regular,Medium
13934.0,1,390.0,922.1,29.75,,,2011-03-21 08:39:00,2011-03-21 08:39:00,0,,United Kingdom,264,1,922.1,2,1,3,213,0,Lost,Very High
14605.0,4,416.0,921.56,8.53,0.0112,34.11,2009-12-08 13:59:00,2010-11-30 14:07:00,357,119.0,United Kingdom,374,4,921.56,2,3,3,233,0,Lost,Very High
12638.0,2,663.0,921.49,19.2,0.0033,38.4,2010-03-10 10:30:00,2011-11-06 13:11:00,606,606.0,Sweden,33,2,921.49,4,2,3,423,1,Regular,Medium
15576.0,1,394.0,921.37,21.43,,,2011-11-02 12:03:00,2011-11-02 12:03:00,0,,United Kingdom,38,1,921.37,4,1,3,413,1,Regular,Medium
15957.0,3,453.0,921.25,6.31,0.0077,18.9,2010-10-15 12:11:00,2011-11-08 12:14:00,389,194.5,United Kingdom,32,3,921.25,4,3,3,433,1,Regular,Medium
14272.0,4,1097.0,920.81,14.39,0.0079,57.86,2010-05-06 14:01:00,2011-09-27 10:08:00,509,169.67,United Kingdom,74,4,920.81,3,3,3,333,1,Regular,Medium
17363.0,3,499.0,920.46,26.3,0.4286,78.91,2010-11-02 17:25:00,2010-11-09 17:11:00,7,3.5,United Kingdom,395,3,920.46,2,3,3,233,0,Lost,Very High
12998.0,3,1124.0,920.08,15.86,0.0186,47.49,2010-02-24 11:55:00,2010-08-04 08:05:00,161,80.5,United Kingdom,493,3,920.08,1,3,3,133,0,Lost,Very High
14568.0,1,645.0,919.7,19.57,,,2010-09-30 17:15:00,2010-09-30 17:15:00,0,,Channel Islands,435,1,919.7,1,1,3,113,0,Lost,Very High
13075.0,1,485.0,919.61,41.8,,,2011-08-02 10:19:00,2011-08-02 10:19:00,0,,United Kingdom,130,1,919.61,3,1,3,313,1,Regular,High
13872.0,3,339.0,919.57,16.13,0.0152,48.54,2009-12-14 09:56:00,2010-06-30 15:35:00,198,99.0,United Kingdom,527,3,919.57,1,3,3,133,0,Lost,Very High
16204.0,3,671.0,918.71,9.1,0.0042,27.06,2009-12-08 17:44:00,2011-11-16 13:40:00,708,354.0,United Kingdom,23,3,918.71,4,3,3,433,1,Regular,Low
14342.0,6,521.0,918.44,27.83,0.0133,166.93,2010-08-24 13:03:00,2011-11-18 13:21:00,451,90.2,United Kingdom,21,6,918.44,4,4,3,443,1,Regular,Low
12368.0,1,330.0,917.7,50.98,,,2010-03-21 15:56:00,2010-03-21 15:56:00,0,,Cyprus,628,1,917.7,1,1,3,113,0,Lost,Very High
14061.0,3,133.0,917.43,48.29,0.013,145.01,2009-12-01 18:03:00,2010-07-20 17:22:00,231,115.5,United Kingdom,507,3,917.43,1,3,3,133,0,Lost,Very High
14015.0,1,378.0,917.34,45.87,,,2011-10-18 10:02:00,2011-10-18 10:02:00,0,,United Kingdom,53,1,917.34,4,1,3,413,1,Regular,Medium
15707.0,4,594.0,916.98,4.47,0.0784,17.87,2011-09-14 14:19:00,2011-11-04 14:35:00,51,17.0,United Kingdom,35,4,916.98,4,3,3,433,1,Regular,Medium
14423.0,3,419.0,916.61,61.11,0.0063,183.26,2010-01-14 11:49:00,2011-05-05 15:12:00,476,238.0,United Kingdom,218,3,916.61,2,3,3,233,1,Regular,Very High
14839.0,3,927.0,915.28,12.37,0.0105,37.15,2010-01-04 16:29:00,2010-10-17 13:01:00,286,143.0,United Kingdom,418,3,915.28,1,3,3,133,0,Lost,Very High
14141.0,4,355.0,915.13,22.88,0.0388,91.44,2011-08-26 14:40:00,2011-12-07 09:53:00,103,34.33,United Kingdom,3,4,915.13,5,3,3,533,1,Regular,Low
16216.0,1,254.0,914.93,24.73,,,2011-03-17 15:34:00,2011-03-17 15:34:00,0,,United Kingdom,267,1,914.93,2,1,3,213,0,Lost,Very High
14549.0,4,394.0,913.6,6.39,0.0094,25.59,2009-12-02 14:06:00,2011-02-01 13:47:00,426,142.0,United Kingdom,311,4,913.6,2,3,3,233,0,Lost,Very High
15364.0,2,493.0,913.19,31.49,0.0126,63.09,2011-03-30 13:39:00,2011-09-05 09:46:00,159,159.0,United Kingdom,96,2,913.19,3,2,3,323,1,Regular,High
14359.0,3,371.0,912.18,16.59,0.0441,49.75,2011-09-13 09:03:00,2011-11-20 13:17:00,68,34.0,United Kingdom,19,3,912.18,5,3,3,533,1,Regular,Low
15244.0,3,472.0,912.08,19.0,0.005,57.1,2010-02-11 14:48:00,2011-10-05 13:19:00,601,300.5,United Kingdom,65,3,912.08,3,3,3,333,1,Regular,Medium
17812.0,7,444.0,911.99,4.83,0.0135,33.78,2010-06-27 13:34:00,2011-11-27 11:47:00,518,86.33,United Kingdom,13,7,911.99,5,4,3,543,1,Regular,Low
16034.0,6,585.0,911.32,16.27,0.0282,97.73,2010-10-26 13:00:00,2011-05-27 16:17:00,213,42.6,United Kingdom,196,6,911.32,2,4,3,243,1,Regular,Very High
14289.0,6,292.0,911.26,19.39,0.0214,116.6,2011-02-23 12:33:00,2011-12-01 11:44:00,281,56.2,United Kingdom,9,6,911.26,5,4,3,543,1,Regular,Low
14133.0,4,398.0,911.14,25.31,0.0066,100.9,2009-12-06 12:10:00,2011-08-02 11:34:00,604,201.33,United Kingdom,130,4,911.14,3,3,3,333,1,Regular,High
16138.0,3,774.0,910.35,24.6,0.0142,74.06,2010-04-28 09:51:00,2010-11-26 12:13:00,212,106.0,United Kingdom,379,3,910.35,2,3,3,233,0,Lost,Very High
13038.0,3,360.0,908.46,32.45,0.0143,97.45,2011-02-22 11:43:00,2011-09-20 14:37:00,210,105.0,United Kingdom,80,3,908.46,3,3,3,333,1,Regular,Medium
15097.0,3,424.0,908.35,13.76,0.0052,41.43,2010-05-05 14:22:00,2011-12-05 14:03:00,579,289.5,United Kingdom,4,3,908.35,5,3,3,533,1,Regular,Low
17464.0,3,608.0,907.14,23.26,0.0065,69.7,2010-03-30 13:15:00,2011-07-04 13:19:00,461,230.5,United Kingdom,158,3,907.14,3,3,3,333,1,Regular,High
14714.0,4,642.0,906.24,9.74,0.006,38.75,2010-01-21 11:51:00,2011-11-15 13:07:00,663,221.0,United Kingdom,24,4,906.24,4,3,3,433,1,Regular,Low
14969.0,1,665.0,906.23,69.71,,,2010-01-05 12:43:00,2010-01-05 12:43:00,0,,United Kingdom,704,1,906.23,1,1,3,113,0,Lost,Very High
13573.0,6,647.0,904.52,10.4,0.0102,62.27,2010-03-12 16:06:00,2011-10-20 14:33:00,587,117.4,United Kingdom,50,6,904.52,4,4,3,443,1,Regular,Medium
17746.0,4,688.0,904.18,25.12,0.0108,100.38,2010-04-08 12:54:00,2011-04-13 14:31:00,370,123.33,United Kingdom,240,4,904.18,2,3,3,233,1,Regular,Very High
17176.0,3,576.0,902.32,21.48,0.0063,64.41,2010-01-31 15:49:00,2011-05-22 12:41:00,476,238.0,United Kingdom,202,3,902.32,2,3,3,233,1,Regular,Very High
17382.0,8,457.0,902.28,50.13,0.0159,401.72,2010-05-19 11:33:00,2011-10-05 13:05:00,504,72.0,United Kingdom,65,8,902.28,3,5,3,353,1,Regular,Medium
16916.0,4,649.0,902.02,4.4,0.0102,17.59,2010-10-20 12:56:00,2011-11-16 12:08:00,392,130.67,United Kingdom,24,4,902.02,4,3,3,433,1,Regular,Low
13548.0,3,558.0,901.44,4.9,0.008,14.7,2010-08-25 13:44:00,2011-09-04 14:50:00,375,187.5,United Kingdom,96,3,901.44,3,3,3,333,1,Regular,High
15511.0,5,269.0,900.53,5.7,0.0676,28.51,2011-09-15 15:05:00,2011-11-28 09:43:00,74,18.5,United Kingdom,12,5,900.53,5,4,3,543,1,Regular,Low
12945.0,2,446.0,900.11,17.65,0.0054,35.07,2010-02-21 15:18:00,2011-02-24 14:15:00,368,368.0,United Kingdom,288,2,900.11,2,2,3,223,0,Lost,Very High
12940.0,2,404.0,899.69,9.37,0.0606,18.74,2011-09-13 10:16:00,2011-10-16 12:09:00,33,33.0,United Kingdom,55,2,899.69,4,2,3,423,1,Regular,Medium
16834.0,2,760.0,898.96,18.73,0.0045,37.68,2010-02-03 14:24:00,2011-04-26 09:37:00,447,447.0,United Kingdom,228,2,898.96,2,2,3,223,1,Regular,Very High
15710.0,1,641.0,898.87,8.17,,,2010-10-18 17:05:00,2010-10-18 17:05:00,0,,United Kingdom,417,1,898.87,1,1,3,113,0,Lost,Very High
15992.0,3,514.0,896.6,16.6,0.0067,50.05,2010-09-12 11:52:00,2011-12-06 11:00:00,450,225.0,United Kingdom,4,3,896.6,5,3,3,533,1,Regular,Low
13996.0,2,613.0,895.76,27.14,0.1538,54.26,2010-11-05 15:07:00,2010-11-18 16:27:00,13,13.0,United Kingdom,386,2,895.76,2,2,3,223,0,Lost,Very High
16122.0,6,1280.0,895.62,16.59,0.017,99.27,2010-10-10 15:26:00,2011-09-27 15:34:00,352,70.4,United Kingdom,73,6,895.62,3,4,3,343,1,Regular,Medium
17226.0,3,853.0,895.47,15.18,0.0084,45.52,2010-02-12 14:31:00,2011-02-04 11:52:00,357,178.5,United Kingdom,309,3,895.47,2,3,3,233,0,Lost,Very High
15211.0,2,240.0,894.41,17.2,0.0066,34.62,2010-12-09 16:08:00,2011-10-10 13:31:00,305,305.0,United Kingdom,60,2,894.41,3,2,3,323,1,Regular,Medium
15066.0,1,317.0,893.59,21.28,,,2011-10-17 13:25:00,2011-10-17 13:25:00,0,,United Kingdom,53,1,893.59,4,1,3,413,1,Regular,Medium
12772.0,1,556.0,892.47,16.23,,,2011-10-11 09:19:00,2011-10-11 09:19:00,0,,Portugal,60,1,892.47,3,1,3,313,1,Regular,Medium
17155.0,7,987.0,892.46,12.23,0.0097,85.3,2009-12-03 11:34:00,2011-11-22 12:38:00,719,119.83,United Kingdom,18,7,892.46,5,4,3,543,1,Regular,Low
16784.0,5,494.0,892.33,5.65,0.0083,28.23,2010-03-28 12:55:00,2011-11-20 12:20:00,602,150.5,United Kingdom,20,5,892.33,4,4,3,443,1,Regular,Low
16442.0,5,580.0,891.98,3.61,0.0069,18.06,2009-12-13 11:05:00,2011-12-08 11:43:00,725,181.25,United Kingdom,2,5,891.98,5,4,3,543,1,Regular,Low
15393.0,5,378.0,891.34,20.26,0.0071,101.84,2009-12-15 17:56:00,2011-11-23 16:48:00,708,177.0,United Kingdom,16,5,891.34,5,4,3,543,1,Regular,Low
16361.0,4,418.0,891.21,8.57,0.0645,34.27,2011-09-29 13:13:00,2011-11-30 12:32:00,62,20.67,United Kingdom,10,4,891.21,5,3,3,533,1,Regular,Low
14065.0,3,582.0,891.02,18.18,0.0714,54.52,2010-10-04 12:03:00,2010-11-15 16:13:00,42,21.0,United Kingdom,389,3,891.02,2,3,3,233,0,Lost,Very High
15824.0,2,478.0,890.94,34.27,0.0253,68.5,2010-06-25 15:10:00,2010-09-12 13:20:00,79,79.0,United Kingdom,453,2,890.94,1,2,3,123,0,Lost,Very High
15525.0,4,527.0,890.22,4.95,0.0105,19.75,2010-11-22 12:10:00,2011-12-07 14:43:00,380,126.67,United Kingdom,2,4,890.22,5,3,3,533,1,Regular,Low
17062.0,6,644.0,889.75,7.35,0.0476,44.08,2010-09-26 11:57:00,2011-01-30 11:01:00,126,25.2,United Kingdom,314,6,889.75,2,4,3,243,0,Lost,Very High
14813.0,4,392.0,888.91,6.44,0.0166,25.76,2010-04-08 11:49:00,2010-12-05 11:57:00,241,80.33,United Kingdom,370,4,888.91,2,4,3,243,0,Lost,Very High
17537.0,2,699.0,887.67,12.0,0.0073,24.0,2011-02-09 13:37:00,2011-11-10 10:56:00,274,274.0,United Kingdom,30,2,887.67,4,2,3,423,1,Regular,Low
16900.0,3,833.0,887.11,11.23,0.0638,33.67,2011-10-07 13:17:00,2011-11-23 10:32:00,47,23.5,United Kingdom,17,3,887.11,5,3,3,533,1,Regular,Low
15900.0,4,656.0,886.57,7.04,0.0074,28.08,2010-05-26 11:27:00,2011-11-16 12:19:00,539,179.67,United Kingdom,24,4,886.57,4,4,3,443,1,Regular,Low
16228.0,3,555.0,885.71,16.4,0.2,49.2,2010-11-04 18:54:00,2010-11-19 14:20:00,15,7.5,United Kingdom,385,3,885.71,2,3,3,233,0,Lost,Very High
12793.0,3,461.0,885.53,20.13,0.0448,60.42,2010-11-03 13:05:00,2011-01-09 12:12:00,67,33.5,Portugal,335,3,885.53,2,3,3,233,0,Lost,Very High
16898.0,5,695.0,885.21,3.53,0.0091,17.67,2010-05-12 12:18:00,2011-11-13 15:44:00,550,137.5,United Kingdom,26,5,885.21,4,4,3,443,1,Regular,Low
17704.0,2,343.0,885.19,28.55,0.0282,57.16,2011-04-14 09:28:00,2011-06-24 09:40:00,71,71.0,United Kingdom,169,2,885.19,3,2,3,323,1,Regular,High
17708.0,4,387.0,884.18,12.11,0.0169,48.3,2010-10-12 12:13:00,2011-06-05 10:12:00,236,78.67,United Kingdom,188,4,884.18,3,4,3,343,1,Regular,Very High
15907.0,3,478.0,882.72,3.91,0.0145,11.74,2011-05-13 13:01:00,2011-12-06 12:21:00,207,103.5,United Kingdom,4,3,882.72,5,3,3,533,1,Regular,Low
18141.0,2,433.0,882.47,21.01,0.0106,41.87,2010-04-29 15:32:00,2010-11-03 11:44:00,188,188.0,United Kingdom,402,2,882.47,2,2,3,223,0,Lost,Very High
16387.0,5,448.0,882.46,10.14,0.0158,50.63,2010-03-11 12:22:00,2011-01-21 11:34:00,316,79.0,United Kingdom,323,5,882.46,2,4,3,243,0,Lost,Very High
17480.0,2,581.0,882.23,16.65,0.0054,33.0,2010-09-21 12:31:00,2011-09-23 11:39:00,367,367.0,United Kingdom,78,2,882.23,3,2,3,323,1,Regular,Medium
16385.0,5,476.0,881.35,7.73,0.0088,38.84,2010-03-18 12:45:00,2011-10-10 13:12:00,571,142.75,United Kingdom,60,5,881.35,3,4,3,343,1,Regular,Medium
17143.0,2,314.0,880.97,7.87,0.0204,15.73,2010-07-12 13:26:00,2010-10-18 15:27:00,98,98.0,United Kingdom,417,2,880.97,1,2,3,123,0,Lost,Very High
12680.0,4,444.0,880.81,16.62,0.0354,66.48,2011-08-18 15:44:00,2011-12-09 12:50:00,113,37.67,France,1,4,880.81,5,4,3,543,1,Regular,Low
16677.0,2,457.0,880.62,18.74,0.0083,37.49,2010-02-25 16:11:00,2010-10-24 14:53:00,241,241.0,United Kingdom,411,2,880.62,1,2,3,123,0,Lost,Very High
13937.0,2,587.0,880.13,16.3,0.0086,32.66,2010-11-02 12:37:00,2011-06-23 16:35:00,233,233.0,United Kingdom,169,2,880.13,3,2,3,323,1,Regular,High
14551.0,7,486.0,878.09,11.12,0.0106,78.15,2010-01-27 12:06:00,2011-11-21 13:36:00,663,110.5,United Kingdom,18,7,878.09,5,4,3,543,1,Regular,Low
14612.0,1,134.0,877.7,62.69,,,2010-10-20 16:01:00,2010-10-20 16:01:00,0,,United Kingdom,415,1,877.7,1,1,3,113,0,Lost,Very High
15653.0,2,1200.0,877.44,146.24,0.087,292.63,2011-08-16 09:50:00,2011-09-08 10:49:00,23,23.0,United Kingdom,93,2,877.44,3,2,3,323,1,Regular,High
14645.0,3,587.0,876.89,18.27,0.0063,55.02,2010-03-15 11:33:00,2011-07-06 09:15:00,478,239.0,United Kingdom,157,3,876.89,3,3,3,333,1,Regular,High
17864.0,5,1015.0,876.57,6.64,0.012,33.07,2010-10-08 11:49:00,2011-11-27 11:15:00,415,103.75,United Kingdom,13,5,876.57,5,4,3,543,1,Regular,Low
13768.0,2,373.0,875.97,26.54,0.5,53.08,2009-12-09 10:25:00,2009-12-13 10:41:00,4,4.0,United Kingdom,727,2,875.97,1,2,3,123,0,Lost,Very High
13166.0,2,522.0,875.93,12.88,0.0153,25.82,2010-10-21 14:29:00,2011-03-01 15:16:00,131,131.0,United Kingdom,283,2,875.93,2,2,3,223,0,Lost,Very High
14681.0,6,172.0,875.15,43.76,0.0103,262.32,2010-02-24 08:54:00,2011-09-29 15:52:00,582,116.4,United Kingdom,71,6,875.15,3,4,3,343,1,Regular,Medium
16513.0,4,407.0,874.59,24.99,0.1026,99.99,2011-10-27 14:56:00,2011-12-05 10:18:00,39,13.0,United Kingdom,5,4,874.59,5,4,3,543,1,Regular,Low
16657.0,4,1130.0,874.43,4.55,0.0163,18.17,2011-03-30 12:02:00,2011-11-30 11:48:00,245,81.67,United Kingdom,10,4,874.43,5,4,3,543,1,Regular,Low
15469.0,3,287.0,874.25,20.33,0.0077,60.74,2010-09-27 10:09:00,2011-10-20 16:21:00,388,194.0,United Kingdom,50,3,874.25,4,3,3,433,1,Regular,Medium
14437.0,5,420.0,873.34,20.79,0.0229,103.79,2010-05-05 12:20:00,2010-12-09 09:27:00,218,54.5,United Kingdom,366,5,873.34,2,4,3,243,0,Lost,Very High
17361.0,5,380.0,871.79,15.29,0.008,76.69,2010-02-01 14:30:00,2011-10-21 15:43:00,627,156.75,United Kingdom,49,5,871.79,4,4,3,443,1,Regular,Medium
15224.0,5,443.0,871.36,24.9,0.0149,124.29,2010-01-15 16:14:00,2010-12-16 15:02:00,335,83.75,United Kingdom,358,5,871.36,2,4,3,243,0,Lost,Very High
13200.0,4,516.0,870.09,18.92,0.0374,75.71,2011-08-05 14:50:00,2011-11-20 15:35:00,107,35.67,United Kingdom,19,4,870.09,5,4,3,543,1,Regular,Low
17566.0,2,497.0,869.77,6.13,0.1176,12.26,2011-11-14 13:42:00,2011-12-01 19:54:00,17,17.0,United Kingdom,8,2,869.77,5,2,3,523,1,Regular,Low
14753.0,2,412.0,869.51,18.11,0.0054,36.48,2010-09-05 11:04:00,2011-09-13 14:50:00,373,373.0,United Kingdom,87,2,869.51,3,2,3,323,1,Regular,Medium
16948.0,7,2091.0,868.77,20.2,0.0135,141.26,2010-02-21 13:48:00,2011-07-24 12:46:00,518,86.33,United Kingdom,139,7,868.77,3,4,3,343,1,Regular,High
16357.0,4,389.0,868.37,18.48,0.0115,73.96,2010-11-23 18:52:00,2011-11-06 16:04:00,348,116.0,United Kingdom,33,4,868.37,4,4,3,443,1,Regular,Medium
17167.0,3,429.0,867.11,10.98,0.0455,32.97,2010-09-20 14:02:00,2010-11-25 10:05:00,66,33.0,United Kingdom,380,3,867.11,2,3,3,233,0,Lost,Very High
16567.0,2,996.0,865.6,24.73,0.0141,49.51,2011-01-07 09:31:00,2011-05-29 13:57:00,142,142.0,United Kingdom,194,2,865.6,2,2,3,223,1,Regular,Very High
13922.0,3,467.0,865.2,28.84,0.0259,86.65,2010-08-29 14:36:00,2010-12-23 10:38:00,116,58.0,United Kingdom,352,3,865.2,2,3,3,233,0,Lost,Very High
14600.0,2,487.0,865.17,16.02,0.0227,32.0,2010-11-11 15:56:00,2011-02-07 09:48:00,88,88.0,United Kingdom,306,2,865.17,2,2,3,223,0,Lost,Very High
12791.0,6,353.0,863.51,30.84,0.0239,185.01,2010-03-25 17:29:00,2010-12-01 11:27:00,251,50.2,Netherlands,374,6,863.51,2,4,3,243,0,Lost,Very High
16668.0,13,773.0,862.42,16.27,0.0211,211.47,2010-03-18 18:25:00,2011-11-24 17:43:00,616,51.33,United Kingdom,15,13,862.42,5,5,3,553,1,Regular,Low
12787.0,4,510.0,862.18,19.6,0.0099,78.39,2010-10-22 14:57:00,2011-11-30 08:44:00,404,134.67,Netherlands,10,4,862.18,5,4,3,543,1,Regular,Low
17358.0,5,430.0,861.01,5.9,0.0143,29.53,2010-02-24 16:42:00,2011-02-09 16:57:00,350,87.5,United Kingdom,303,5,861.01,2,4,3,243,0,Lost,Very High
12794.0,2,592.0,860.41,19.12,0.0444,38.2,2011-09-02 12:01:00,2011-10-17 14:54:00,45,45.0,Portugal,53,2,860.41,4,2,3,423,1,Regular,Medium
13339.0,1,326.0,860.12,15.93,,,2011-05-23 08:31:00,2011-05-23 08:31:00,0,,United Kingdom,201,1,860.12,2,1,3,213,1,Regular,Very High
14372.0,2,378.0,860.08,22.63,0.0128,45.19,2010-04-19 15:57:00,2010-09-22 16:17:00,156,156.0,United Kingdom,443,2,860.08,1,2,3,123,0,Lost,Very High
13891.0,3,476.0,859.21,8.68,0.0147,26.03,2010-05-06 16:02:00,2010-11-26 15:57:00,204,102.0,United Kingdom,378,3,859.21,2,3,3,233,0,Lost,Very High
12440.0,2,331.0,859.2,26.85,0.0078,53.4,2009-12-22 12:03:00,2010-09-03 13:11:00,255,255.0,Austria,462,2,859.2,1,2,3,123,0,Lost,Very High
15870.0,4,504.0,857.46,6.0,0.0097,24.09,2010-09-19 16:22:00,2011-11-07 10:58:00,414,138.0,United Kingdom,33,4,857.46,4,4,3,443,1,Regular,Medium
15287.0,5,1010.0,856.03,23.78,0.007,119.02,2009-12-02 12:13:00,2011-11-17 15:34:00,715,178.75,United Kingdom,22,5,856.03,4,4,3,443,1,Regular,Low
17161.0,1,537.0,856.01,16.46,,,2010-09-21 16:44:00,2010-09-21 16:44:00,0,,United Kingdom,444,1,856.01,1,1,3,113,0,Lost,Very High
15542.0,3,418.0,855.71,3.79,0.0133,11.34,2009-12-02 11:53:00,2010-07-15 13:32:00,225,112.5,United Kingdom,512,3,855.71,1,3,3,133,0,Lost,Very High
17064.0,3,316.0,855.45,14.02,0.0112,42.24,2011-01-16 16:10:00,2011-10-12 10:18:00,269,134.5,United Kingdom,59,3,855.45,3,3,3,333,1,Regular,Medium
12878.0,2,547.0,854.99,18.19,0.0667,36.4,2011-03-18 14:02:00,2011-04-17 13:07:00,30,30.0,United Kingdom,236,2,854.99,2,2,3,223,1,Regular,Very High
13945.0,2,413.0,854.15,16.75,0.0235,33.46,2010-08-17 09:59:00,2010-11-10 10:00:00,85,85.0,United Kingdom,395,2,854.15,2,2,3,223,0,Lost,Very High
14873.0,2,311.0,854.13,17.43,0.0047,34.65,2010-03-16 10:51:00,2011-05-13 13:52:00,423,423.0,United Kingdom,210,2,854.13,2,2,3,223,1,Regular,Very High
13991.0,6,995.0,852.88,10.4,0.0458,62.4,2011-07-19 12:58:00,2011-11-27 16:18:00,131,26.2,United Kingdom,12,6,852.88,5,4,3,543,1,Regular,Low
14686.0,5,457.0,852.53,3.89,0.0204,19.44,2010-02-18 18:29:00,2010-10-21 18:31:00,245,61.25,United Kingdom,414,5,852.53,1,4,3,143,0,Lost,Very High
15266.0,5,236.0,852.21,18.94,0.0138,94.88,2010-01-07 12:19:00,2011-01-05 13:40:00,363,90.75,United Kingdom,338,5,852.21,2,4,3,243,0,Lost,Very High
16070.0,2,457.0,852.15,25.82,0.2,51.64,2011-11-07 16:36:00,2011-11-17 15:50:00,10,10.0,United Kingdom,22,2,852.15,4,2,3,423,1,Regular,Low
12696.0,2,564.0,851.91,17.39,0.027,34.75,2010-07-19 10:02:00,2010-10-01 10:43:00,74,74.0,Finland,435,2,851.91,1,2,3,123,0,Lost,Very High
13479.0,4,716.0,851.37,16.06,0.0144,64.06,2010-08-19 16:18:00,2011-05-23 10:45:00,277,92.33,United Kingdom,201,4,851.37,2,4,3,243,1,Regular,Very High
16020.0,3,487.0,851.01,18.5,0.0612,55.48,2011-10-05 13:54:00,2011-11-23 11:18:00,49,24.5,United Kingdom,17,3,851.01,5,3,3,533,1,Regular,Low
18108.0,3,261.0,848.81,18.06,0.0062,54.08,2009-12-02 12:47:00,2011-03-30 13:56:00,483,241.5,United Kingdom,254,3,848.81,2,3,3,233,1,Regular,Very High
12713.0,1,508.0,848.55,22.33,,,2011-12-09 12:16:00,2011-12-09 12:16:00,0,,Germany,1,1,848.55,5,1,3,513,1,Regular,Low
15264.0,2,443.0,848.4,15.43,0.0043,30.92,2010-06-27 13:29:00,2011-10-06 13:49:00,466,466.0,United Kingdom,64,2,848.4,3,2,3,323,1,Regular,Medium
15784.0,2,381.0,848.33,19.73,0.0098,39.64,2010-02-05 14:42:00,2010-08-29 10:38:00,205,205.0,United Kingdom,468,2,848.33,1,2,3,123,0,Lost,Very High
14202.0,3,166.0,847.76,29.23,0.0123,87.37,2010-03-25 10:36:00,2010-11-23 17:13:00,243,121.5,United Kingdom,381,3,847.76,2,3,3,233,0,Lost,Very High
13221.0,2,244.0,847.41,12.84,0.0168,25.67,2010-12-15 13:24:00,2011-04-13 16:58:00,119,119.0,United Kingdom,240,2,847.41,2,2,3,223,1,Regular,Very High
13487.0,5,362.0,846.87,17.28,0.0074,86.57,2009-12-05 10:25:00,2011-10-13 12:07:00,677,169.25,United Kingdom,58,5,846.87,4,4,3,443,1,Regular,Medium
16877.0,6,458.0,846.62,5.43,0.0306,32.57,2011-05-15 16:13:00,2011-11-27 13:47:00,196,39.2,United Kingdom,12,6,846.62,5,4,3,543,1,Regular,Low
13970.0,2,469.0,846.55,65.12,0.0392,130.19,2010-09-28 11:53:00,2010-11-18 13:21:00,51,51.0,United Kingdom,386,2,846.55,2,2,3,223,0,Lost,Very High
14803.0,3,370.0,845.55,19.22,0.0231,57.72,2011-02-20 13:21:00,2011-06-30 13:58:00,130,65.0,United Kingdom,162,3,845.55,3,3,3,333,1,Regular,High
16500.0,9,386.0,843.91,24.82,0.0167,223.41,2010-06-14 14:54:00,2011-12-05 12:04:00,539,67.38,United Kingdom,5,9,843.91,5,5,3,553,1,Regular,Low
14922.0,2,376.0,843.74,16.87,0.0175,33.66,2010-07-20 09:45:00,2010-11-11 11:14:00,114,114.0,United Kingdom,394,2,843.74,2,2,3,223,0,Lost,Very High
16344.0,4,706.0,842.42,18.31,0.0078,72.84,2010-02-09 12:16:00,2011-07-04 15:50:00,510,170.0,United Kingdom,158,4,842.42,3,4,3,343,1,Regular,High
16846.0,3,517.0,842.41,17.92,0.0051,53.83,2010-03-10 12:03:00,2011-10-20 13:55:00,589,294.5,United Kingdom,50,3,842.41,4,3,3,433,1,Regular,Medium
17638.0,2,432.0,842.4,280.8,0.027,561.04,2009-12-18 09:58:00,2010-03-02 14:32:00,74,74.0,United Kingdom,647,2,842.4,1,2,3,123,0,Lost,Very High
16810.0,2,372.0,842.04,24.77,0.0088,49.7,2010-10-15 15:32:00,2011-05-31 15:32:00,228,228.0,United Kingdom,192,2,842.04,2,2,3,223,1,Regular,Very High
14862.0,2,772.0,841.2,17.53,0.0163,35.15,2011-07-14 11:20:00,2011-11-14 10:01:00,123,123.0,United Kingdom,26,2,841.2,4,2,3,423,1,Regular,Low
16798.0,3,205.0,841.16,4.98,0.0171,14.9,2009-12-10 19:35:00,2010-06-03 19:01:00,175,87.5,United Kingdom,554,3,841.16,1,3,3,133,0,Lost,Very High
12891.0,11,2325.0,840.5,76.41,0.0232,840.27,2010-02-18 14:32:00,2011-06-07 12:31:00,474,47.4,United Kingdom,186,11,840.5,3,5,3,353,1,Regular,Very High
13169.0,3,296.0,840.08,46.67,0.006,139.73,2010-05-26 15:58:00,2011-10-07 12:11:00,499,249.5,United Kingdom,64,3,840.08,3,3,3,333,1,Regular,Medium
14355.0,3,617.0,840.05,14.0,0.0115,42.18,2010-03-22 15:08:00,2010-12-09 12:16:00,262,131.0,United Kingdom,366,3,840.05,2,3,3,233,0,Lost,Very High
18247.0,3,335.0,839.73,22.7,0.0138,67.98,2010-03-18 15:52:00,2010-10-21 09:49:00,217,108.5,United Kingdom,415,3,839.73,1,3,3,133,0,Lost,Very High
15713.0,4,451.0,839.64,16.15,0.0069,64.63,2009-12-16 09:41:00,2011-07-19 13:34:00,580,193.33,United Kingdom,143,4,839.64,3,4,3,343,1,Regular,High
13940.0,4,516.0,839.14,17.13,0.0315,68.53,2011-07-18 16:05:00,2011-11-22 15:15:00,127,42.33,United Kingdom,17,4,839.14,5,4,3,543,1,Regular,Low
17332.0,5,794.0,838.27,8.82,0.0391,44.14,2010-02-21 14:41:00,2010-06-29 16:10:00,128,32.0,United Kingdom,528,5,838.27,1,4,3,143,0,Lost,Very High
14037.0,6,590.0,836.95,7.34,0.0108,44.08,2009-12-07 11:39:00,2011-06-16 13:57:00,556,111.2,United Kingdom,176,6,836.95,3,4,3,343,1,Regular,High
15832.0,1,465.0,836.79,15.5,,,2011-03-30 15:29:00,2011-03-30 15:29:00,0,,United Kingdom,254,1,836.79,2,1,3,213,0,Lost,Very High
14929.0,2,487.0,836.69,24.61,0.0051,48.82,2010-10-14 12:22:00,2011-11-07 17:21:00,389,389.0,United Kingdom,32,2,836.69,4,2,3,423,1,Regular,Medium
13795.0,4,1250.0,836.3,28.84,0.0161,115.62,2010-03-12 12:44:00,2010-11-16 17:25:00,249,83.0,United Kingdom,388,4,836.3,2,4,3,243,0,Lost,Very High
16747.0,2,583.0,836.06,19.91,0.0667,39.84,2011-10-03 10:18:00,2011-11-02 11:37:00,30,30.0,United Kingdom,38,2,836.06,4,2,3,423,1,Regular,Medium
13386.0,2,514.0,835.46,26.95,0.087,53.93,2010-09-28 13:09:00,2010-10-21 12:52:00,23,23.0,United Kingdom,414,2,835.46,1,2,3,123,0,Lost,Very High
16737.0,2,576.0,835.2,417.6,0.0038,831.53,2010-05-11 09:53:00,2011-10-17 13:03:00,524,524.0,United Kingdom,53,2,835.2,4,2,3,423,1,Regular,Medium
15190.0,1,790.0,834.44,20.86,,,2010-10-01 13:09:00,2010-10-01 13:09:00,0,,United Kingdom,434,1,834.44,1,1,3,113,0,Lost,Very High
16863.0,3,640.0,834.27,17.75,0.0079,53.01,2010-10-26 10:03:00,2011-11-08 15:26:00,378,189.0,United Kingdom,31,3,834.27,4,3,3,433,1,Regular,Medium
16644.0,2,826.0,833.78,13.45,0.0571,26.88,2011-05-11 12:53:00,2011-06-15 12:39:00,35,35.0,United Kingdom,178,2,833.78,3,2,3,323,1,Regular,High
12903.0,1,493.0,833.53,20.33,,,2010-10-07 12:39:00,2010-10-07 12:39:00,0,,United Kingdom,429,1,833.53,1,1,3,113,0,Lost,Very High
13175.0,2,423.0,831.45,18.08,0.0131,36.24,2009-12-04 12:11:00,2010-05-06 13:13:00,153,153.0,United Kingdom,582,2,831.45,1,2,3,123,0,Lost,Very High
15766.0,3,334.0,831.06,31.96,0.0049,96.78,2010-01-26 15:55:00,2011-10-06 17:03:00,618,309.0,United Kingdom,64,3,831.06,3,3,3,333,1,Regular,Medium
15759.0,7,523.0,830.93,48.88,0.0135,342.48,2009-12-02 10:08:00,2011-05-05 15:13:00,519,86.5,United Kingdom,218,7,830.93,2,4,3,243,1,Regular,Very High
16924.0,3,467.0,829.89,10.25,0.0476,30.74,2011-09-16 12:54:00,2011-11-18 12:53:00,63,31.5,United Kingdom,21,3,829.89,4,3,3,433,1,Regular,Low
14087.0,3,718.0,829.47,3.89,0.0041,11.69,2009-12-04 15:27:00,2011-12-07 12:41:00,733,366.5,United Kingdom,3,3,829.47,5,3,3,533,1,Regular,Low
14851.0,3,631.0,829.41,19.75,0.0049,58.74,2010-03-19 11:52:00,2011-11-16 14:20:00,607,303.5,United Kingdom,23,3,829.41,4,3,3,433,1,Regular,Low
12730.0,1,234.0,829.25,17.64,,,2010-07-06 12:19:00,2010-07-06 12:19:00,0,,Germany,522,1,829.25,1,1,3,113,0,Lost,Very High
12953.0,2,364.0,828.81,17.27,0.0039,34.55,2010-07-05 13:37:00,2011-11-30 09:24:00,513,513.0,United Kingdom,10,2,828.81,5,2,3,523,1,Regular,Low
15617.0,3,485.0,828.55,19.73,0.027,59.13,2010-07-20 13:16:00,2010-11-08 16:07:00,111,55.5,United Kingdom,396,3,828.55,2,3,3,233,0,Lost,Very High
17003.0,4,494.0,828.21,7.46,0.0227,29.8,2010-05-10 11:20:00,2010-11-02 13:15:00,176,58.67,United Kingdom,402,4,828.21,2,4,3,243,0,Lost,Very High
13681.0,4,360.0,827.83,14.52,0.029,58.11,2011-07-07 15:21:00,2011-11-22 11:13:00,138,46.0,United Kingdom,18,4,827.83,5,4,3,543,1,Regular,Low
17045.0,5,294.0,827.68,15.62,0.0158,77.99,2010-10-06 14:52:00,2011-08-18 17:09:00,316,79.0,United Kingdom,113,5,827.68,3,4,3,343,1,Regular,High
12792.0,2,394.0,827.01,17.6,0.0072,35.23,2010-06-23 10:49:00,2011-03-28 11:36:00,278,278.0,Portugal,257,2,827.01,2,2,3,223,0,Lost,Very High
12461.0,2,287.0,826.88,23.63,0.0333,47.21,2011-07-08 10:23:00,2011-09-06 16:57:00,60,60.0,Switzerland,94,2,826.88,3,2,3,323,1,Regular,High
12781.0,2,671.0,826.74,33.07,0.009,65.78,2011-02-28 08:43:00,2011-10-07 10:37:00,221,221.0,Czech Republic,64,2,826.74,3,2,3,323,1,Regular,Medium
16494.0,1,675.0,826.53,16.53,,,2011-02-16 12:49:00,2011-02-16 12:49:00,0,,United Kingdom,297,1,826.53,2,1,3,213,0,Lost,Very High
12427.0,3,533.0,825.8,26.64,0.0086,80.19,2010-12-03 10:44:00,2011-11-18 08:56:00,350,175.0,Germany,22,3,825.8,4,3,3,433,1,Regular,Low
17880.0,3,466.0,824.92,18.33,0.0082,55.01,2009-12-09 16:13:00,2010-12-10 10:21:00,366,183.0,United Kingdom,365,3,824.92,2,3,3,233,0,Lost,Very High
13513.0,3,364.0,824.59,20.61,0.0057,62.15,2010-02-22 16:36:00,2011-08-05 11:50:00,529,264.5,United Kingdom,127,3,824.59,3,3,3,333,1,Regular,High
15107.0,9,330.0,824.35,19.63,0.0643,176.71,2010-09-14 10:47:00,2011-02-01 14:46:00,140,17.5,United Kingdom,311,9,824.35,2,5,3,253,0,Lost,Very High
14260.0,3,544.0,824.28,16.16,0.039,48.53,2010-06-09 11:23:00,2010-08-25 14:55:00,77,38.5,United Kingdom,471,3,824.28,1,3,3,133,0,Lost,Very High
16264.0,2,616.0,823.53,13.07,0.25,26.14,2010-09-19 16:14:00,2010-09-27 15:00:00,8,8.0,United Kingdom,438,2,823.53,1,2,3,123,0,Lost,Very High
15137.0,2,596.0,823.4,24.22,0.0125,48.44,2010-01-28 15:45:00,2010-07-07 09:41:00,160,160.0,United Kingdom,521,2,823.4,1,2,3,123,0,Lost,Very High
14508.0,5,347.0,822.92,4.65,0.0097,23.36,2010-06-17 13:02:00,2011-11-17 19:48:00,518,129.5,United Kingdom,22,5,822.92,4,4,3,443,1,Regular,Low
15847.0,5,643.0,822.57,17.14,0.0083,85.78,2010-03-08 08:47:00,2011-11-01 14:41:00,603,150.75,United Kingdom,38,5,822.57,4,4,3,443,1,Regular,Medium
16164.0,3,433.0,822.48,24.19,0.12,72.57,2011-10-28 09:12:00,2011-11-22 15:04:00,25,12.5,United Kingdom,17,3,822.48,5,3,3,533,1,Regular,Low
16680.0,3,377.0,821.45,28.33,0.0061,84.85,2010-06-23 09:30:00,2011-10-27 17:35:00,491,245.5,United Kingdom,43,3,821.45,4,3,3,433,1,Regular,Medium
16246.0,2,336.0,821.35,9.33,0.0095,18.61,2010-02-08 12:32:00,2010-09-06 12:04:00,210,210.0,United Kingdom,460,2,821.35,1,2,3,123,0,Lost,Very High
13893.0,1,190.0,821.1,39.1,,,2011-02-15 11:30:00,2011-02-15 11:30:00,0,,United Kingdom,298,1,821.1,2,1,3,213,0,Lost,Very High
15314.0,3,750.0,820.45,16.41,0.0131,49.23,2010-10-07 15:41:00,2011-05-24 14:39:00,229,114.5,United Kingdom,199,3,820.45,2,3,3,233,1,Regular,Very High
16135.0,2,395.0,819.45,21.01,0.0062,41.81,2010-05-05 09:35:00,2011-03-22 12:30:00,321,321.0,United Kingdom,263,2,819.45,2,2,3,223,0,Lost,Very High
17683.0,3,781.0,819.01,17.8,0.0178,53.55,2010-06-03 17:15:00,2010-11-19 10:11:00,169,84.5,United Kingdom,386,3,819.01,2,3,3,233,0,Lost,Very High
16048.0,4,425.0,818.79,22.74,0.0227,90.85,2010-06-08 12:36:00,2010-12-01 15:28:00,176,58.67,United Kingdom,373,4,818.79,2,4,3,243,0,Lost,Very High
13612.0,1,444.0,818.29,16.37,,,2010-03-17 12:14:00,2010-03-17 12:14:00,0,,United Kingdom,633,1,818.29,1,1,3,113,0,Lost,Very High
15483.0,10,905.0,817.82,3.04,0.0191,30.37,2010-01-24 15:42:00,2011-07-01 13:07:00,523,58.11,United Kingdom,161,10,817.82,3,5,3,353,1,Regular,High
14890.0,3,636.0,817.25,14.34,0.0074,43.08,2010-02-18 09:00:00,2011-03-31 11:57:00,406,203.0,United Kingdom,254,3,817.25,2,3,3,233,1,Regular,Very High
16869.0,4,583.0,817.12,6.43,0.0261,25.68,2011-06-17 13:01:00,2011-11-17 12:02:00,153,51.0,United Kingdom,23,4,817.12,4,4,3,443,1,Regular,Low
15180.0,3,654.0,816.93,15.71,0.0135,47.08,2010-04-29 15:27:00,2010-12-07 14:57:00,222,111.0,United Kingdom,367,3,816.93,2,3,3,233,0,Lost,Very High
14872.0,3,662.0,816.6,18.99,0.02,56.97,2010-03-16 14:41:00,2010-08-13 12:34:00,150,75.0,United Kingdom,484,3,816.6,1,3,3,133,0,Lost,Very High
13514.0,4,288.0,815.9,38.85,0.0066,156.15,2010-01-26 15:11:00,2011-09-27 09:39:00,609,203.0,United Kingdom,74,4,815.9,3,4,3,343,1,Regular,Medium
15399.0,3,611.0,815.77,16.32,0.0385,49.01,2011-09-21 15:57:00,2011-12-08 13:04:00,78,39.0,United Kingdom,1,3,815.77,5,3,3,533,1,Regular,Low
14556.0,3,323.0,815.69,4.16,0.0326,12.48,2010-01-20 11:49:00,2010-04-22 14:57:00,92,46.0,United Kingdom,596,3,815.69,1,3,3,133,0,Lost,Very High
13811.0,3,68.0,814.5,62.65,0.0536,188.05,2011-04-14 18:40:00,2011-06-09 09:54:00,56,28.0,Germany,184,3,814.5,3,3,3,333,1,Regular,Very High
14624.0,6,645.0,814.07,15.96,0.011,96.03,2010-04-14 10:44:00,2011-10-13 13:44:00,547,109.4,United Kingdom,57,6,814.07,4,4,3,443,1,Regular,Medium
17869.0,7,491.0,813.64,10.17,0.0159,71.15,2010-06-10 13:47:00,2011-08-24 16:16:00,440,73.33,United Kingdom,107,7,813.64,3,4,3,343,1,Regular,High
16621.0,4,302.0,813.48,28.05,0.0177,112.21,2011-03-07 11:32:00,2011-10-19 11:38:00,226,75.33,United Kingdom,52,4,813.48,4,4,3,443,1,Regular,Medium
17194.0,3,420.0,812.5,13.32,0.0117,40.05,2010-06-27 13:16:00,2011-03-11 12:05:00,257,128.5,United Kingdom,274,3,812.5,2,3,3,233,0,Lost,Very High
16460.0,3,876.0,811.23,6.15,0.0566,18.45,2011-09-19 10:15:00,2011-11-11 13:46:00,53,26.5,United Kingdom,28,3,811.23,4,3,3,433,1,Regular,Low
16624.0,2,488.0,810.57,16.89,0.0171,33.79,2011-05-26 14:20:00,2011-09-20 12:39:00,117,117.0,United Kingdom,81,2,810.57,3,2,3,323,1,Regular,Medium
13045.0,3,405.0,808.92,17.98,0.0078,54.27,2010-08-10 13:02:00,2011-09-01 15:04:00,387,193.5,United Kingdom,99,3,808.92,3,3,3,333,1,Regular,High
15533.0,3,289.0,807.57,9.73,0.0429,29.22,2011-09-11 15:41:00,2011-11-20 15:35:00,70,35.0,United Kingdom,19,3,807.57,5,3,3,533,1,Regular,Low
17495.0,3,367.0,806.72,16.81,0.0078,50.22,2010-11-14 11:50:00,2011-12-02 12:08:00,383,191.5,United Kingdom,8,3,806.72,5,3,3,533,1,Regular,Low
12632.0,2,694.0,804.88,23.0,0.0455,46.05,2010-05-24 09:07:00,2010-07-07 09:39:00,44,44.0,Germany,521,2,804.88,1,2,3,123,0,Lost,Very High
13637.0,3,405.0,804.3,8.12,0.0172,24.3,2011-04-27 13:06:00,2011-10-18 13:32:00,174,87.0,United Kingdom,52,3,804.3,4,3,3,433,1,Regular,Medium
18248.0,2,511.0,804.02,17.11,0.0313,34.27,2011-06-06 13:18:00,2011-08-09 10:19:00,64,64.0,United Kingdom,123,2,804.02,3,2,3,323,1,Regular,High
16469.0,5,332.0,803.9,4.14,0.0102,20.73,2010-07-13 13:17:00,2011-11-16 12:25:00,491,122.75,United Kingdom,24,5,803.9,4,4,3,443,1,Regular,Low
15644.0,4,550.0,803.54,3.46,0.0421,13.84,2011-03-23 15:37:00,2011-06-26 14:54:00,95,31.67,United Kingdom,166,4,803.54,3,4,3,343,1,Regular,High
18265.0,2,311.0,801.51,17.42,0.0233,34.91,2011-07-04 15:26:00,2011-09-28 14:10:00,86,86.0,United Kingdom,72,2,801.51,3,2,3,323,1,Regular,Medium
16127.0,2,391.0,801.31,10.68,0.0029,21.28,2009-12-13 12:19:00,2011-10-31 13:58:00,687,687.0,United Kingdom,39,2,801.31,4,2,3,423,1,Regular,Medium
17114.0,8,215.0,801.12,6.51,0.0243,52.05,2011-01-09 11:39:00,2011-12-04 12:17:00,329,47.0,United Kingdom,6,8,801.12,5,5,3,553,1,Regular,Low
17023.0,3,530.0,800.18,16.33,0.0107,48.92,2010-01-11 15:09:00,2010-10-18 15:37:00,280,140.0,United Kingdom,417,3,800.18,1,3,3,133,0,Lost,Very High
13720.0,4,501.0,799.9,18.6,0.029,74.44,2011-03-30 09:17:00,2011-08-15 12:46:00,138,46.0,United Kingdom,117,4,799.9,3,4,3,343,1,Regular,High
13041.0,4,335.0,799.13,22.83,0.0288,91.39,2010-04-29 08:43:00,2010-09-15 11:44:00,139,46.33,United Kingdom,451,4,799.13,1,4,3,143,0,Lost,Very High
17251.0,3,377.0,798.98,10.24,0.0083,30.77,2009-12-15 10:36:00,2010-12-12 11:06:00,362,181.0,United Kingdom,363,3,798.98,2,3,3,233,0,Lost,Very High
16438.0,5,463.0,798.35,6.05,0.0649,30.23,2011-09-18 13:31:00,2011-12-04 10:51:00,77,19.25,United Kingdom,6,5,798.35,5,4,3,543,1,Regular,Low
15309.0,4,440.0,797.96,14.78,0.032,59.12,2009-12-04 13:01:00,2010-04-08 11:11:00,125,41.67,United Kingdom,611,4,797.96,1,4,3,143,0,Lost,Very High
13389.0,3,429.0,797.96,15.65,0.0136,47.04,2011-04-21 12:12:00,2011-11-28 14:01:00,221,110.5,United Kingdom,11,3,797.96,5,3,3,533,1,Regular,Low
17281.0,6,295.0,797.85,132.98,0.0201,799.2,2010-02-04 13:00:00,2010-11-30 18:05:00,299,59.8,United Kingdom,374,6,797.85,2,4,3,243,0,Lost,Very High
15637.0,5,651.0,797.59,19.45,0.0074,96.72,2009-12-15 17:54:00,2011-10-18 08:28:00,672,168.0,United Kingdom,53,5,797.59,4,4,3,443,1,Regular,Medium
16155.0,5,495.0,796.9,16.6,0.0316,82.88,2010-06-18 11:23:00,2010-11-23 12:03:00,158,39.5,United Kingdom,382,5,796.9,2,4,3,243,0,Lost,Very High
15304.0,9,112.0,796.4,33.18,0.0249,298.25,2010-10-14 10:24:00,2011-10-10 10:23:00,361,45.13,United Kingdom,61,9,796.4,3,5,3,353,1,Regular,Medium
15396.0,2,278.0,796.38,49.77,0.0042,98.46,2010-05-05 09:04:00,2011-08-19 10:56:00,471,471.0,United Kingdom,113,2,796.38,3,2,3,323,1,Regular,High
16952.0,5,343.0,795.83,9.15,0.0081,45.88,2009-12-11 13:52:00,2011-08-22 13:03:00,619,154.75,United Kingdom,109,5,795.83,3,4,3,343,1,Regular,High
18084.0,3,755.0,795.23,113.6,0.0081,342.3,2010-11-16 08:09:00,2011-11-23 13:57:00,372,186.0,United Kingdom,16,3,795.23,5,3,3,533,1,Regular,Low
13336.0,1,559.0,795.12,15.59,,,2011-09-23 14:05:00,2011-09-23 14:05:00,0,,United Kingdom,77,1,795.12,3,1,3,313,1,Regular,Medium
15831.0,3,1092.0,794.64,12.04,0.0113,36.19,2011-01-19 14:52:00,2011-10-12 13:14:00,266,133.0,United Kingdom,58,3,794.64,4,3,3,433,1,Regular,Medium
16961.0,3,482.0,794.56,15.28,0.0072,45.77,2010-06-25 14:36:00,2011-08-15 13:46:00,416,208.0,United Kingdom,116,3,794.56,3,3,3,333,1,Regular,High
17212.0,3,727.0,794.41,27.39,0.0129,82.33,2010-08-10 09:22:00,2011-03-31 19:42:00,233,116.5,United Kingdom,253,3,794.41,2,3,3,233,1,Regular,Very High
13296.0,6,653.0,792.51,14.95,0.0136,89.46,2010-05-11 14:29:00,2011-07-25 13:46:00,440,88.0,United Kingdom,137,6,792.51,3,4,3,343,1,Regular,High
14022.0,2,681.0,792.15,16.85,0.0077,33.86,2010-08-10 09:38:00,2011-04-28 14:39:00,261,261.0,United Kingdom,225,2,792.15,2,2,3,223,1,Regular,Very High
14976.0,7,234.0,790.86,10.98,0.026,76.79,2011-01-17 11:09:00,2011-10-13 16:37:00,269,44.83,United Kingdom,57,7,790.86,4,4,3,443,1,Regular,Medium
13484.0,3,224.0,790.72,20.27,0.0075,60.51,2010-03-10 11:46:00,2011-04-12 16:30:00,398,199.0,United Kingdom,241,3,790.72,2,3,3,233,1,Regular,Very High
13544.0,6,331.0,790.2,3.32,0.0099,19.89,2010-03-05 11:31:00,2011-10-31 11:57:00,605,121.0,United Kingdom,40,6,790.2,4,4,3,443,1,Regular,Medium
14656.0,5,309.0,790.0,3.82,0.0115,19.07,2010-04-15 12:10:00,2011-06-23 13:51:00,434,108.5,United Kingdom,169,5,790.0,3,4,3,343,1,Regular,High
13016.0,3,527.0,789.89,16.81,0.06,50.43,2011-08-08 15:00:00,2011-09-27 14:08:00,50,25.0,United Kingdom,73,3,789.89,3,3,3,333,1,Regular,Medium
16759.0,3,609.0,789.79,18.8,0.1304,56.38,2011-11-09 09:06:00,2011-12-02 12:42:00,23,11.5,United Kingdom,8,3,789.79,5,3,3,533,1,Regular,Low
16472.0,2,252.0,789.6,20.25,0.0123,40.6,2010-04-21 11:48:00,2010-10-01 13:56:00,163,163.0,United Kingdom,434,2,789.6,1,2,3,123,0,Lost,Very High
15448.0,2,487.0,788.81,16.1,0.0055,32.06,2010-02-03 13:29:00,2011-01-31 10:42:00,362,362.0,United Kingdom,313,2,788.81,2,2,3,223,0,Lost,Very High
17952.0,4,477.0,788.46,8.05,0.0245,32.15,2010-06-16 11:54:00,2010-11-26 13:54:00,163,54.33,United Kingdom,378,4,788.46,2,4,3,243,0,Lost,Very High
14557.0,1,510.0,788.38,49.27,,,2011-09-15 15:48:00,2011-09-15 15:48:00,0,,United Kingdom,85,1,788.38,3,1,3,313,1,Regular,Medium
17817.0,6,353.0,788.15,5.88,0.0144,35.39,2010-10-13 15:07:00,2011-12-05 14:39:00,418,83.6,United Kingdom,4,6,788.15,5,4,3,543,1,Regular,Low
14513.0,6,593.0,788.01,41.47,0.0128,248.42,2010-05-20 17:57:00,2011-08-31 11:25:00,468,93.6,United Kingdom,101,6,788.01,3,4,3,343,1,Regular,High
13323.0,5,175.0,787.85,37.52,0.0617,187.51,2011-09-16 13:23:00,2011-12-06 17:12:00,81,20.25,United Kingdom,3,5,787.85,5,4,3,543,1,Regular,Low
16468.0,3,371.0,787.52,17.5,0.0074,52.71,2010-08-15 13:10:00,2011-09-26 14:13:00,407,203.5,United Kingdom,74,3,787.52,3,3,3,333,1,Regular,Medium
13212.0,3,309.0,786.83,5.58,0.0714,16.73,2011-10-09 14:48:00,2011-11-20 12:40:00,42,21.0,United Kingdom,20,3,786.83,4,3,3,433,1,Regular,Low
14463.0,4,210.0,786.57,98.32,0.01,394.26,2010-07-28 11:35:00,2011-09-02 15:20:00,401,133.67,United Kingdom,98,4,786.57,3,4,3,343,1,Regular,High
12628.0,3,448.0,786.46,19.18,0.05,57.54,2011-10-06 09:28:00,2011-12-05 13:15:00,60,30.0,Germany,4,3,786.46,5,3,3,533,1,Regular,Low
16739.0,2,391.0,786.43,20.7,0.0056,41.73,2010-06-21 09:38:00,2011-06-16 09:17:00,360,360.0,United Kingdom,177,2,786.43,3,2,3,323,1,Regular,High
13770.0,4,468.0,785.37,16.36,0.013,65.51,2009-12-09 14:44:00,2010-10-13 15:10:00,308,102.67,United Kingdom,422,4,785.37,1,4,3,143,0,Lost,Very High
13541.0,2,279.0,785.25,78.53,0.014,157.22,2010-05-18 16:15:00,2010-10-08 16:37:00,143,143.0,United Kingdom,427,2,785.25,1,2,3,123,0,Lost,Very High
15646.0,5,821.0,784.81,11.54,0.0198,57.81,2010-10-25 13:06:00,2011-07-05 09:53:00,253,63.25,United Kingdom,158,5,784.81,3,4,3,343,1,Regular,High
15806.0,3,602.0,784.58,25.31,0.013,75.68,2011-03-08 09:24:00,2011-10-24 14:35:00,230,115.0,United Kingdom,46,3,784.58,4,3,3,433,1,Regular,Medium
13595.0,3,341.0,784.48,5.49,0.0231,16.49,2010-03-03 14:42:00,2010-07-11 12:36:00,130,65.0,United Kingdom,517,3,784.48,1,3,3,133,0,Lost,Very High
13415.0,4,496.0,784.17,7.76,0.0156,30.99,2009-12-11 14:20:00,2010-08-24 11:38:00,256,85.33,United Kingdom,473,4,784.17,1,4,3,143,0,Lost,Very High
15714.0,5,361.0,783.96,16.33,0.0092,81.73,2010-06-02 12:08:00,2011-11-28 11:26:00,544,136.0,United Kingdom,12,5,783.96,5,4,3,543,1,Regular,Low
12761.0,2,281.0,782.95,29.0,0.2857,58.0,2010-09-01 10:47:00,2010-09-08 12:17:00,7,7.0,Netherlands,458,2,782.95,1,2,3,123,0,Lost,Very High
16836.0,4,539.0,782.37,18.63,0.0075,74.75,2010-05-14 12:52:00,2011-10-31 10:05:00,535,178.33,United Kingdom,40,4,782.37,4,4,3,443,1,Regular,Medium
15952.0,4,391.0,781.91,9.31,0.0208,37.18,2011-04-28 12:55:00,2011-11-06 11:18:00,192,64.0,United Kingdom,34,4,781.91,4,4,3,443,1,Regular,Medium
17255.0,4,583.0,781.7,4.3,0.0099,17.28,2010-09-19 15:53:00,2011-10-30 12:18:00,406,135.33,United Kingdom,41,4,781.7,4,4,3,443,1,Regular,Medium
13453.0,3,341.0,781.69,19.54,0.0127,58.81,2010-11-02 13:23:00,2011-06-27 09:34:00,237,118.5,United Kingdom,166,3,781.69,3,3,3,333,1,Regular,High
13287.0,3,429.0,781.59,14.75,0.0297,44.25,2010-01-04 10:43:00,2010-04-15 15:26:00,101,50.5,United Kingdom,603,3,781.59,1,3,3,133,0,Lost,Very High
15679.0,4,1170.0,781.28,7.1,0.0253,28.38,2011-06-10 08:24:00,2011-11-15 16:19:00,158,52.67,United Kingdom,24,4,781.28,4,4,3,443,1,Regular,Low
15239.0,2,594.0,780.59,15.93,0.0294,31.85,2011-09-22 09:53:00,2011-11-29 14:14:00,68,68.0,United Kingdom,10,2,780.59,5,2,3,523,1,Regular,Low
13502.0,5,490.0,780.5,23.65,0.0094,118.27,2010-06-09 10:52:00,2011-11-23 10:39:00,532,133.0,United Kingdom,17,5,780.5,5,4,3,543,1,Regular,Low
15246.0,3,359.0,780.4,15.3,0.0095,46.08,2010-06-02 11:28:00,2011-04-15 14:45:00,317,158.5,United Kingdom,238,3,780.4,2,3,3,233,1,Regular,Very High
18228.0,2,238.0,779.9,26.0,0.087,52.03,2011-09-21 10:48:00,2011-10-14 09:21:00,23,23.0,United Kingdom,57,2,779.9,4,2,3,423,1,Regular,Medium
12735.0,2,368.0,779.57,18.13,0.0909,36.26,2011-01-06 14:26:00,2011-01-28 13:37:00,22,22.0,France,315,2,779.57,2,2,3,223,0,Lost,Very High
12504.0,4,458.0,779.05,38.95,0.0069,155.34,2010-04-22 10:24:00,2011-11-21 16:02:00,578,192.67,Germany,18,4,779.05,5,4,3,543,1,Regular,Low
13781.0,3,300.0,778.83,13.66,0.0064,41.18,2009-12-18 15:46:00,2011-04-03 12:08:00,471,235.5,United Kingdom,251,3,778.83,2,3,3,233,1,Regular,Very High
14815.0,2,744.0,778.5,14.69,0.0645,29.37,2011-10-03 11:36:00,2011-11-03 11:36:00,31,31.0,United Kingdom,37,2,778.5,4,2,3,423,1,Regular,Medium
16958.0,1,514.0,778.49,11.12,,,2010-09-30 14:25:00,2010-09-30 14:25:00,0,,United Kingdom,435,1,778.49,1,1,3,113,0,Lost,Very High
14690.0,4,341.0,777.68,7.55,0.0109,30.12,2010-10-25 12:20:00,2011-10-26 15:39:00,366,122.0,United Kingdom,44,4,777.68,4,4,3,443,1,Regular,Medium
16505.0,1,576.0,777.6,194.4,,,2011-11-08 12:14:00,2011-11-08 12:14:00,0,,United Kingdom,32,1,777.6,4,1,3,413,1,Regular,Medium
13563.0,2,209.0,777.53,15.87,0.0357,31.73,2011-07-22 17:21:00,2011-09-16 14:45:00,56,56.0,United Kingdom,84,2,777.53,3,2,3,323,1,Regular,Medium
13745.0,2,1146.0,777.36,13.88,0.0052,27.72,2010-06-11 17:19:00,2011-06-30 16:43:00,384,384.0,United Kingdom,162,2,777.36,3,2,3,323,1,Regular,High
15837.0,2,405.0,777.01,14.94,0.0048,30.19,2010-08-11 10:16:00,2011-10-06 09:01:00,421,421.0,United Kingdom,65,2,777.01,3,2,3,323,1,Regular,Medium
15794.0,2,288.0,777.0,51.8,2.0,103.6,2009-12-02 15:10:00,2009-12-03 13:04:00,1,1.0,United Kingdom,736,2,777.0,1,2,3,123,0,Lost,Very High
15618.0,4,454.0,776.85,17.26,0.0385,69.11,2011-07-26 10:13:00,2011-11-07 08:34:00,104,34.67,United Kingdom,33,4,776.85,4,4,3,443,1,Regular,Medium
12808.0,5,322.0,776.7,16.53,0.0117,82.39,2010-09-03 10:24:00,2011-11-03 10:05:00,426,106.5,Portugal,37,5,776.7,4,4,3,443,1,Regular,Medium
14997.0,4,1408.0,776.6,20.44,0.0066,82.16,2010-02-22 12:11:00,2011-10-24 13:28:00,609,203.0,United Kingdom,46,4,776.6,4,4,3,443,1,Regular,Medium
15092.0,3,230.0,776.46,17.25,0.0121,51.56,2010-09-03 12:33:00,2011-05-08 14:10:00,247,123.5,United Kingdom,215,3,776.46,2,3,3,233,1,Regular,Very High
15743.0,4,214.0,775.96,9.02,0.0238,36.07,2011-06-08 10:14:00,2011-11-23 17:19:00,168,56.0,United Kingdom,16,4,775.96,5,4,3,543,1,Regular,Low
13314.0,3,560.0,775.94,12.52,0.0417,37.59,2011-09-27 10:20:00,2011-12-08 12:29:00,72,36.0,United Kingdom,2,3,775.94,5,3,3,533,1,Regular,Low
13341.0,1,301.0,775.85,18.47,,,2011-03-24 09:50:00,2011-03-24 09:50:00,0,,United Kingdom,261,1,775.85,2,1,3,213,0,Lost,Very High
17482.0,2,240.0,775.64,14.63,0.022,29.29,2010-05-10 14:10:00,2010-08-09 15:33:00,91,91.0,United Kingdom,487,2,775.64,1,2,3,123,0,Lost,Very High
15921.0,4,335.0,775.26,9.81,0.0085,39.02,2010-03-09 11:03:00,2011-06-20 11:03:00,468,156.0,United Kingdom,173,4,775.26,3,4,3,343,1,Regular,High
15414.0,3,443.0,774.9,19.87,0.0129,59.72,2011-04-11 13:45:00,2011-11-30 09:50:00,233,116.5,United Kingdom,10,3,774.9,5,3,3,533,1,Regular,Low
15773.0,2,410.0,774.52,16.48,0.005,33.29,2010-10-26 15:27:00,2011-12-04 12:48:00,404,404.0,United Kingdom,6,2,774.52,5,2,3,523,1,Regular,Low
18058.0,3,394.0,774.06,48.38,0.0046,146.44,2010-02-10 09:38:00,2011-11-30 08:38:00,658,329.0,United Kingdom,10,3,774.06,5,3,3,533,1,Regular,Low
18112.0,4,443.0,773.36,12.47,0.0074,49.74,2010-06-06 12:40:00,2011-11-27 14:43:00,539,179.67,United Kingdom,12,4,773.36,5,4,3,543,1,Regular,Low
16565.0,4,211.0,773.05,70.28,0.0209,280.55,2010-06-02 12:47:00,2010-12-10 15:21:00,191,63.67,United Kingdom,364,4,773.05,2,4,3,243,0,Lost,Very High
15075.0,1,447.0,773.03,28.63,,,2011-09-23 12:27:00,2011-09-23 12:27:00,0,,United Kingdom,78,1,773.03,3,1,3,313,1,Regular,Medium
17349.0,5,772.0,772.41,9.09,0.0111,45.61,2010-03-18 14:26:00,2011-06-13 14:29:00,452,113.0,United Kingdom,179,5,772.41,3,4,3,343,1,Regular,High
12923.0,3,230.0,770.42,12.84,0.0059,38.71,2010-05-13 14:55:00,2011-10-06 16:20:00,511,255.5,United Kingdom,64,3,770.42,3,3,3,333,1,Regular,Medium
17801.0,3,820.0,770.03,9.51,0.0125,28.53,2010-01-17 11:31:00,2010-09-14 14:32:00,240,120.0,United Kingdom,451,3,770.03,1,3,3,133,0,Lost,Very High
14838.0,2,361.0,769.92,11.0,0.0064,22.04,2009-12-03 09:52:00,2010-10-12 15:46:00,313,313.0,United Kingdom,423,2,769.92,1,2,3,123,0,Lost,Very High
12965.0,1,282.0,769.81,7.13,,,2011-09-11 15:31:00,2011-09-11 15:31:00,0,,United Kingdom,89,1,769.81,3,1,3,313,1,Regular,Medium
16480.0,1,455.0,769.29,14.51,,,2011-09-25 11:40:00,2011-09-25 11:40:00,0,,United Kingdom,76,1,769.29,3,1,3,313,1,Regular,Medium
16978.0,3,285.0,768.88,11.48,0.0051,34.48,2010-02-11 16:27:00,2011-09-23 12:50:00,589,294.5,United Kingdom,78,3,768.88,3,3,3,333,1,Regular,Medium
13980.0,5,463.0,768.82,12.2,0.0084,61.08,2010-02-21 14:18:00,2011-10-10 13:34:00,596,149.0,United Kingdom,60,5,768.82,3,4,3,343,1,Regular,Medium
13356.0,1,325.0,768.24,18.29,,,2011-09-20 14:33:00,2011-09-20 14:33:00,0,,United Kingdom,80,1,768.24,3,1,3,313,1,Regular,Medium
15331.0,3,701.0,767.91,17.45,0.0273,52.4,2010-04-09 14:26:00,2010-07-28 09:42:00,110,55.0,United Kingdom,500,3,767.91,1,3,3,133,0,Lost,Very High
13712.0,2,1128.0,766.42,23.22,0.0055,46.49,2010-04-08 11:16:00,2011-04-07 12:33:00,364,364.0,United Kingdom,247,2,766.42,2,2,3,223,1,Regular,Very High
12991.0,3,483.0,764.82,17.0,0.0082,51.02,2010-11-15 13:43:00,2011-11-16 15:34:00,366,183.0,United Kingdom,23,3,764.82,4,3,3,433,1,Regular,Low
14413.0,4,277.0,764.52,7.96,0.0122,31.76,2010-01-19 14:27:00,2010-12-12 13:37:00,327,109.0,United Kingdom,362,4,764.52,2,4,3,243,0,Lost,Very High
13699.0,2,219.0,764.15,20.65,0.0051,41.6,2010-06-07 13:03:00,2011-07-07 16:51:00,395,395.0,United Kingdom,155,2,764.15,3,2,3,323,1,Regular,High
16602.0,2,429.0,763.33,19.08,0.0057,38.28,2010-11-16 09:13:00,2011-11-03 15:54:00,352,352.0,United Kingdom,36,2,763.33,4,2,3,423,1,Regular,Medium
17466.0,2,306.0,763.28,18.62,0.0294,37.23,2011-09-22 09:16:00,2011-11-29 13:15:00,68,68.0,United Kingdom,10,2,763.28,5,2,3,523,1,Regular,Low
15428.0,4,347.0,762.75,17.34,0.0057,69.88,2009-12-17 17:46:00,2011-11-24 16:54:00,707,235.67,United Kingdom,15,4,762.75,5,4,3,543,1,Regular,Low
16806.0,4,356.0,762.16,8.2,0.0294,32.79,2011-04-14 19:59:00,2011-08-28 15:27:00,136,45.33,United Kingdom,103,4,762.16,3,4,3,343,1,Regular,High
13598.0,5,393.0,761.96,8.28,0.0083,41.51,2010-02-26 11:22:00,2011-10-23 14:28:00,604,151.0,United Kingdom,47,5,761.96,4,4,3,443,1,Regular,Medium
14883.0,6,790.0,761.59,14.37,0.0311,86.25,2011-05-12 09:49:00,2011-11-21 10:23:00,193,38.6,United Kingdom,19,6,761.59,5,4,3,543,1,Regular,Low
17425.0,2,407.0,759.17,17.66,0.0488,35.33,2011-10-10 11:37:00,2011-11-20 15:30:00,41,41.0,United Kingdom,19,2,759.17,5,2,3,523,1,Regular,Low
18246.0,3,214.0,758.82,151.76,0.0051,453.55,2010-04-09 10:19:00,2011-11-16 11:49:00,586,293.0,United Kingdom,24,3,758.82,4,3,3,433,1,Regular,Low
16720.0,3,460.0,758.74,5.42,0.0043,16.22,2009-12-17 17:54:00,2011-11-13 16:22:00,696,348.0,United Kingdom,26,3,758.74,4,3,3,433,1,Regular,Low
15908.0,2,173.0,758.62,18.97,0.0909,37.94,2010-07-15 19:21:00,2010-08-06 11:56:00,22,22.0,United Kingdom,491,2,758.62,1,2,3,123,0,Lost,Very High
15568.0,3,461.0,758.29,14.31,0.0423,42.98,2011-09-27 14:37:00,2011-12-07 11:27:00,71,35.5,United Kingdom,3,3,758.29,5,3,3,533,1,Regular,Low
15006.0,2,387.0,757.78,4.16,0.005,8.36,2010-09-12 13:03:00,2011-10-19 15:08:00,402,402.0,United Kingdom,51,2,757.78,4,2,3,423,1,Regular,Medium
13034.0,3,406.0,756.82,17.2,0.0086,51.33,2010-11-03 15:22:00,2011-10-16 12:21:00,347,173.5,United Kingdom,55,3,756.82,4,3,3,433,1,Regular,Medium
16392.0,3,604.0,756.7,5.25,0.0103,15.79,2010-05-27 11:17:00,2011-03-15 12:11:00,292,146.0,United Kingdom,270,3,756.7,2,3,3,233,0,Lost,Very High
14176.0,5,265.0,756.46,20.44,0.0595,102.16,2010-11-23 13:21:00,2011-02-15 13:12:00,84,21.0,United Kingdom,297,5,756.46,2,4,3,243,0,Lost,Very High
16411.0,4,461.0,756.39,4.18,0.0098,16.75,2010-10-07 15:09:00,2011-11-20 13:23:00,409,136.33,United Kingdom,19,4,756.39,5,4,3,543,1,Regular,Low
16262.0,1,446.0,755.15,16.42,,,2010-11-26 13:22:00,2010-11-26 13:22:00,0,,United Kingdom,378,1,755.15,2,1,3,213,0,Lost,Very High
13370.0,1,343.0,754.87,19.36,,,2010-12-03 10:26:00,2010-12-03 10:26:00,0,,United Kingdom,372,1,754.87,2,1,3,213,0,Lost,Very High
16892.0,7,367.0,754.75,5.51,0.0096,38.61,2009-12-08 14:20:00,2011-12-08 13:18:00,730,121.67,United Kingdom,1,7,754.75,5,4,3,543,1,Regular,Low
18104.0,1,362.0,754.64,19.86,,,2011-11-02 14:07:00,2011-11-02 14:07:00,0,,United Kingdom,37,1,754.64,4,1,3,413,1,Regular,Medium
18034.0,3,951.0,754.2,3.52,0.0085,10.59,2010-11-29 12:36:00,2011-11-18 12:22:00,354,177.0,United Kingdom,22,3,754.2,4,3,3,433,1,Regular,Low
14234.0,4,951.0,754.12,5.13,0.1143,20.52,2011-10-13 13:58:00,2011-11-17 17:53:00,35,11.67,United Kingdom,22,4,754.12,4,4,3,443,1,Regular,Low
14247.0,5,378.0,753.56,6.67,0.0183,33.32,2010-06-06 15:07:00,2011-03-06 15:21:00,273,68.25,United Kingdom,278,5,753.56,2,4,3,243,0,Lost,Very High
17579.0,4,375.0,753.28,8.01,0.007,32.18,2010-05-10 14:28:00,2011-12-05 12:28:00,574,191.33,United Kingdom,5,4,753.28,5,4,3,543,1,Regular,Low
14998.0,4,352.0,753.18,6.03,0.0092,24.13,2010-04-13 16:07:00,2011-06-22 17:30:00,435,145.0,United Kingdom,170,4,753.18,3,4,3,343,1,Regular,High
13730.0,2,488.0,752.6,17.5,0.0769,34.99,2011-07-01 12:47:00,2011-07-27 08:35:00,26,26.0,United Kingdom,136,2,752.6,3,2,3,323,1,Regular,High
13030.0,2,348.0,752.44,8.18,0.0056,16.35,2010-12-06 14:31:00,2011-11-28 14:30:00,357,357.0,United Kingdom,11,2,752.44,5,2,3,523,1,Regular,Low
13070.0,4,372.0,751.7,22.78,0.0074,91.03,2009-12-07 14:44:00,2011-05-31 13:45:00,540,180.0,United Kingdom,192,4,751.7,2,4,3,243,1,Regular,Very High
14923.0,1,418.0,749.1,17.02,,,2011-10-20 11:51:00,2011-10-20 11:51:00,0,,United Kingdom,51,1,749.1,4,1,3,413,1,Regular,Medium
16972.0,2,183.0,749.0,9.13,0.027,18.24,2010-09-09 11:20:00,2010-11-22 10:59:00,74,74.0,United Kingdom,383,2,749.0,2,2,3,223,0,Lost,Very High
14048.0,3,467.0,748.69,5.31,0.039,15.95,2010-11-22 14:08:00,2011-02-07 14:53:00,77,38.5,United Kingdom,305,3,748.69,2,3,3,233,0,Lost,Very High
15656.0,4,343.0,748.5,15.93,0.0167,63.58,2011-02-28 15:32:00,2011-10-25 14:56:00,239,79.67,United Kingdom,45,4,748.5,4,4,3,443,1,Regular,Medium
13108.0,2,745.0,748.46,21.38,0.0317,42.7,2010-09-30 17:09:00,2010-12-02 10:35:00,63,63.0,United Kingdom,373,2,748.46,2,2,3,223,0,Lost,Very High
17387.0,2,522.0,746.81,9.83,0.1429,19.67,2011-11-06 11:25:00,2011-11-20 11:00:00,14,14.0,United Kingdom,20,2,746.81,4,2,3,423,1,Regular,Low
14942.0,4,354.0,746.56,39.29,0.0122,157.22,2009-12-10 10:32:00,2010-11-03 10:51:00,328,109.33,United Kingdom,402,4,746.56,2,4,3,243,0,Lost,Very High
17889.0,7,403.0,746.42,6.43,0.0172,44.9,2010-03-31 10:54:00,2011-05-11 16:26:00,406,67.67,United Kingdom,212,7,746.42,2,4,3,243,1,Regular,Very High
17760.0,6,531.0,746.39,11.14,0.0096,67.16,2010-02-28 12:15:00,2011-11-18 10:56:00,628,125.6,United Kingdom,22,6,746.39,4,4,3,443,1,Regular,Low
14050.0,2,689.0,746.36,13.82,0.0267,27.67,2011-08-25 13:46:00,2011-11-08 10:00:00,75,75.0,United Kingdom,32,2,746.36,4,2,3,423,1,Regular,Medium
16465.0,2,504.0,746.24,15.55,0.0833,31.09,2010-09-21 10:46:00,2010-10-15 09:27:00,24,24.0,United Kingdom,421,2,746.24,1,2,3,123,0,Lost,Very High
18190.0,5,490.0,745.62,17.75,0.0095,88.53,2009-12-22 12:05:00,2011-05-31 14:48:00,525,131.25,United Kingdom,192,5,745.62,2,4,3,243,1,Regular,Very High
14228.0,3,260.0,745.5,19.62,0.0275,58.81,2010-06-11 12:29:00,2010-09-28 09:45:00,109,54.5,United Kingdom,438,3,745.5,1,3,3,133,0,Lost,Very High
13950.0,4,323.0,745.06,21.29,0.017,85.05,2011-04-07 11:29:00,2011-11-28 14:44:00,235,78.33,United Kingdom,11,4,745.06,5,4,3,543,1,Regular,Low
13236.0,2,416.0,744.85,20.69,0.0244,41.4,2011-08-25 08:58:00,2011-11-15 12:50:00,82,82.0,United Kingdom,25,2,744.85,4,2,3,423,1,Regular,Low
12871.0,3,484.0,744.02,41.33,0.0085,124.71,2010-09-26 10:34:00,2011-09-16 15:07:00,355,177.5,United Kingdom,84,3,744.02,3,3,3,333,1,Regular,Medium
13354.0,1,604.0,743.53,14.58,,,2011-09-29 13:17:00,2011-09-29 13:17:00,0,,United Kingdom,71,1,743.53,3,1,3,313,1,Regular,Medium
14104.0,5,496.0,743.53,5.51,0.0123,27.52,2010-05-28 16:11:00,2011-07-08 12:50:00,406,101.5,United Kingdom,155,5,743.53,3,4,3,343,1,Regular,High
17038.0,2,535.0,743.17,11.8,0.0052,23.62,2010-10-20 16:04:00,2011-11-09 13:50:00,385,385.0,United Kingdom,30,2,743.17,4,2,3,423,1,Regular,Low
16730.0,3,994.0,743.11,9.06,0.0112,27.09,2011-01-24 14:01:00,2011-10-18 14:11:00,267,133.5,United Kingdom,52,3,743.11,4,3,3,433,1,Regular,Medium
15420.0,6,844.0,743.0,13.27,0.02,79.62,2009-12-05 13:29:00,2010-10-01 15:46:00,300,60.0,United Kingdom,434,6,743.0,1,4,3,143,0,Lost,Very High
14302.0,3,298.0,742.9,26.53,0.0098,79.82,2009-12-02 08:16:00,2010-10-05 08:10:00,307,153.5,United Kingdom,431,3,742.9,1,3,3,133,0,Lost,Very High
12465.0,2,479.0,742.19,15.79,0.0132,31.68,2011-06-23 13:37:00,2011-11-22 16:34:00,152,152.0,Belgium,17,2,742.19,5,2,3,523,1,Regular,Low
18275.0,2,417.0,741.85,39.04,0.0131,78.25,2009-12-08 16:23:00,2010-05-10 15:46:00,153,153.0,United Kingdom,578,2,741.85,1,2,3,123,0,Lost,Very High
13721.0,2,512.0,741.54,17.66,0.0056,35.5,2010-11-09 17:59:00,2011-11-03 14:05:00,359,359.0,United Kingdom,36,2,741.54,4,2,3,423,1,Regular,Medium
13713.0,3,284.0,740.76,9.26,0.0171,27.71,2010-05-05 16:48:00,2010-10-27 16:18:00,175,87.5,United Kingdom,408,3,740.76,2,3,3,233,0,Lost,Very High
15720.0,2,327.0,739.22,4.83,0.0038,9.65,2010-06-07 15:40:00,2011-11-15 14:48:00,526,526.0,United Kingdom,24,2,739.22,4,2,3,423,1,Regular,Low
12603.0,1,63.0,739.2,369.6,,,2011-11-18 10:42:00,2011-11-18 10:42:00,0,,Germany,22,1,739.2,4,1,3,413,1,Regular,Low
15988.0,3,476.0,738.89,6.16,0.0047,18.44,2010-02-21 11:36:00,2011-11-20 13:23:00,637,318.5,United Kingdom,19,3,738.89,5,3,3,533,1,Regular,Low
15462.0,4,495.0,737.05,17.98,0.0114,71.95,2010-09-20 10:23:00,2011-09-06 13:11:00,351,117.0,United Kingdom,94,4,737.05,3,4,3,343,1,Regular,High
15070.0,3,339.0,737.05,23.03,0.0085,68.91,2009-12-15 13:49:00,2010-12-02 11:23:00,352,176.0,United Kingdom,373,3,737.05,2,3,3,233,0,Lost,Very High
16075.0,2,271.0,736.93,17.97,0.0323,35.99,2010-05-24 15:57:00,2010-07-25 11:31:00,62,62.0,United Kingdom,503,2,736.93,1,2,3,123,0,Lost,Very High
17461.0,3,770.0,735.82,6.94,0.4286,20.82,2011-11-10 12:01:00,2011-11-17 10:21:00,7,3.5,United Kingdom,23,3,735.82,4,3,3,433,1,Regular,Low
15045.0,2,114.0,735.66,61.31,0.0189,122.83,2011-03-27 11:44:00,2011-07-11 11:33:00,106,106.0,United Kingdom,152,2,735.66,3,2,3,323,1,Regular,High
12527.0,5,526.0,735.51,22.98,0.0112,115.3,2010-06-28 15:37:00,2011-09-19 11:55:00,448,112.0,Germany,82,5,735.51,3,4,3,343,1,Regular,Medium
13286.0,1,274.0,734.91,15.0,,,2010-04-18 15:35:00,2010-04-18 15:35:00,0,,United Kingdom,600,1,734.91,1,1,3,113,0,Lost,Very High
15938.0,9,449.0,734.81,18.84,0.0203,169.81,2010-06-01 09:42:00,2011-08-19 12:56:00,444,55.5,United Kingdom,112,9,734.81,3,5,3,353,1,Regular,High
17616.0,4,288.0,734.4,183.6,0.0144,734.99,2010-09-14 10:43:00,2011-06-19 10:11:00,278,92.67,United Kingdom,174,4,734.4,3,4,3,343,1,Regular,High
12537.0,1,449.0,732.94,17.05,,,2010-10-27 08:36:00,2010-10-27 08:36:00,0,,Sweden,409,1,732.94,2,1,3,213,0,Lost,Very High
17979.0,4,383.0,732.41,5.31,0.0179,21.29,2011-03-25 11:34:00,2011-11-04 12:05:00,224,74.67,United Kingdom,36,4,732.41,4,4,3,443,1,Regular,Medium
13575.0,5,449.0,732.07,15.91,0.0327,79.6,2011-06-16 14:24:00,2011-11-16 13:14:00,153,38.25,United Kingdom,23,5,732.07,4,4,3,443,1,Regular,Low
13780.0,3,479.0,732.07,7.47,0.0075,22.41,2010-10-28 19:51:00,2011-12-02 13:49:00,400,200.0,United Kingdom,7,3,732.07,5,3,3,533,1,Regular,Low
17548.0,4,494.0,731.26,21.51,0.0245,85.9,2010-11-08 16:19:00,2011-04-20 12:01:00,163,54.33,United Kingdom,234,4,731.26,2,4,3,243,1,Regular,Very High
17681.0,5,450.0,731.2,52.23,0.0521,261.23,2010-01-15 11:53:00,2010-04-21 17:22:00,96,24.0,United Kingdom,597,5,731.2,1,4,3,143,0,Lost,Very High
14778.0,2,306.0,730.86,20.88,0.011,41.57,2011-02-04 11:43:00,2011-08-04 15:23:00,181,181.0,United Kingdom,127,2,730.86,3,2,3,323,1,Regular,High
13921.0,4,210.0,730.7,16.61,0.0125,66.23,2009-12-18 12:19:00,2010-11-02 16:32:00,319,106.33,United Kingdom,402,4,730.7,2,4,3,243,0,Lost,Very High
13452.0,3,6.0,729.8,243.27,0.0141,730.61,2010-08-24 09:53:00,2011-03-25 14:19:00,213,106.5,United Kingdom,259,3,729.8,2,3,3,233,0,Lost,Very High
12925.0,3,649.0,729.33,14.59,0.0051,43.75,2010-04-26 10:32:00,2011-12-05 11:11:00,588,294.0,United Kingdom,5,3,729.33,5,3,3,533,1,Regular,Low
15872.0,4,467.0,729.25,3.88,0.0075,15.6,2010-06-07 14:53:00,2011-11-25 11:55:00,536,178.67,United Kingdom,15,4,729.25,5,4,3,543,1,Regular,Low
18163.0,1,452.0,728.84,22.09,,,2010-05-04 14:51:00,2010-05-04 14:51:00,0,,United Kingdom,584,1,728.84,1,1,3,113,0,Lost,Very High
17756.0,3,399.0,728.75,8.68,0.1579,26.04,2010-11-10 12:54:00,2010-11-29 12:20:00,19,9.5,United Kingdom,376,3,728.75,2,3,3,233,0,Lost,Very High
12786.0,1,324.0,728.5,40.47,,,2010-04-09 12:12:00,2010-04-09 12:12:00,0,,Netherlands,610,1,728.5,1,1,3,113,0,Lost,Very High
17547.0,2,223.0,727.85,23.48,0.0069,46.98,2010-02-12 14:34:00,2010-11-29 09:41:00,290,290.0,United Kingdom,376,2,727.85,2,2,3,223,0,Lost,Very High
17141.0,4,423.0,727.58,4.49,0.015,17.92,2010-01-24 14:19:00,2010-10-17 14:54:00,266,88.67,United Kingdom,418,4,727.58,1,4,3,143,0,Lost,Very High
17374.0,3,155.0,727.11,17.31,0.0169,51.78,2010-11-09 17:14:00,2011-05-05 09:05:00,177,88.5,United Kingdom,219,3,727.11,2,3,3,233,1,Regular,Very High
16447.0,3,315.0,727.1,10.69,0.0057,31.99,2010-02-17 14:09:00,2011-07-27 12:45:00,525,262.5,United Kingdom,136,3,727.1,3,3,3,333,1,Regular,High
13569.0,4,345.0,726.54,4.06,0.0097,16.19,2010-10-07 13:05:00,2011-11-22 13:07:00,411,137.0,United Kingdom,17,4,726.54,5,4,3,543,1,Regular,Low
18078.0,4,370.0,725.53,9.94,0.0097,39.63,2010-03-21 15:50:00,2011-05-06 14:32:00,411,137.0,United Kingdom,217,4,725.53,2,4,3,243,1,Regular,Very High
12723.0,5,434.0,725.07,10.51,0.0806,52.52,2011-10-05 15:52:00,2011-12-06 10:19:00,62,15.5,France,4,5,725.07,5,4,3,543,1,Regular,Low
18187.0,1,310.0,724.89,15.1,,,2010-03-18 09:49:00,2010-03-18 09:49:00,0,,United Kingdom,632,1,724.89,1,1,3,113,0,Lost,Very High
13729.0,3,419.0,724.73,18.58,0.012,55.52,2010-01-24 14:57:00,2010-09-30 10:44:00,249,124.5,United Kingdom,436,3,724.73,1,3,3,133,0,Lost,Very High
14798.0,8,601.0,724.31,14.78,0.0134,118.04,2010-03-01 08:38:00,2011-10-18 10:58:00,596,85.14,United Kingdom,53,8,724.31,4,5,3,453,1,Regular,Medium
15368.0,2,406.0,722.74,90.34,0.0054,181.96,2010-11-10 15:52:00,2011-11-18 14:42:00,373,373.0,United Kingdom,21,2,722.74,4,2,3,423,1,Regular,Low
13264.0,1,375.0,722.56,19.01,,,2010-09-23 12:42:00,2010-09-23 12:42:00,0,,United Kingdom,443,1,722.56,1,1,3,113,0,Lost,Very High
17615.0,6,378.0,721.8,12.89,0.0169,77.33,2010-08-11 12:54:00,2011-08-01 14:06:00,355,71.0,United Kingdom,130,6,721.8,3,4,3,343,1,Regular,High
13441.0,2,520.0,720.9,18.97,0.0059,38.05,2010-10-04 10:38:00,2011-09-09 09:38:00,340,340.0,United Kingdom,92,2,720.9,3,2,3,323,1,Regular,High
16023.0,3,358.0,719.81,7.13,0.0136,21.33,2011-03-18 13:32:00,2011-10-24 16:34:00,220,110.0,United Kingdom,46,3,719.81,4,3,3,433,1,Regular,Medium
13537.0,2,337.0,717.85,17.09,0.0769,34.17,2010-09-14 10:41:00,2010-10-10 12:45:00,26,26.0,United Kingdom,426,2,717.85,1,2,3,123,0,Lost,Very High
13604.0,1,242.0,717.62,34.17,,,2010-02-19 12:02:00,2010-02-19 12:02:00,0,,United Kingdom,659,1,717.62,1,1,3,113,0,Lost,Very High
16269.0,1,579.0,717.57,13.54,,,2010-09-28 11:50:00,2010-09-28 11:50:00,0,,United Kingdom,438,1,717.57,1,1,3,113,0,Lost,Very High
12573.0,5,479.0,717.41,6.03,0.021,30.14,2010-08-31 17:25:00,2011-04-26 15:52:00,238,59.5,France,227,5,717.41,2,4,3,243,1,Regular,Very High
17860.0,4,696.0,717.39,4.43,0.0111,17.7,2009-12-11 16:48:00,2010-12-06 12:41:00,360,120.0,United Kingdom,369,4,717.39,2,4,3,243,0,Lost,Very High
16526.0,2,279.0,717.21,20.49,0.0048,40.62,2010-05-04 16:34:00,2011-06-21 12:02:00,413,413.0,United Kingdom,172,2,717.21,3,2,3,323,1,Regular,High
15274.0,2,619.0,716.57,15.25,0.1429,30.51,2011-11-21 14:17:00,2011-12-05 16:57:00,14,14.0,United Kingdom,4,2,716.57,5,2,3,523,1,Regular,Low
12519.0,2,387.0,716.54,18.37,0.0048,36.42,2010-08-20 08:21:00,2011-10-07 09:26:00,413,413.0,Germany,64,2,716.54,3,2,3,323,1,Regular,Medium
12535.0,2,219.0,716.35,21.07,0.0211,42.23,2011-06-06 12:47:00,2011-09-09 08:48:00,95,95.0,France,92,2,716.35,3,2,3,323,1,Regular,High
12492.0,3,444.0,715.21,17.03,0.0088,50.95,2010-11-01 14:58:00,2011-10-07 15:15:00,340,170.0,Germany,63,3,715.21,3,3,3,333,1,Regular,Medium
15330.0,2,1312.0,714.96,55.0,0.0714,109.96,2011-10-10 12:30:00,2011-11-07 17:50:00,28,28.0,United Kingdom,32,2,714.96,4,2,3,423,1,Regular,Medium
13512.0,4,419.0,713.39,18.29,0.0124,73.26,2010-05-05 13:22:00,2011-03-24 10:03:00,323,107.67,United Kingdom,261,4,713.39,2,4,3,243,0,Lost,Very High
14026.0,2,427.0,713.11,14.26,0.0129,28.51,2010-03-24 14:10:00,2010-08-26 10:31:00,155,155.0,United Kingdom,471,2,713.11,1,2,3,123,0,Lost,Very High
13147.0,4,144.0,712.8,178.2,0.0449,712.11,2011-09-01 12:28:00,2011-11-29 13:59:00,89,29.67,United Kingdom,10,4,712.8,5,4,3,543,1,Regular,Low
17761.0,1,398.0,712.78,37.51,,,2011-11-07 10:23:00,2011-11-07 10:23:00,0,,United Kingdom,33,1,712.78,4,1,3,413,1,Regular,Medium
14470.0,3,282.0,712.04,11.87,0.0072,35.81,2010-10-05 12:39:00,2011-11-28 10:31:00,419,209.5,United Kingdom,12,3,712.04,5,3,3,533,1,Regular,Low
15127.0,2,464.0,711.5,25.41,0.0044,50.76,2010-07-08 10:07:00,2011-10-05 10:30:00,454,454.0,United Kingdom,66,2,711.5,3,2,3,323,1,Regular,Medium
13103.0,3,426.0,709.64,21.5,0.0056,64.78,2010-05-11 14:41:00,2011-10-31 09:38:00,538,269.0,United Kingdom,40,3,709.64,4,3,3,433,1,Regular,Medium
13057.0,3,456.0,709.59,17.74,0.0297,53.21,2010-03-18 12:14:00,2010-06-27 15:44:00,101,50.5,United Kingdom,530,3,709.59,1,3,3,133,0,Lost,Very High
13927.0,2,463.0,708.26,17.27,0.0055,34.48,2010-09-28 16:12:00,2011-09-26 12:00:00,363,363.0,United Kingdom,75,2,708.26,3,2,3,323,1,Regular,Medium
12485.0,1,414.0,708.1,20.83,,,2010-06-28 15:22:00,2010-06-28 15:22:00,0,,Sweden,529,1,708.1,1,1,3,113,0,Lost,Very High
14398.0,2,267.0,707.79,13.35,0.0159,26.75,2010-06-30 11:57:00,2010-11-03 13:46:00,126,126.0,United Kingdom,401,2,707.79,2,2,3,223,0,Lost,Very High
16449.0,2,367.0,707.69,17.69,0.0241,35.39,2011-03-04 12:15:00,2011-05-26 10:25:00,83,83.0,United Kingdom,198,2,707.69,2,2,3,223,1,Regular,Very High
12453.0,1,473.0,707.09,16.44,,,2011-07-28 14:08:00,2011-07-28 14:08:00,0,,Austria,134,1,707.09,3,1,3,313,1,Regular,High
13626.0,2,398.0,707.04,16.07,0.0157,32.04,2010-11-25 16:12:00,2011-04-01 10:05:00,127,127.0,United Kingdom,253,2,707.04,2,2,3,223,1,Regular,Very High
16309.0,2,467.0,706.57,16.82,0.0149,33.58,2011-04-13 11:46:00,2011-08-25 15:35:00,134,134.0,United Kingdom,106,2,706.57,3,2,3,323,1,Regular,High
17051.0,4,507.0,706.49,4.56,0.0092,18.21,2010-03-21 14:55:00,2011-05-29 14:13:00,434,144.67,United Kingdom,194,4,706.49,2,4,3,243,1,Regular,Very High
12890.0,2,457.0,706.02,5.23,0.0055,10.44,2010-11-17 14:05:00,2011-11-15 17:26:00,363,363.0,United Kingdom,24,2,706.02,4,2,3,423,1,Regular,Low
16364.0,2,279.0,705.79,13.57,0.0159,27.19,2011-07-25 14:35:00,2011-11-28 11:27:00,126,126.0,United Kingdom,12,2,705.79,5,2,3,523,1,Regular,Low
16882.0,3,424.0,705.12,18.08,0.012,54.46,2011-01-26 17:43:00,2011-10-04 10:42:00,251,125.5,United Kingdom,67,3,705.12,3,3,3,333,1,Regular,Medium
16015.0,3,907.0,704.55,3.89,0.0652,11.67,2011-10-21 12:56:00,2011-12-06 10:58:00,46,23.0,United Kingdom,4,3,704.55,5,3,3,533,1,Regular,Low
12612.0,1,262.0,704.04,37.05,,,2011-09-26 15:35:00,2011-09-26 15:35:00,0,,Germany,74,1,704.04,3,1,3,313,1,Regular,Medium
12883.0,4,196.0,703.47,16.75,0.0615,66.96,2011-09-11 15:18:00,2011-11-15 09:32:00,65,21.67,United Kingdom,25,4,703.47,4,4,3,443,1,Regular,Low
15103.0,2,329.0,703.36,20.1,0.0364,40.24,2011-09-14 13:54:00,2011-11-08 14:53:00,55,55.0,United Kingdom,31,2,703.36,4,2,3,423,1,Regular,Medium
17561.0,4,381.0,703.02,3.68,0.0056,14.71,2009-12-06 13:29:00,2011-11-20 12:53:00,714,238.0,United Kingdom,19,4,703.02,5,4,3,543,1,Regular,Low
14699.0,4,484.0,702.6,14.05,0.0129,56.37,2010-07-02 12:04:00,2011-05-09 14:54:00,311,103.67,United Kingdom,214,4,702.6,2,4,3,243,1,Regular,Very High
16997.0,3,360.0,702.0,58.5,0.0811,175.54,2011-01-18 11:51:00,2011-02-24 17:28:00,37,18.5,United Kingdom,288,3,702.0,2,3,3,233,0,Lost,Very High
17825.0,4,516.0,701.96,26.0,0.0315,104.01,2009-12-14 12:09:00,2010-04-20 12:01:00,127,42.33,United Kingdom,599,4,701.96,1,4,3,143,0,Lost,Very High
14324.0,2,402.0,701.61,17.11,0.007,34.01,2010-01-15 13:31:00,2010-10-26 11:44:00,284,284.0,United Kingdom,410,2,701.61,2,2,3,223,0,Lost,Very High
14179.0,2,319.0,701.57,4.47,0.1667,8.94,2011-10-18 14:00:00,2011-10-30 12:07:00,12,12.0,United Kingdom,41,2,701.57,4,2,3,423,1,Regular,Medium
14356.0,2,277.0,701.23,21.25,1.0,42.5,2011-09-19 14:43:00,2011-09-21 09:18:00,2,2.0,United Kingdom,80,2,701.23,3,2,3,323,1,Regular,Medium
13833.0,2,243.0,700.41,15.92,0.0082,31.98,2010-10-31 14:11:00,2011-07-03 13:27:00,245,245.0,United Kingdom,159,2,700.41,3,2,3,323,1,Regular,High
17163.0,4,531.0,699.78,23.33,0.0061,93.07,2010-02-02 10:39:00,2011-11-18 08:57:00,654,218.0,United Kingdom,22,4,699.78,4,4,3,443,1,Regular,Low
13242.0,7,350.0,699.4,19.98,0.0126,139.97,2010-02-09 13:12:00,2011-08-19 12:53:00,556,92.67,United Kingdom,112,7,699.4,3,4,3,343,1,Regular,High
16018.0,4,503.0,698.13,12.47,0.0058,50.12,2009-12-07 13:57:00,2011-10-31 14:13:00,693,231.0,United Kingdom,39,4,698.13,4,4,3,443,1,Regular,Medium
14497.0,2,332.0,697.06,17.43,0.0055,34.89,2010-02-04 09:59:00,2011-02-03 17:01:00,364,364.0,United Kingdom,309,2,697.06,2,2,3,223,0,Lost,Very High
16415.0,3,508.0,696.76,4.81,0.0047,14.29,2010-02-01 12:30:00,2011-10-26 13:35:00,632,316.0,United Kingdom,44,3,696.76,4,3,3,433,1,Regular,Medium
15700.0,2,357.0,696.68,8.1,2.0,16.2,2011-06-19 15:36:00,2011-06-20 16:53:00,1,1.0,United Kingdom,172,2,696.68,3,2,3,323,1,Regular,High
14959.0,4,494.0,695.42,11.79,0.0172,47.05,2011-02-16 13:00:00,2011-10-06 18:23:00,232,77.33,United Kingdom,64,4,695.42,3,4,3,343,1,Regular,Medium
13101.0,4,478.0,695.4,13.64,0.0089,54.26,2010-01-27 15:49:00,2011-04-19 14:37:00,447,149.0,United Kingdom,234,4,695.4,2,4,3,243,1,Regular,Very High
15995.0,1,352.0,694.54,6.31,,,2010-10-21 13:57:00,2010-10-21 13:57:00,0,,United Kingdom,414,1,694.54,1,1,3,113,0,Lost,Very High
15053.0,3,984.0,693.95,10.06,0.0108,30.1,2011-03-03 12:06:00,2011-12-05 12:08:00,277,138.5,United Kingdom,5,3,693.95,5,3,3,533,1,Regular,Low
14111.0,4,458.0,692.85,69.29,0.0176,276.83,2011-04-12 11:36:00,2011-11-25 13:44:00,227,75.67,United Kingdom,14,4,692.85,5,4,3,543,1,Regular,Low
17198.0,3,357.0,692.22,7.21,0.0086,21.58,2010-12-03 14:54:00,2011-11-16 10:39:00,348,174.0,United Kingdom,24,3,692.22,4,3,3,433,1,Regular,Low
17733.0,2,463.0,692.19,19.78,0.009,39.7,2011-03-23 09:54:00,2011-11-01 08:16:00,223,223.0,United Kingdom,39,2,692.19,4,2,3,423,1,Regular,Medium
12817.0,3,219.0,690.98,27.64,0.0196,82.89,2010-10-01 08:57:00,2011-03-03 16:28:00,153,76.5,Austria,281,3,690.98,2,3,3,233,0,Lost,Very High
16658.0,6,277.0,690.83,10.79,0.0239,64.73,2010-03-30 16:24:00,2010-12-06 13:47:00,251,50.2,United Kingdom,368,6,690.83,2,4,3,243,0,Lost,Very High
14880.0,3,365.0,690.59,15.01,0.0142,44.97,2011-02-24 12:27:00,2011-09-23 13:42:00,211,105.5,United Kingdom,77,3,690.59,3,3,3,333,1,Regular,Medium
16545.0,2,322.0,689.82,86.23,0.0095,172.85,2010-11-29 10:39:00,2011-06-28 10:37:00,211,211.0,United Kingdom,165,2,689.82,3,2,3,323,1,Regular,High
17834.0,2,639.0,689.67,11.89,0.0645,23.77,2010-09-20 15:32:00,2010-10-21 12:09:00,31,31.0,United Kingdom,415,2,689.67,1,2,3,123,0,Lost,Very High
17502.0,4,376.0,689.1,24.61,0.2,98.44,2011-11-10 16:39:00,2011-11-30 13:13:00,20,6.67,United Kingdom,9,4,689.1,5,4,3,543,1,Regular,Low
15361.0,4,373.0,689.07,68.91,0.022,275.92,2010-06-14 13:27:00,2010-12-13 09:52:00,182,60.67,United Kingdom,362,4,689.07,2,4,3,243,0,Lost,Very High
12450.0,5,442.0,688.2,18.6,0.0157,92.86,2010-08-22 13:11:00,2011-07-06 14:41:00,318,79.5,Spain,156,5,688.2,3,4,3,343,1,Regular,High
18017.0,4,400.0,688.0,172.0,0.0114,686.28,2010-10-04 15:11:00,2011-09-19 16:15:00,350,116.67,United Kingdom,81,4,688.0,3,4,3,343,1,Regular,Medium
15901.0,7,695.0,687.72,4.19,0.0133,29.37,2010-06-14 12:39:00,2011-11-23 12:43:00,527,87.83,United Kingdom,17,7,687.72,5,4,3,543,1,Regular,Low
14809.0,2,232.0,686.76,38.15,,,2010-03-28 15:42:00,2010-03-28 15:44:00,0,0.0,United Kingdom,621,2,686.76,1,2,3,123,0,Lost,Very High
13898.0,2,544.0,686.4,14.92,0.0233,29.9,2010-10-24 15:42:00,2011-01-18 10:28:00,86,86.0,United Kingdom,326,2,686.4,2,2,3,223,0,Lost,Very High
16824.0,3,390.0,686.24,17.6,0.0079,52.56,2010-11-11 12:21:00,2011-11-24 12:38:00,378,189.0,United Kingdom,16,3,686.24,5,3,3,533,1,Regular,Low
17935.0,7,244.0,686.14,10.72,0.0117,74.88,2009-12-04 14:33:00,2011-07-24 13:18:00,597,99.5,United Kingdom,138,7,686.14,3,4,3,343,1,Regular,High
12658.0,1,320.0,686.05,19.06,,,2011-11-21 10:22:00,2011-11-21 10:22:00,0,,Germany,19,1,686.05,5,1,3,513,1,Regular,Low
15257.0,2,71.0,685.9,57.16,0.0153,114.57,2010-10-21 14:03:00,2011-03-01 12:58:00,131,131.0,United Kingdom,283,2,685.9,2,2,3,223,0,Lost,Very High
15219.0,2,271.0,685.45,26.36,0.0042,52.26,2010-03-01 11:33:00,2011-06-16 16:57:00,472,472.0,United Kingdom,176,2,685.45,3,2,3,323,1,Regular,High
15184.0,4,462.0,685.39,8.16,0.0058,32.85,2009-12-16 12:06:00,2011-11-10 13:41:00,694,231.33,United Kingdom,29,4,685.39,4,4,3,443,1,Regular,Low
16885.0,4,358.0,684.6,5.03,0.0108,20.1,2010-11-19 12:51:00,2011-11-24 13:40:00,370,123.33,United Kingdom,15,4,684.6,5,4,3,543,1,Regular,Low
13585.0,3,1386.0,684.54,17.55,0.0144,52.57,2009-12-01 14:56:00,2010-06-27 12:33:00,208,104.0,United Kingdom,531,3,684.54,1,3,3,133,0,Lost,Very High
15669.0,4,342.0,684.34,20.74,0.0179,82.79,2011-03-21 09:13:00,2011-10-30 16:03:00,223,74.33,United Kingdom,40,4,684.34,4,4,3,443,1,Regular,Medium
15207.0,3,428.0,683.92,28.5,0.0229,85.5,2010-06-10 17:29:00,2010-10-19 13:29:00,131,65.5,United Kingdom,416,3,683.92,1,3,3,133,0,Lost,Very High
17874.0,6,221.0,683.46,14.86,0.0857,89.15,2011-03-29 11:25:00,2011-06-07 12:54:00,70,14.0,United Kingdom,185,6,683.46,3,4,3,343,1,Regular,Very High
14222.0,1,607.0,683.17,16.66,,,2011-06-15 16:42:00,2011-06-15 16:42:00,0,,United Kingdom,177,1,683.17,3,1,3,313,1,Regular,High
15582.0,3,453.0,682.91,15.52,0.0153,46.54,2011-05-03 13:36:00,2011-11-15 09:55:00,196,98.0,United Kingdom,25,3,682.91,4,3,3,433,1,Regular,Low
13987.0,2,492.0,682.54,14.84,0.0952,29.67,2010-11-04 09:54:00,2010-11-25 10:20:00,21,21.0,United Kingdom,380,2,682.54,2,2,3,223,0,Lost,Very High
12601.0,6,290.0,681.26,20.04,0.0279,120.21,2010-10-31 10:57:00,2011-06-03 10:17:00,215,43.0,Germany,190,6,681.26,2,4,3,243,1,Regular,Very High
12478.0,1,236.0,680.99,18.92,,,2011-12-06 09:56:00,2011-12-06 09:56:00,0,,Greece,4,1,680.99,5,1,3,513,1,Regular,Low
18271.0,2,319.0,680.85,32.42,0.0164,64.87,2009-12-08 11:27:00,2010-04-09 09:26:00,122,122.0,United Kingdom,610,2,680.85,1,2,3,123,0,Lost,Very High
18082.0,1,608.0,680.84,9.73,,,2011-11-14 12:45:00,2011-11-14 12:45:00,0,,United Kingdom,26,1,680.84,4,1,3,413,1,Regular,Low
15973.0,3,195.0,680.62,61.87,0.0476,185.54,2010-10-06 15:00:00,2010-12-08 11:42:00,63,31.5,United Kingdom,367,3,680.62,2,3,3,233,0,Lost,Very High
13524.0,5,324.0,680.18,25.19,0.0279,125.8,2011-05-04 12:26:00,2011-10-30 12:34:00,179,44.75,United Kingdom,41,5,680.18,4,4,3,443,1,Regular,Medium
13809.0,3,281.0,679.7,27.19,0.0194,81.76,2010-09-05 11:42:00,2011-02-07 13:15:00,155,77.5,Cyprus,305,3,679.7,2,3,3,233,0,Lost,Very High
13430.0,2,751.0,679.45,13.87,0.0294,27.73,2011-09-14 14:26:00,2011-11-21 08:19:00,68,68.0,United Kingdom,19,2,679.45,5,2,3,523,1,Regular,Low
14151.0,2,405.0,679.45,15.44,0.0465,30.87,2009-12-23 10:54:00,2010-02-04 15:35:00,43,43.0,United Kingdom,673,2,679.45,1,2,3,123,0,Lost,Very High
17782.0,2,538.0,679.02,23.41,,,2010-11-22 10:03:00,2010-11-22 11:15:00,0,0.0,United Kingdom,383,2,679.02,2,2,3,223,0,Lost,Very High
16646.0,1,1072.0,678.8,23.41,,,2010-09-16 13:28:00,2010-09-16 13:28:00,0,,United Kingdom,449,1,678.8,1,1,3,113,0,Lost,Very High
14182.0,4,174.0,678.77,13.58,0.0261,54.23,2010-04-22 15:36:00,2010-09-22 11:45:00,153,51.0,United Kingdom,444,4,678.77,1,4,3,143,0,Lost,Very High
13255.0,3,407.0,678.76,26.11,0.006,78.8,2010-07-15 13:20:00,2011-11-30 13:14:00,503,251.5,United Kingdom,9,3,678.76,5,3,3,533,1,Regular,Low
13925.0,4,331.0,678.25,16.54,0.0952,66.13,2011-07-28 12:09:00,2011-09-08 12:47:00,42,14.0,United Kingdom,93,4,678.25,3,4,3,343,1,Regular,High
15363.0,2,383.0,678.11,19.37,0.0167,38.82,2010-08-04 08:41:00,2010-12-02 12:28:00,120,120.0,United Kingdom,373,2,678.11,2,2,3,223,0,Lost,Very High
13974.0,2,356.0,677.72,15.76,0.0038,31.92,2010-05-06 17:55:00,2011-10-21 14:41:00,533,533.0,United Kingdom,49,2,677.72,4,2,3,423,1,Regular,Medium
16601.0,3,391.0,677.0,9.81,0.0051,29.17,2010-03-26 13:39:00,2011-10-30 11:09:00,583,291.5,United Kingdom,41,3,677.0,4,3,3,433,1,Regular,Medium
13040.0,2,355.0,676.99,15.74,0.08,31.48,2011-11-06 13:53:00,2011-12-01 10:38:00,25,25.0,United Kingdom,9,2,676.99,5,2,3,523,1,Regular,Low
17462.0,2,227.0,675.69,25.03,0.0089,49.9,2011-02-28 17:01:00,2011-10-10 13:56:00,224,224.0,United Kingdom,60,2,675.69,3,2,3,323,1,Regular,Medium
18156.0,2,283.0,675.64,5.54,0.0056,11.08,2010-12-05 12:29:00,2011-11-27 12:24:00,357,357.0,United Kingdom,13,2,675.64,5,2,3,523,1,Regular,Low
12942.0,3,198.0,675.6,9.65,0.0128,28.9,2010-12-09 09:34:00,2011-07-31 14:39:00,234,117.0,United Kingdom,131,3,675.6,3,3,3,333,1,Regular,High
13325.0,1,240.0,675.3,56.28,,,2011-09-19 10:36:00,2011-09-19 10:36:00,0,,United Kingdom,82,1,675.3,3,1,3,313,1,Regular,Medium
13355.0,1,314.0,674.7,21.08,,,2011-08-09 14:48:00,2011-08-09 14:48:00,0,,United Kingdom,122,1,674.7,3,1,3,313,1,Regular,High
13951.0,3,459.0,674.45,17.29,0.0254,51.82,2011-02-18 15:21:00,2011-06-16 16:43:00,118,59.0,United Kingdom,176,3,674.45,3,3,3,333,1,Regular,High
14504.0,4,308.0,673.26,6.29,0.0173,25.14,2011-03-06 14:38:00,2011-10-23 16:00:00,231,77.0,United Kingdom,47,4,673.26,4,4,3,443,1,Regular,Medium
16648.0,3,503.0,672.8,18.18,0.0055,54.79,2010-04-28 14:58:00,2011-10-28 08:58:00,548,274.0,United Kingdom,43,3,672.8,4,3,3,433,1,Regular,Medium
16226.0,5,521.0,672.17,21.68,0.0238,108.36,2010-10-22 11:19:00,2011-05-20 14:41:00,210,52.5,United Kingdom,203,5,672.17,2,4,3,243,1,Regular,Very High
17011.0,3,792.0,671.7,23.99,0.0048,71.51,2010-02-26 09:47:00,2011-11-09 13:30:00,621,310.5,United Kingdom,30,3,671.7,4,3,3,433,1,Regular,Low
15562.0,3,560.0,671.43,20.35,0.008,61.05,2009-12-13 15:17:00,2010-12-23 09:55:00,375,187.5,United Kingdom,352,3,671.43,2,3,3,233,0,Lost,Very High
14142.0,2,518.0,671.34,15.26,0.0073,30.41,2010-03-03 15:13:00,2010-12-01 16:33:00,273,273.0,United Kingdom,373,2,671.34,2,2,3,223,0,Lost,Very High
17709.0,5,295.0,671.01,16.78,0.0115,83.75,2010-04-15 14:48:00,2011-06-23 11:55:00,434,108.5,United Kingdom,170,5,671.01,3,4,3,343,1,Regular,High
13398.0,2,341.0,670.34,17.19,0.0078,34.32,2010-09-17 09:34:00,2011-05-31 13:17:00,256,256.0,United Kingdom,192,2,670.34,2,2,3,223,1,Regular,Very High
17418.0,3,521.0,670.06,15.95,0.0087,47.87,2010-11-17 13:42:00,2011-10-28 13:00:00,345,172.5,United Kingdom,42,3,670.06,4,3,3,433,1,Regular,Medium
13741.0,3,218.0,668.43,19.66,0.0205,58.84,2011-05-06 13:43:00,2011-09-29 09:19:00,146,73.0,United Kingdom,72,3,668.43,3,3,3,333,1,Regular,Medium
16268.0,2,533.0,667.65,14.84,,,2011-09-29 18:30:00,2011-09-29 18:30:00,0,0.0,United Kingdom,71,2,667.65,3,2,3,323,1,Regular,Medium
17962.0,4,633.0,666.96,3.64,0.0072,14.49,2010-01-13 15:24:00,2011-07-20 14:16:00,553,184.33,United Kingdom,142,4,666.96,3,4,3,343,1,Regular,High
18123.0,3,616.0,666.64,11.9,0.0061,35.5,2010-07-14 12:47:00,2011-11-15 14:23:00,489,244.5,United Kingdom,24,3,666.64,4,3,3,433,1,Regular,Low
13217.0,4,512.0,666.48,133.3,0.0075,532.87,2010-02-22 12:49:00,2011-08-09 15:32:00,533,177.67,United Kingdom,122,4,666.48,3,4,3,343,1,Regular,High
14932.0,2,257.0,666.13,20.82,0.1,41.64,2010-11-19 09:16:00,2010-12-09 11:48:00,20,20.0,Channel Islands,366,2,666.13,2,2,3,223,0,Lost,Very High
17105.0,2,693.0,665.78,7.4,0.0136,14.79,2011-02-06 14:46:00,2011-07-03 15:53:00,147,147.0,United Kingdom,159,2,665.78,3,2,3,323,1,Regular,High
16132.0,2,280.0,664.2,39.07,0.0241,78.15,2010-03-22 10:25:00,2010-06-13 13:49:00,83,83.0,United Kingdom,544,2,664.2,1,2,3,123,0,Lost,Very High
16704.0,2,433.0,664.16,12.3,0.037,24.58,2010-02-05 14:14:00,2010-03-31 14:02:00,54,54.0,United Kingdom,618,2,664.16,1,2,3,123,0,Lost,Very High
13596.0,2,384.0,664.11,4.55,0.2857,9.1,2011-11-27 11:57:00,2011-12-04 12:01:00,7,7.0,United Kingdom,6,2,664.11,5,2,3,523,1,Regular,Low
15643.0,3,246.0,664.0,20.12,0.033,60.42,2011-03-02 14:34:00,2011-06-01 07:38:00,91,45.5,United Kingdom,192,3,664.0,2,3,3,233,1,Regular,Very High
14720.0,3,219.0,663.81,17.94,0.0248,53.83,2011-08-05 12:06:00,2011-12-04 12:02:00,121,60.5,United Kingdom,6,3,663.81,5,3,3,533,1,Regular,Low
16573.0,2,360.0,663.61,15.8,0.0097,31.57,2011-02-22 15:14:00,2011-09-16 09:13:00,206,206.0,United Kingdom,85,2,663.61,3,2,3,323,1,Regular,Medium
16679.0,3,247.0,663.31,36.85,0.0166,110.72,2010-06-10 18:35:00,2010-12-08 13:51:00,181,90.5,United Kingdom,366,3,663.31,2,3,3,233,0,Lost,Very High
12837.0,2,194.0,662.66,7.53,0.0051,15.21,2010-05-19 15:10:00,2011-06-19 16:07:00,396,396.0,United Kingdom,173,2,662.66,3,2,3,323,1,Regular,High
13864.0,1,192.0,662.4,662.4,,,2010-11-18 12:50:00,2010-11-18 12:50:00,0,,United Kingdom,387,1,662.4,2,1,3,213,0,Lost,Very High
16862.0,4,513.0,662.33,18.92,0.026,75.76,2010-01-07 12:57:00,2010-06-10 13:05:00,154,51.33,United Kingdom,547,4,662.33,1,4,3,143,0,Lost,Very High
14425.0,3,325.0,661.39,16.96,0.0099,50.87,2009-12-02 11:31:00,2010-10-01 10:24:00,303,151.5,United Kingdom,435,3,661.39,1,3,3,133,0,Lost,Very High
13028.0,2,798.0,661.32,14.7,0.087,29.41,2011-10-25 14:09:00,2011-11-17 11:10:00,23,23.0,United Kingdom,23,2,661.32,4,2,3,423,1,Regular,Low
17375.0,4,480.0,660.55,7.68,0.0172,30.65,2010-10-04 09:14:00,2011-05-24 15:45:00,232,77.33,United Kingdom,199,4,660.55,2,4,3,243,1,Regular,Very High
14603.0,1,400.0,660.0,330.0,,,2011-03-10 10:27:00,2011-03-10 10:27:00,0,,United Kingdom,275,1,660.0,2,1,3,213,0,Lost,Very High
15405.0,2,348.0,659.84,21.99,0.0052,44.25,2010-05-12 15:56:00,2011-06-03 14:44:00,387,387.0,United Kingdom,189,2,659.84,2,2,3,223,1,Regular,Very High
15492.0,2,483.0,659.46,18.84,0.0435,37.7,2011-09-26 14:02:00,2011-11-11 14:53:00,46,46.0,United Kingdom,28,2,659.46,4,2,3,423,1,Regular,Low
13759.0,2,287.0,659.41,26.38,0.0526,52.73,2011-09-29 15:40:00,2011-11-06 14:47:00,38,38.0,United Kingdom,33,2,659.41,4,2,3,423,1,Regular,Medium
14452.0,4,285.0,658.95,5.11,0.0078,20.37,2010-07-06 13:13:00,2011-11-29 12:06:00,511,170.33,United Kingdom,11,4,658.95,5,4,3,543,1,Regular,Low
13622.0,1,379.0,658.95,20.59,,,2010-01-12 13:22:00,2010-01-12 13:22:00,0,,United Kingdom,696,1,658.95,1,1,3,113,0,Lost,Very High
14150.0,2,496.0,658.64,25.33,0.0062,50.88,2010-12-15 10:04:00,2011-11-04 10:05:00,324,324.0,United Kingdom,36,2,658.64,4,2,3,423,1,Regular,Medium
13433.0,4,190.0,658.32,27.43,0.0205,109.65,2010-01-12 08:59:00,2010-07-26 16:55:00,195,65.0,United Kingdom,501,4,658.32,1,4,3,143,0,Lost,Very High
16887.0,3,423.0,658.17,6.52,0.0043,19.71,2009-12-01 13:41:00,2011-11-04 14:07:00,703,351.5,United Kingdom,35,3,658.17,4,3,3,433,1,Regular,Medium
15715.0,5,246.0,658.02,17.32,0.0781,86.57,2010-03-30 12:17:00,2010-06-02 09:56:00,64,16.0,United Kingdom,556,5,658.02,1,4,3,143,0,Lost,Very High
16696.0,4,146.0,657.9,65.79,0.0354,263.17,2011-04-05 15:20:00,2011-07-27 14:23:00,113,37.67,United Kingdom,135,4,657.9,3,4,3,343,1,Regular,High
17852.0,5,372.0,657.81,6.09,0.0069,30.26,2009-12-08 12:51:00,2011-11-28 12:36:00,720,180.0,United Kingdom,12,5,657.81,5,4,3,543,1,Regular,Low
17459.0,2,537.0,657.3,5.92,0.1176,11.84,2011-10-10 17:00:00,2011-10-27 13:25:00,17,17.0,United Kingdom,43,2,657.3,4,2,3,423,1,Regular,Medium
16157.0,3,347.0,656.69,36.48,0.0526,109.37,2011-09-28 11:48:00,2011-11-24 11:41:00,57,28.5,United Kingdom,16,3,656.69,5,3,3,533,1,Regular,Low
16708.0,1,285.0,656.63,24.32,,,2011-10-25 12:20:00,2011-10-25 12:20:00,0,,United Kingdom,46,1,656.63,4,1,3,413,1,Regular,Medium
14558.0,3,162.0,655.5,43.7,0.039,131.23,2009-12-08 10:41:00,2010-02-23 12:51:00,77,38.5,United Kingdom,654,3,655.5,1,3,3,133,0,Lost,Very High
17371.0,6,281.0,655.37,4.55,0.0084,27.29,2009-12-08 12:25:00,2011-11-22 13:30:00,714,142.8,United Kingdom,17,6,655.37,5,4,3,543,1,Regular,Low
16117.0,3,321.0,654.4,7.35,0.0075,22.16,2010-04-27 11:50:00,2011-06-03 11:42:00,402,201.0,United Kingdom,190,3,654.4,2,3,3,233,1,Regular,Very High
17398.0,3,310.0,653.38,17.19,0.0213,51.63,2011-03-29 13:04:00,2011-08-17 09:48:00,141,70.5,United Kingdom,115,3,653.38,3,3,3,333,1,Regular,High
13496.0,2,341.0,653.33,18.67,0.0057,37.14,2010-12-15 10:17:00,2011-11-29 10:58:00,349,349.0,United Kingdom,11,2,653.33,5,2,3,523,1,Regular,Low
18121.0,2,438.0,653.3,21.07,0.4,42.14,2011-07-08 12:14:00,2011-07-13 12:53:00,5,5.0,United Kingdom,149,2,653.3,3,2,3,323,1,Regular,High
15205.0,2,378.0,653.24,17.66,0.0476,35.31,2011-08-04 16:07:00,2011-09-15 19:36:00,42,42.0,United Kingdom,85,2,653.24,3,2,3,323,1,Regular,Medium
13820.0,3,285.0,652.75,7.33,0.0115,22.09,2010-01-28 12:26:00,2010-10-17 13:46:00,262,131.0,United Kingdom,418,3,652.75,1,3,3,133,0,Lost,Very High
17523.0,4,872.0,652.74,19.78,0.5,79.12,2011-11-20 13:40:00,2011-11-28 13:20:00,8,2.67,United Kingdom,11,4,652.74,5,4,3,543,1,Regular,Low
17572.0,10,327.0,652.21,20.38,0.0153,203.61,2009-12-15 10:00:00,2011-09-29 17:53:00,653,72.56,United Kingdom,71,10,652.21,3,5,3,353,1,Regular,Medium
13840.0,1,358.0,651.4,16.29,,,2010-10-19 13:34:00,2010-10-19 13:34:00,0,,United Kingdom,416,1,651.4,1,1,3,113,0,Lost,Very High
16056.0,1,345.0,650.75,9.86,,,2011-10-25 15:19:00,2011-10-25 15:19:00,0,,United Kingdom,45,1,650.75,4,1,3,413,1,Regular,Medium
16969.0,3,816.0,650.41,15.49,0.0197,46.38,2011-06-01 12:10:00,2011-10-31 13:12:00,152,76.0,United Kingdom,39,3,650.41,4,3,3,433,1,Regular,Medium
17779.0,3,396.0,650.32,8.03,0.0246,24.1,2011-07-19 12:19:00,2011-11-18 14:15:00,122,61.0,United Kingdom,21,3,650.32,4,3,3,433,1,Regular,Low
14034.0,3,420.0,648.89,7.55,0.0222,22.63,2011-07-05 13:06:00,2011-11-17 14:02:00,135,67.5,United Kingdom,22,3,648.89,4,3,3,433,1,Regular,Low
12844.0,4,223.0,648.6,6.3,0.0071,25.23,2010-04-25 11:51:00,2011-11-10 13:31:00,564,188.0,United Kingdom,29,4,648.6,4,4,3,443,1,Regular,Low
16495.0,3,328.0,648.26,7.37,0.011,22.13,2011-03-08 16:38:00,2011-12-06 13:20:00,273,136.5,United Kingdom,3,3,648.26,5,3,3,533,1,Regular,Low
17777.0,3,501.0,647.56,3.41,0.0395,10.24,2011-08-31 14:35:00,2011-11-15 12:02:00,76,38.0,United Kingdom,25,3,647.56,4,3,3,433,1,Regular,Low
16734.0,3,345.0,646.76,12.44,0.0484,37.33,2011-08-17 15:00:00,2011-10-18 13:44:00,62,31.0,United Kingdom,52,3,646.76,4,3,3,433,1,Regular,Medium
13474.0,3,318.0,646.59,5.13,0.0116,15.41,2010-08-01 14:40:00,2011-04-17 13:53:00,259,129.5,United Kingdom,236,3,646.59,2,3,3,233,1,Regular,Very High
15945.0,4,345.0,646.27,23.08,0.0107,92.11,2009-12-01 13:47:00,2010-12-09 13:14:00,373,124.33,United Kingdom,365,4,646.27,2,4,3,243,0,Lost,Very High
15012.0,3,383.0,646.26,3.38,0.0057,10.08,2010-05-12 11:49:00,2011-10-17 12:22:00,523,261.5,United Kingdom,54,3,646.26,4,3,3,433,1,Regular,Medium
14024.0,3,238.0,645.74,18.99,0.0112,57.21,2010-11-14 10:51:00,2011-08-10 11:30:00,269,134.5,United Kingdom,122,3,645.74,3,3,3,333,1,Regular,High
17380.0,3,252.0,645.0,64.5,0.03,193.5,2010-06-23 11:24:00,2010-10-01 16:42:00,100,50.0,United Kingdom,434,3,645.0,1,3,3,133,0,Lost,Very High
12719.0,2,374.0,644.95,16.54,0.0333,33.05,2011-10-05 14:50:00,2011-12-04 13:45:00,60,60.0,France,5,2,644.95,5,2,3,523,1,Regular,Low
16185.0,3,321.0,644.72,16.12,0.0055,48.59,2010-05-24 11:04:00,2011-11-23 09:41:00,548,274.0,United Kingdom,17,3,644.72,5,3,3,533,1,Regular,Low
17312.0,3,372.0,644.3,46.02,0.1429,138.1,2011-07-03 13:12:00,2011-07-24 11:52:00,21,10.5,United Kingdom,139,3,644.3,3,3,3,333,1,Regular,High
17963.0,4,341.0,643.16,5.9,0.0183,23.54,2010-01-19 17:25:00,2010-08-25 15:58:00,218,72.67,United Kingdom,471,4,643.16,1,4,3,143,0,Lost,Very High
13237.0,1,128.0,643.0,26.79,,,2010-11-17 10:07:00,2010-11-17 10:07:00,0,,United Kingdom,388,1,643.0,2,1,3,213,0,Lost,Very High
15297.0,3,292.0,641.94,16.46,0.0566,49.38,2011-10-07 09:42:00,2011-11-29 16:32:00,53,26.5,United Kingdom,10,3,641.94,5,3,3,533,1,Regular,Low
14537.0,2,228.0,641.4,27.89,0.0035,55.25,2010-03-26 13:44:00,2011-10-13 10:54:00,566,566.0,United Kingdom,58,2,641.4,4,2,3,423,1,Regular,Medium
12365.0,2,174.0,641.38,29.15,,,2011-02-21 13:51:00,2011-02-21 14:04:00,0,0.0,Cyprus,291,2,641.38,2,2,3,223,0,Lost,Very High
12624.0,2,355.0,641.13,16.87,0.0282,33.78,2011-06-15 12:34:00,2011-08-25 15:04:00,71,71.0,France,106,2,641.13,3,2,3,323,1,Regular,High
13318.0,3,304.0,640.76,32.04,0.0833,96.08,2011-11-02 13:26:00,2011-12-08 18:51:00,36,18.0,United Kingdom,1,3,640.76,5,3,3,533,1,Regular,Low
14563.0,2,279.0,640.54,6.04,0.0241,12.08,2010-04-26 12:51:00,2010-07-18 12:01:00,83,83.0,United Kingdom,510,2,640.54,1,2,3,123,0,Lost,Very High
12538.0,2,336.0,640.45,18.84,0.0057,37.48,2010-11-26 13:02:00,2011-11-10 17:16:00,349,349.0,Spain,29,2,640.45,4,2,3,423,1,Regular,Low
12880.0,2,279.0,640.13,17.78,0.0104,35.69,2010-05-14 11:57:00,2010-11-23 10:50:00,193,193.0,United Kingdom,382,2,640.13,2,2,3,223,0,Lost,Very High
15183.0,3,297.0,639.93,16.84,0.0811,50.53,2010-05-04 11:31:00,2010-06-10 10:43:00,37,18.5,United Kingdom,548,3,639.93,1,3,3,133,0,Lost,Very High
12734.0,3,265.0,639.65,33.67,0.075,101.01,2010-11-12 13:26:00,2010-12-22 12:47:00,40,20.0,France,353,3,639.65,2,3,3,233,0,Lost,Very High
15648.0,2,218.0,639.5,26.65,0.0317,53.22,2011-03-17 18:59:00,2011-05-19 15:53:00,63,63.0,United Kingdom,204,2,639.5,2,2,3,223,1,Regular,Very High
17998.0,3,561.0,639.24,11.02,0.0084,33.14,2009-12-01 13:07:00,2010-11-24 15:31:00,358,179.0,United Kingdom,380,3,639.24,2,3,3,233,0,Lost,Very High
16428.0,3,575.0,638.49,5.03,0.0357,15.08,2010-07-30 12:10:00,2010-10-22 12:22:00,84,42.0,United Kingdom,414,3,638.49,1,3,3,133,0,Lost,Very High
12699.0,1,373.0,638.11,15.56,,,2010-10-18 12:07:00,2010-10-18 12:07:00,0,,Germany,418,1,638.11,1,1,3,113,0,Lost,Very High
17691.0,4,315.0,637.55,14.83,0.0213,59.39,2010-06-11 11:50:00,2010-12-16 17:20:00,188,62.67,United Kingdom,358,4,637.55,2,4,3,243,0,Lost,Very High
14664.0,2,465.0,636.24,6.49,0.1429,12.98,2011-11-06 14:56:00,2011-11-20 10:59:00,14,14.0,United Kingdom,20,2,636.24,4,2,3,423,1,Regular,Low
15829.0,2,996.0,636.14,12.47,0.0488,24.95,2011-07-22 10:23:00,2011-09-01 16:45:00,41,41.0,United Kingdom,99,2,636.14,3,2,3,323,1,Regular,High
16534.0,1,168.0,635.9,17.66,,,2010-03-07 15:47:00,2010-03-07 15:47:00,0,,United Kingdom,642,1,635.9,1,1,3,113,0,Lost,Very High
17334.0,3,566.0,635.15,20.49,0.0288,61.37,2010-10-29 12:16:00,2011-02-10 14:59:00,104,52.0,United Kingdom,302,3,635.15,2,3,3,233,0,Lost,Very High
14365.0,2,557.0,634.68,12.44,0.007,24.99,2010-01-27 09:44:00,2010-11-10 09:52:00,287,287.0,United Kingdom,395,2,634.68,2,2,3,223,0,Lost,Very High
14219.0,3,363.0,633.83,14.74,0.0061,43.97,2010-08-03 14:42:00,2011-12-05 16:23:00,489,244.5,United Kingdom,4,3,633.83,5,3,3,533,1,Regular,Low
15666.0,2,469.0,632.94,9.45,0.087,18.91,2010-08-01 15:41:00,2010-08-24 16:14:00,23,23.0,United Kingdom,472,2,632.94,1,2,3,123,0,Lost,Very High
13540.0,3,189.0,632.39,19.76,0.016,59.44,2010-02-22 09:22:00,2010-08-29 14:20:00,188,94.0,United Kingdom,467,3,632.39,1,3,3,133,0,Lost,Very High
18183.0,2,371.0,632.07,17.08,0.0426,34.2,2011-03-10 10:08:00,2011-04-26 15:26:00,47,47.0,United Kingdom,227,2,632.07,2,2,3,223,1,Regular,Very High
13822.0,2,611.0,632.0,6.58,0.0571,13.15,2011-10-30 15:55:00,2011-12-04 12:13:00,35,35.0,United Kingdom,6,2,632.0,5,2,3,523,1,Regular,Low
17985.0,1,171.0,631.35,30.06,,,2011-11-17 14:24:00,2011-11-17 14:24:00,0,,United Kingdom,22,1,631.35,4,1,3,413,1,Regular,Low
13706.0,2,301.0,631.17,16.61,0.0062,33.37,2010-03-23 09:18:00,2011-02-10 09:21:00,324,324.0,United Kingdom,303,2,631.17,2,2,3,223,0,Lost,Very High
16193.0,2,379.0,630.43,16.59,0.0115,33.2,2010-10-25 10:25:00,2011-04-17 11:45:00,174,174.0,United Kingdom,237,2,630.43,2,2,3,223,1,Regular,Very High
16399.0,3,452.0,630.22,5.73,0.0081,17.17,2010-11-15 15:03:00,2011-11-20 16:12:00,370,185.0,United Kingdom,19,3,630.22,5,3,3,533,1,Regular,Low
13525.0,2,394.0,628.78,104.8,0.0085,208.45,2011-04-05 15:36:00,2011-11-25 12:01:00,234,234.0,United Kingdom,15,2,628.78,5,2,3,523,1,Regular,Low
14283.0,4,550.0,628.44,15.33,0.0377,61.26,2010-05-19 12:22:00,2010-09-02 14:46:00,106,35.33,United Kingdom,463,4,628.44,1,4,3,143,0,Lost,Very High
16158.0,9,182.0,628.32,17.95,0.0425,161.73,2009-12-05 15:00:00,2010-07-05 13:55:00,212,26.5,United Kingdom,522,9,628.32,1,5,3,153,0,Lost,Very High
13480.0,2,362.0,627.82,15.31,0.0076,30.6,2010-01-29 12:35:00,2010-10-19 11:53:00,263,263.0,United Kingdom,417,2,627.82,1,2,3,123,0,Lost,Very High
13518.0,1,382.0,627.16,17.42,,,2011-09-15 10:29:00,2011-09-15 10:29:00,0,,United Kingdom,86,1,627.16,3,1,3,313,1,Regular,Medium
14036.0,1,268.0,626.65,16.49,,,2011-02-28 09:26:00,2011-02-28 09:26:00,0,,United Kingdom,285,1,626.65,2,1,3,213,0,Lost,Very High
13914.0,2,380.0,626.45,18.98,0.08,37.96,2011-11-03 16:28:00,2011-11-28 10:35:00,25,25.0,United Kingdom,12,2,626.45,5,2,3,523,1,Regular,Low
14381.0,2,449.0,625.94,5.59,0.005,11.15,2010-09-14 16:15:00,2011-10-18 17:10:00,399,399.0,United Kingdom,52,2,625.94,4,2,3,423,1,Regular,Medium
14793.0,2,361.0,625.9,16.05,0.0039,32.17,2010-06-22 16:54:00,2011-11-18 14:50:00,514,514.0,United Kingdom,21,2,625.9,4,2,3,423,1,Regular,Low
16715.0,2,1174.0,625.52,22.34,0.0041,44.33,2010-05-26 12:35:00,2011-09-22 18:15:00,484,484.0,United Kingdom,78,2,625.52,3,2,3,323,1,Regular,Medium
16330.0,7,326.0,625.38,5.35,0.0109,37.61,2010-02-15 12:36:00,2011-11-22 12:24:00,645,107.5,United Kingdom,18,7,625.38,5,4,3,543,1,Regular,Low
17134.0,3,144.0,625.3,17.37,0.0089,51.94,2010-09-23 18:32:00,2011-08-25 09:53:00,336,168.0,United Kingdom,107,3,625.3,3,3,3,333,1,Regular,High
13776.0,2,2.0,623.98,311.99,,,2010-10-07 16:07:00,2010-10-07 16:11:00,0,0.0,United Kingdom,428,2,623.98,1,2,3,123,0,Lost,Very High
16750.0,5,214.0,623.93,6.57,0.0266,32.86,2011-04-21 16:53:00,2011-10-26 12:48:00,188,47.0,United Kingdom,45,5,623.93,4,4,3,443,1,Regular,Medium
15147.0,1,366.0,623.5,22.27,,,2011-04-13 15:57:00,2011-04-13 15:57:00,0,,United Kingdom,240,1,623.5,2,1,3,213,1,Regular,Very High
16792.0,5,324.0,623.46,6.11,0.0118,30.43,2010-01-04 13:47:00,2011-03-02 14:41:00,422,105.5,United Kingdom,282,5,623.46,2,4,3,243,0,Lost,Very High
16431.0,3,442.0,623.28,8.2,0.0357,24.59,2011-02-15 14:02:00,2011-05-10 14:09:00,84,42.0,United Kingdom,213,3,623.28,2,3,3,233,1,Regular,Very High
15258.0,2,142.0,623.16,18.33,0.0408,36.65,2011-05-06 14:16:00,2011-06-24 12:30:00,49,49.0,United Kingdom,169,2,623.16,3,2,3,323,1,Regular,High
16781.0,2,192.0,623.0,15.97,0.0067,31.78,2010-02-08 13:56:00,2010-12-02 14:26:00,297,297.0,United Kingdom,372,2,623.0,2,2,3,223,0,Lost,Very High
12575.0,2,315.0,622.82,16.39,0.029,32.8,2010-07-01 09:15:00,2010-09-08 13:09:00,69,69.0,France,457,2,622.82,1,2,3,123,0,Lost,Very High
14115.0,2,509.0,622.67,28.3,0.0121,56.5,2010-02-11 11:44:00,2010-07-26 12:36:00,165,165.0,United Kingdom,502,2,622.67,1,2,3,123,0,Lost,Very High
17430.0,4,455.0,622.57,16.83,0.0089,66.95,2010-08-17 11:52:00,2011-11-07 09:24:00,447,149.0,United Kingdom,33,4,622.57,4,4,3,443,1,Regular,Medium
17005.0,2,691.0,622.36,34.58,0.0169,68.96,2010-04-30 10:55:00,2010-08-26 10:57:00,118,118.0,United Kingdom,471,2,622.36,1,2,3,123,0,Lost,Very High
18101.0,5,247.0,622.01,5.71,0.0075,28.39,2010-02-03 13:52:00,2011-11-28 13:37:00,663,165.75,United Kingdom,11,5,622.01,5,4,3,543,1,Regular,Low
14169.0,2,205.0,621.51,9.71,0.1429,19.43,2010-09-21 13:39:00,2010-10-05 08:45:00,14,14.0,United Kingdom,431,2,621.51,1,2,3,123,0,Lost,Very High
16368.0,3,307.0,621.44,6.9,0.0069,20.62,2010-09-30 11:30:00,2011-12-07 13:12:00,433,216.5,United Kingdom,2,3,621.44,5,3,3,533,1,Regular,Low
15016.0,5,243.0,620.89,5.91,0.0135,29.6,2010-06-14 13:06:00,2011-06-20 12:06:00,371,92.75,United Kingdom,173,5,620.89,3,4,3,343,1,Regular,High
13836.0,2,273.0,620.37,20.01,0.1333,40.01,2010-10-21 13:27:00,2010-11-05 13:31:00,15,15.0,United Kingdom,399,2,620.37,2,2,3,223,0,Lost,Very High
14339.0,2,456.0,620.27,26.97,0.0108,54.18,2010-10-07 08:50:00,2011-04-11 11:06:00,186,186.0,United Kingdom,243,2,620.27,2,2,3,223,1,Regular,Very High
12667.0,1,395.0,620.13,18.79,,,2011-10-12 17:00:00,2011-10-12 17:00:00,0,,Finland,58,1,620.13,4,1,3,413,1,Regular,Medium
15276.0,4,317.0,619.8,3.48,0.0109,13.96,2010-10-01 12:24:00,2011-10-04 16:39:00,368,122.67,United Kingdom,66,4,619.8,3,4,3,343,1,Regular,Medium
13444.0,2,331.0,619.08,10.86,0.0152,21.79,2010-07-21 14:34:00,2010-11-30 13:02:00,132,132.0,United Kingdom,374,2,619.08,2,2,3,223,0,Lost,Very High
13020.0,2,278.0,618.96,15.87,0.0206,31.71,2010-02-18 10:35:00,2010-05-26 11:12:00,97,97.0,United Kingdom,563,2,618.96,1,2,3,123,0,Lost,Very High
14079.0,2,302.0,618.73,47.59,0.0036,95.6,2010-01-26 17:19:00,2011-08-07 12:10:00,558,558.0,United Kingdom,125,2,618.73,3,2,3,323,1,Regular,High
13493.0,2,380.0,618.63,77.33,0.1667,154.69,2011-02-25 16:42:00,2011-03-09 15:35:00,12,12.0,Switzerland,275,2,618.63,2,2,3,223,0,Lost,Very High
16613.0,1,293.0,618.59,20.62,,,2011-09-30 15:52:00,2011-09-30 15:52:00,0,,United Kingdom,70,1,618.59,3,1,3,313,1,Regular,Medium
12596.0,2,474.0,618.27,22.9,0.0105,45.93,2011-04-11 13:22:00,2011-10-19 13:02:00,191,191.0,Spain,51,2,618.27,4,2,3,423,1,Regular,Medium
13301.0,4,345.0,618.09,7.63,0.0212,30.57,2011-02-20 13:13:00,2011-08-28 11:25:00,189,63.0,United Kingdom,104,4,618.09,3,4,3,343,1,Regular,High
14455.0,4,706.0,617.72,8.02,0.0635,32.08,2010-08-01 13:26:00,2010-10-03 15:48:00,63,21.0,United Kingdom,432,4,617.72,1,4,3,143,0,Lost,Very High
15956.0,2,278.0,617.6,34.31,0.0114,68.45,2009-12-13 11:16:00,2010-06-06 13:06:00,175,175.0,United Kingdom,551,2,617.6,1,2,3,123,0,Lost,Very High
14377.0,2,219.0,617.05,56.1,0.0282,112.32,2011-03-22 13:38:00,2011-06-01 13:32:00,71,71.0,United Kingdom,191,2,617.05,2,2,3,223,1,Regular,Very High
16311.0,2,394.0,616.26,16.66,0.0625,33.32,2011-10-21 13:13:00,2011-11-22 08:54:00,32,32.0,United Kingdom,18,2,616.26,5,2,3,523,1,Regular,Low
17639.0,6,576.0,615.17,7.79,0.029,46.76,2010-08-13 11:59:00,2011-03-08 15:22:00,207,41.4,United Kingdom,276,6,615.17,2,4,3,243,0,Lost,Very High
15275.0,1,498.0,615.14,15.0,,,2011-11-02 11:20:00,2011-11-02 11:20:00,0,,United Kingdom,38,1,615.14,4,1,3,413,1,Regular,Medium
14077.0,6,376.0,615.08,10.98,0.0169,65.87,2010-11-09 16:01:00,2011-10-30 12:35:00,355,71.0,United Kingdom,41,6,615.08,4,4,3,443,1,Regular,Medium
16847.0,2,255.0,614.89,16.62,0.0035,33.45,2010-03-31 13:32:00,2011-10-27 13:29:00,575,575.0,United Kingdom,43,2,614.89,4,2,3,423,1,Regular,Medium
16566.0,5,362.0,614.66,34.15,0.0181,171.22,2011-02-20 10:29:00,2011-11-24 16:34:00,277,69.25,United Kingdom,15,5,614.66,5,4,3,543,1,Regular,Low
16844.0,2,281.0,614.34,19.2,0.1,38.4,2010-05-06 09:16:00,2010-05-26 10:29:00,20,20.0,United Kingdom,563,2,614.34,1,2,3,123,0,Lost,Very High
16343.0,3,345.0,614.12,7.87,0.0077,23.69,2010-10-28 14:15:00,2011-11-23 17:45:00,391,195.5,United Kingdom,16,3,614.12,5,3,3,533,1,Regular,Low
14570.0,3,431.0,613.75,9.03,0.0184,27.08,2010-09-22 13:07:00,2011-03-04 10:58:00,163,81.5,United Kingdom,281,3,613.75,2,3,3,233,0,Lost,Very High
17035.0,4,327.0,613.59,18.59,0.0081,73.93,2009-12-03 10:37:00,2011-04-08 11:23:00,491,163.67,United Kingdom,246,4,613.59,2,4,3,243,1,Regular,Very High
15362.0,2,368.0,613.08,15.33,0.0069,30.68,2009-12-01 09:08:00,2010-09-17 10:37:00,290,290.0,United Kingdom,449,2,613.08,1,2,3,123,0,Lost,Very High
12855.0,4,240.0,612.84,9.15,0.1333,36.59,2010-11-02 18:16:00,2010-12-02 09:37:00,30,10.0,United Kingdom,373,4,612.84,2,4,3,243,0,Lost,Very High
16116.0,1,248.0,612.78,18.02,,,2011-05-12 12:01:00,2011-05-12 12:01:00,0,,United Kingdom,212,1,612.78,2,1,3,213,1,Regular,Very High
16178.0,2,304.0,612.6,24.5,0.0076,48.97,2010-11-03 14:46:00,2011-07-24 16:05:00,263,263.0,United Kingdom,138,2,612.6,3,2,3,323,1,Regular,High
16589.0,4,536.0,612.36,13.92,0.0106,55.92,2010-09-15 14:56:00,2011-09-29 14:50:00,379,126.33,United Kingdom,71,4,612.36,3,4,3,343,1,Regular,Medium
12513.0,1,462.0,612.29,17.49,,,2011-08-19 10:51:00,2011-08-19 10:51:00,0,,France,113,1,612.29,3,1,3,313,1,Regular,High
13008.0,3,379.0,612.13,17.49,0.0075,52.47,2009-12-16 16:07:00,2011-01-20 14:24:00,400,200.0,United Kingdom,323,3,612.13,2,3,3,233,0,Lost,Very High
15232.0,2,686.0,612.06,19.74,0.0741,39.49,2011-07-22 12:21:00,2011-08-18 16:27:00,27,27.0,United Kingdom,113,2,612.06,3,2,3,323,1,Regular,High
16922.0,1,281.0,611.08,5.01,,,2010-05-16 11:24:00,2010-05-16 11:24:00,0,,United Kingdom,573,1,611.08,1,1,3,113,0,Lost,Very High
13731.0,2,278.0,610.59,16.07,0.0741,32.15,2011-04-07 10:10:00,2011-05-04 14:33:00,27,27.0,United Kingdom,219,2,610.59,2,2,3,223,1,Regular,Very High
13832.0,2,420.0,609.89,11.09,0.005,22.35,2010-10-13 14:41:00,2011-11-20 15:36:00,403,403.0,United Kingdom,19,2,609.89,5,2,3,523,1,Regular,Low
14636.0,2,241.0,609.85,21.78,0.0086,43.46,2011-03-16 09:52:00,2011-11-03 16:12:00,232,232.0,United Kingdom,36,2,609.85,4,2,3,423,1,Regular,Medium
15748.0,3,261.0,609.81,16.94,0.0073,50.58,2010-09-16 16:52:00,2011-10-30 12:51:00,409,204.5,United Kingdom,40,3,609.81,4,3,3,433,1,Regular,Medium
17325.0,3,465.0,609.57,15.63,0.0083,46.83,2010-03-08 11:31:00,2011-03-04 13:09:00,361,180.5,United Kingdom,280,3,609.57,2,3,3,233,0,Lost,Very High
17707.0,8,546.0,609.3,25.39,0.0146,202.77,2009-12-07 12:19:00,2011-06-07 15:03:00,547,78.14,United Kingdom,185,8,609.3,3,5,3,353,1,Regular,Very High
16675.0,2,296.0,608.86,26.47,0.0541,52.98,2010-08-18 13:11:00,2010-09-24 12:15:00,37,37.0,United Kingdom,442,2,608.86,1,2,2,122,0,Lost,Very High
13933.0,2,205.0,608.79,26.47,0.0513,52.96,2011-07-14 13:35:00,2011-08-22 14:03:00,39,39.0,United Kingdom,109,2,608.79,3,2,2,322,1,Regular,High
15717.0,5,224.0,607.0,25.29,0.014,126.75,2010-04-26 10:41:00,2011-04-19 13:21:00,358,89.5,United Kingdom,234,5,607.0,2,4,2,242,1,Regular,Very High
17473.0,2,270.0,607.0,17.85,0.0417,35.73,2010-09-09 19:03:00,2010-10-27 11:45:00,48,48.0,United Kingdom,409,2,607.0,2,2,2,222,0,Lost,Very High
17119.0,2,334.0,606.91,17.34,0.0357,34.67,2011-10-11 11:03:00,2011-12-06 14:40:00,56,56.0,United Kingdom,3,2,606.91,5,2,2,522,1,Regular,Low
15158.0,2,219.0,606.02,55.09,0.0056,109.83,2010-11-03 13:46:00,2011-10-25 13:53:00,356,356.0,United Kingdom,45,2,606.02,4,2,2,422,1,Regular,Medium
16590.0,2,240.0,605.9,20.89,0.1429,41.79,2010-10-21 12:09:00,2010-11-04 09:06:00,14,14.0,United Kingdom,401,2,605.9,2,2,2,222,0,Lost,Very High
17507.0,2,359.0,605.58,6.88,0.0417,13.77,2011-02-03 18:08:00,2011-03-23 11:48:00,48,48.0,United Kingdom,262,2,605.58,2,2,2,222,0,Lost,Very High
14323.0,2,350.0,605.06,16.81,0.0161,33.56,2011-04-15 11:44:00,2011-08-17 11:37:00,124,124.0,United Kingdom,115,2,605.06,3,2,2,322,1,Regular,High
16321.0,7,259.0,604.55,26.28,0.0105,183.78,2009-12-01 10:36:00,2011-09-28 14:55:00,666,111.0,Australia,72,7,604.55,3,4,2,342,1,Regular,Medium
12944.0,2,289.0,604.51,20.15,0.0063,40.5,2010-12-20 10:41:00,2011-11-04 11:04:00,319,319.0,United Kingdom,36,2,604.51,4,2,2,422,1,Regular,Medium
14611.0,2,582.0,604.33,15.9,0.0129,31.79,2010-04-20 10:19:00,2010-09-22 09:19:00,155,155.0,United Kingdom,444,2,604.33,1,2,2,122,0,Lost,Very High
13106.0,2,231.0,603.46,37.72,0.0071,74.99,2010-10-22 13:10:00,2011-07-29 15:12:00,280,280.0,United Kingdom,133,2,603.46,3,2,2,322,1,Regular,High
12707.0,1,256.0,603.42,18.29,,,2011-02-21 08:38:00,2011-02-21 08:38:00,0,,France,292,1,603.42,2,1,2,212,0,Lost,Very High
18264.0,1,241.0,603.25,16.76,,,2010-07-29 10:02:00,2010-07-29 10:02:00,0,,United Kingdom,499,1,603.25,1,1,2,112,0,Lost,Very High
16022.0,1,255.0,602.63,8.49,,,2011-03-24 13:16:00,2011-03-24 13:16:00,0,,United Kingdom,260,1,602.63,2,1,2,212,0,Lost,Very High
16080.0,4,298.0,602.56,20.09,0.0108,80.06,2010-09-15 14:19:00,2011-09-19 10:42:00,369,123.0,United Kingdom,82,4,602.56,3,4,2,342,1,Regular,Medium
12654.0,5,264.0,601.98,15.84,0.0175,79.0,2011-02-17 13:16:00,2011-11-29 10:10:00,285,71.25,Germany,11,5,601.98,5,4,2,542,1,Regular,Low
17270.0,2,420.0,601.45,12.53,0.0076,25.04,2009-12-07 17:18:00,2010-08-27 14:09:00,263,263.0,United Kingdom,469,2,601.45,1,2,2,122,0,Lost,Very High
14254.0,1,263.0,601.03,26.13,,,2010-10-03 11:52:00,2010-10-03 11:52:00,0,,United Kingdom,433,1,601.03,1,1,2,112,0,Lost,Very High
12420.0,1,345.0,600.39,20.7,,,2011-10-07 08:55:00,2011-10-07 08:55:00,0,,Cyprus,64,1,600.39,3,1,2,312,1,Regular,Medium
17745.0,2,164.0,600.34,21.44,0.0256,42.81,2010-06-02 09:03:00,2010-08-19 12:30:00,78,78.0,United Kingdom,478,2,600.34,1,2,2,122,0,Lost,Very High
18211.0,5,359.0,600.07,14.29,0.0198,71.58,2011-03-06 12:09:00,2011-11-14 08:10:00,253,63.25,United Kingdom,26,5,600.07,4,4,2,442,1,Regular,Low
17678.0,2,368.0,599.76,21.42,0.0059,42.97,2010-04-15 13:54:00,2011-03-21 11:52:00,340,340.0,United Kingdom,264,2,599.76,2,2,2,222,0,Lost,Very High
12521.0,1,309.0,599.68,15.78,,,2011-07-20 10:51:00,2011-07-20 10:51:00,0,,Germany,143,1,599.68,3,1,2,312,1,Regular,High
12556.0,2,355.0,599.56,5.04,0.0198,10.08,2011-07-11 13:35:00,2011-10-20 13:06:00,101,101.0,Spain,50,2,599.56,4,2,2,422,1,Regular,Medium
13311.0,2,305.0,598.57,23.02,0.0137,46.04,2011-07-12 14:26:00,2011-12-05 12:55:00,146,146.0,United Kingdom,4,2,598.57,5,2,2,522,1,Regular,Low
15424.0,3,873.0,597.78,18.11,0.0144,54.5,2010-09-02 17:17:00,2011-03-30 13:02:00,209,104.5,United Kingdom,254,3,597.78,2,3,2,232,1,Regular,Very High
14569.0,4,257.0,597.33,17.57,0.0066,69.81,2010-04-15 11:49:00,2011-12-08 14:58:00,602,200.67,United Kingdom,1,4,597.33,5,4,2,542,1,Regular,Low
15631.0,1,525.0,596.67,15.3,,,2010-03-07 14:52:00,2010-03-07 14:52:00,0,,United Kingdom,642,1,596.67,1,1,2,112,0,Lost,Very High
16780.0,3,352.0,596.4,6.21,0.0098,18.68,2010-10-28 19:41:00,2011-08-31 16:09:00,307,153.5,United Kingdom,100,3,596.4,3,3,2,332,1,Regular,High
15346.0,3,260.0,596.12,16.11,0.0303,48.33,2010-10-04 15:11:00,2011-01-11 11:18:00,99,49.5,United Kingdom,333,3,596.12,2,3,2,232,0,Lost,Very High
14965.0,2,363.0,596.09,7.36,,,2011-09-04 13:15:00,2011-09-04 13:20:00,0,0.0,United Kingdom,96,2,596.09,3,2,2,322,1,Regular,High
17845.0,4,195.0,596.09,12.68,0.1905,50.73,2010-05-12 13:04:00,2010-06-02 15:20:00,21,7.0,United Kingdom,555,4,596.09,1,4,2,142,0,Lost,Very High
17209.0,3,723.0,595.7,15.68,0.0345,47.06,2009-12-03 11:10:00,2010-02-28 16:01:00,87,43.5,United Kingdom,649,3,595.7,1,3,2,132,0,Lost,Very High
17658.0,2,616.0,595.42,31.34,0.0108,62.96,2011-05-12 15:23:00,2011-11-14 12:07:00,186,186.0,United Kingdom,26,2,595.42,4,2,2,422,1,Regular,Low
13684.0,4,234.0,594.88,5.51,0.0119,22.03,2010-03-28 14:48:00,2011-02-27 10:13:00,336,112.0,United Kingdom,286,4,594.88,2,4,2,242,0,Lost,Very High
14771.0,2,622.0,594.62,12.65,0.0174,25.31,2009-12-03 09:44:00,2010-03-28 12:52:00,115,115.0,United Kingdom,621,2,594.62,1,2,2,122,0,Lost,Very High
13558.0,4,338.0,594.52,3.52,0.0635,14.08,2011-10-02 13:01:00,2011-12-04 11:24:00,63,21.0,United Kingdom,6,4,594.52,5,4,2,542,1,Regular,Low
15929.0,1,120.0,594.0,594.0,,,2010-03-05 14:56:00,2010-03-05 14:56:00,0,,United Kingdom,644,1,594.0,1,1,2,112,0,Lost,Very High
15442.0,1,120.0,594.0,297.0,,,2011-04-05 12:24:00,2011-04-05 12:24:00,0,,United Kingdom,249,1,594.0,2,1,2,212,1,Regular,Very High
14746.0,4,398.0,593.5,65.94,0.2353,263.77,2010-10-12 11:06:00,2010-10-29 14:44:00,17,5.67,United Kingdom,406,4,593.5,2,4,2,242,0,Lost,Very High
16412.0,5,288.0,593.19,4.86,0.0081,24.41,2010-02-04 13:46:00,2011-10-17 12:35:00,620,155.0,United Kingdom,54,5,593.19,4,4,2,442,1,Regular,Medium
18232.0,4,302.0,592.97,16.03,0.0345,64.15,2011-05-26 16:30:00,2011-09-19 11:49:00,116,38.67,United Kingdom,82,4,592.97,3,4,2,342,1,Regular,Medium
16776.0,2,435.0,592.51,4.7,0.0056,9.34,2010-10-20 12:13:00,2011-10-10 13:04:00,355,355.0,United Kingdom,60,2,592.51,3,2,2,322,1,Regular,Medium
13472.0,2,310.0,592.24,21.15,0.0217,42.22,2010-06-02 09:48:00,2010-09-02 09:41:00,92,92.0,United Kingdom,464,2,592.24,1,2,2,122,0,Lost,Very High
17815.0,1,612.0,591.96,45.54,,,2010-11-11 14:39:00,2010-11-11 14:39:00,0,,United Kingdom,393,1,591.96,2,1,2,212,0,Lost,Very High
17156.0,1,391.0,591.87,15.18,,,2010-08-05 11:30:00,2010-08-05 11:30:00,0,,United Kingdom,492,1,591.87,1,1,2,112,0,Lost,Very High
12790.0,2,306.0,591.85,16.0,0.0092,32.09,2010-10-25 13:04:00,2011-05-31 14:14:00,218,218.0,Netherlands,192,2,591.85,2,2,2,222,1,Regular,Very High
17483.0,4,265.0,591.73,21.13,0.0115,84.81,2010-10-21 12:43:00,2011-10-05 13:10:00,349,116.33,United Kingdom,65,4,591.73,3,4,2,342,1,Regular,Medium
15524.0,2,28.0,591.4,65.71,0.0034,130.03,2010-04-12 09:19:00,2011-11-15 12:09:00,582,582.0,United Kingdom,25,2,591.4,4,2,2,422,1,Regular,Low
17098.0,3,125.0,591.07,32.84,0.0189,98.69,2010-06-17 10:30:00,2010-11-23 12:13:00,159,79.5,United Kingdom,382,3,591.07,2,3,2,232,0,Lost,Very High
17968.0,4,352.0,590.44,4.61,0.0288,18.45,2010-07-15 15:01:00,2010-12-01 12:23:00,139,46.33,United Kingdom,374,4,590.44,2,4,2,242,0,Lost,Very High
13270.0,1,200.0,590.0,590.0,,,2010-12-08 14:53:00,2010-12-08 14:53:00,0,,United Kingdom,366,1,590.0,2,1,2,212,0,Lost,Very High
15160.0,4,307.0,589.27,25.62,0.0625,102.48,2010-10-14 15:26:00,2010-12-17 14:15:00,64,21.33,United Kingdom,357,4,589.27,2,4,2,242,0,Lost,Very High
15624.0,4,357.0,588.13,17.3,0.0286,69.27,2011-03-28 13:32:00,2011-08-15 11:38:00,140,46.67,United Kingdom,117,4,588.13,3,4,2,342,1,Regular,High
15191.0,3,287.0,588.05,16.8,0.0133,50.27,2010-01-20 12:35:00,2010-09-02 15:37:00,225,112.5,United Kingdom,463,3,588.05,1,3,2,132,0,Lost,Very High
17890.0,2,402.0,586.89,6.45,0.0513,12.9,2010-12-13 15:12:00,2011-01-21 11:19:00,39,39.0,United Kingdom,323,2,586.89,2,2,2,222,0,Lost,Very High
14729.0,3,372.0,586.24,4.44,0.0119,13.31,2010-03-24 13:30:00,2010-12-01 12:43:00,252,126.0,United Kingdom,374,3,586.24,2,3,2,232,0,Lost,Very High
14173.0,6,194.0,586.0,17.76,0.0083,106.13,2009-12-09 12:46:00,2011-11-29 11:54:00,720,144.0,United Kingdom,11,6,586.0,5,4,2,542,1,Regular,Low
17392.0,3,450.0,585.92,8.37,0.0208,25.07,2010-09-15 16:17:00,2011-02-06 12:48:00,144,72.0,United Kingdom,307,3,585.92,2,3,2,232,0,Lost,Very High
12384.0,2,126.0,585.27,21.68,0.0215,43.35,2011-08-10 11:23:00,2011-11-11 08:39:00,93,93.0,Switzerland,29,2,585.27,4,2,2,422,1,Regular,Low
12800.0,3,284.0,584.25,17.18,0.0146,51.67,2010-02-01 11:02:00,2010-08-26 14:11:00,206,103.0,Portugal,470,3,584.25,1,3,2,132,0,Lost,Very High
14023.0,2,345.0,584.07,18.84,0.0082,37.54,2011-04-03 15:50:00,2011-12-02 13:58:00,243,243.0,United Kingdom,7,2,584.07,5,2,2,522,1,Regular,Low
15762.0,2,251.0,583.75,15.78,0.1667,31.57,2011-09-23 15:17:00,2011-10-05 16:15:00,12,12.0,United Kingdom,65,2,583.75,3,2,2,322,1,Regular,Medium
17014.0,3,243.0,583.43,8.1,0.0517,24.29,2011-10-04 11:36:00,2011-12-01 14:09:00,58,29.0,United Kingdom,8,3,583.43,5,3,2,532,1,Regular,Low
16001.0,1,337.0,583.39,20.12,,,2010-11-23 17:10:00,2010-11-23 17:10:00,0,,United Kingdom,381,1,583.39,2,1,2,212,0,Lost,Very High
14670.0,3,423.0,583.33,3.26,0.0066,9.73,2009-12-07 13:59:00,2011-03-04 14:13:00,452,226.0,United Kingdom,280,3,583.33,2,3,2,232,0,Lost,Very High
16445.0,4,287.0,583.16,3.24,0.0106,12.98,2010-10-24 12:39:00,2011-11-06 12:32:00,378,126.0,United Kingdom,34,4,583.16,4,4,2,442,1,Regular,Medium
15918.0,3,240.0,582.88,9.56,0.0068,28.67,2010-03-18 11:40:00,2011-06-02 11:42:00,441,220.5,United Kingdom,191,3,582.88,2,3,2,232,1,Regular,Very High
16100.0,1,438.0,582.64,15.75,,,2010-09-03 11:39:00,2010-09-03 11:39:00,0,,United Kingdom,463,1,582.64,1,1,2,112,0,Lost,Very High
16802.0,2,369.0,582.61,10.99,0.0392,21.97,2009-12-09 13:00:00,2010-01-29 13:44:00,51,51.0,United Kingdom,679,2,582.61,1,2,2,122,0,Lost,Very High
17099.0,1,317.0,582.17,14.55,,,2010-06-24 16:25:00,2010-06-24 16:25:00,0,,United Kingdom,533,1,582.17,1,1,2,112,0,Lost,Very High
14742.0,1,374.0,579.85,17.05,,,2010-09-30 14:07:00,2010-09-30 14:07:00,0,,United Kingdom,435,1,579.85,1,1,2,112,0,Lost,Very High
15588.0,1,96.0,579.6,144.9,,,2010-01-31 12:19:00,2010-01-31 12:19:00,0,,United Kingdom,678,1,579.6,1,1,2,112,0,Lost,Very High
14529.0,3,325.0,578.61,2.72,0.06,8.16,2011-08-21 14:10:00,2011-10-10 15:27:00,50,25.0,United Kingdom,60,3,578.61,3,3,2,332,1,Regular,Medium
18262.0,3,552.0,577.54,13.75,0.0065,41.29,2010-04-16 09:05:00,2011-07-22 16:04:00,462,231.0,United Kingdom,140,3,577.54,3,3,2,332,1,Regular,High
15830.0,1,415.0,576.0,14.77,,,2011-11-02 10:40:00,2011-11-02 10:40:00,0,,United Kingdom,38,1,576.0,4,1,2,412,1,Regular,Medium
17557.0,4,310.0,575.46,16.44,0.0056,66.1,2009-12-07 10:15:00,2011-11-25 12:57:00,718,239.33,United Kingdom,14,4,575.46,5,4,2,542,1,Regular,Low
17773.0,2,254.0,575.37,10.46,0.0114,20.99,2010-01-18 14:32:00,2010-07-13 14:07:00,176,176.0,United Kingdom,514,2,575.37,1,2,2,122,0,Lost,Very High
12859.0,1,292.0,575.1,27.39,,,2010-09-07 12:20:00,2010-09-07 12:20:00,0,,United Kingdom,459,1,575.1,1,1,2,112,0,Lost,Very High
13262.0,3,247.0,573.45,11.47,0.0089,34.4,2010-04-18 12:14:00,2011-03-21 15:06:00,337,168.5,United Kingdom,263,3,573.45,2,3,2,232,0,Lost,Very High
12879.0,3,370.0,573.22,57.32,0.0638,171.88,2011-09-09 12:11:00,2011-10-26 12:24:00,47,23.5,United Kingdom,45,3,573.22,4,3,2,432,1,Regular,Medium
17274.0,2,271.0,573.22,7.44,0.0056,15.0,2010-11-09 12:06:00,2011-11-04 13:16:00,360,360.0,United Kingdom,35,2,573.22,4,2,2,422,1,Regular,Medium
13424.0,1,529.0,572.77,14.32,,,2010-09-16 10:49:00,2010-09-16 10:49:00,0,,United Kingdom,450,1,572.77,1,1,2,112,0,Lost,Very High
13379.0,3,601.0,572.56,5.9,0.0273,17.72,2011-07-26 12:26:00,2011-11-13 13:45:00,110,55.0,United Kingdom,26,3,572.56,4,3,2,432,1,Regular,Low
13179.0,1,368.0,572.31,16.83,,,2010-03-31 11:40:00,2010-03-31 11:40:00,0,,United Kingdom,619,1,572.31,1,1,2,112,0,Lost,Very High
14053.0,4,490.0,572.3,63.59,0.011,253.22,2010-08-10 11:02:00,2011-08-07 14:27:00,362,120.67,United Kingdom,124,4,572.3,3,4,2,342,1,Regular,High
12816.0,2,128.0,572.2,19.73,0.0247,39.47,2011-06-16 13:24:00,2011-09-05 12:41:00,81,81.0,Poland,96,2,572.2,3,2,2,322,1,Regular,High
13816.0,2,269.0,571.67,20.42,0.0488,40.86,2011-10-06 14:37:00,2011-11-16 08:38:00,41,41.0,Germany,24,2,571.67,4,2,2,422,1,Regular,Low
15198.0,5,327.0,571.35,18.43,0.0084,92.42,2010-01-19 10:01:00,2011-09-08 14:42:00,597,149.25,United Kingdom,92,5,571.35,3,4,2,342,1,Regular,High
15691.0,4,212.0,571.3,40.81,0.0083,162.93,2009-12-06 16:01:00,2011-04-01 15:13:00,481,160.33,United Kingdom,252,4,571.3,2,4,2,242,1,Regular,Very High
18053.0,3,409.0,571.07,17.85,0.0066,53.84,2010-06-30 12:36:00,2011-09-30 09:05:00,457,228.5,United Kingdom,71,3,571.07,3,3,2,332,1,Regular,Medium
15821.0,2,202.0,570.96,9.21,0.1176,18.41,2011-10-09 13:28:00,2011-10-26 15:48:00,17,17.0,United Kingdom,44,2,570.96,4,2,2,422,1,Regular,Medium
13190.0,3,308.0,570.66,33.57,0.016,100.98,2009-12-07 12:13:00,2010-06-13 15:47:00,188,94.0,United Kingdom,544,3,570.66,1,3,2,132,0,Lost,Very High
15315.0,2,862.0,570.5,15.42,0.0385,30.87,2011-08-15 15:17:00,2011-10-06 12:51:00,52,52.0,United Kingdom,64,2,570.5,3,2,2,322,1,Regular,Medium
17122.0,4,368.0,570.5,19.02,0.0105,75.89,2010-07-28 09:34:00,2011-08-12 14:33:00,380,126.67,United Kingdom,119,4,570.5,3,4,2,342,1,Regular,High
15857.0,2,584.0,570.48,23.77,0.0049,47.99,2010-10-05 16:43:00,2011-11-21 12:18:00,412,412.0,United Kingdom,19,2,570.48,5,2,2,522,1,Regular,Low
14170.0,3,270.0,570.18,3.93,0.15,11.79,2010-11-09 14:06:00,2010-11-29 13:10:00,20,10.0,United Kingdom,375,3,570.18,2,3,2,232,0,Lost,Very High
17433.0,2,305.0,569.96,6.13,0.0067,12.2,2010-11-19 13:37:00,2011-09-12 14:24:00,297,297.0,United Kingdom,88,2,569.96,3,2,2,322,1,Regular,Medium
15169.0,2,356.0,569.22,9.65,0.0058,19.25,2009-12-13 11:16:00,2010-11-22 13:04:00,344,344.0,United Kingdom,382,2,569.22,2,2,2,222,0,Lost,Very High
15920.0,9,238.0,569.14,5.32,0.0158,48.0,2009-12-14 13:09:00,2011-07-08 15:31:00,571,71.38,United Kingdom,154,9,569.14,3,5,2,352,1,Regular,High
13406.0,2,292.0,568.92,63.21,0.0098,126.37,2010-03-18 07:29:00,2010-10-08 14:44:00,204,204.0,United Kingdom,427,2,568.92,1,2,2,122,0,Lost,Very High
18244.0,2,856.0,568.64,29.93,0.0278,59.91,2010-07-25 10:30:00,2010-10-05 11:15:00,72,72.0,United Kingdom,431,2,568.64,1,2,2,122,0,Lost,Very High
13321.0,2,372.0,567.36,51.58,0.1429,103.19,2011-09-14 15:18:00,2011-09-28 15:24:00,14,14.0,United Kingdom,72,2,567.36,3,2,2,322,1,Regular,Medium
16667.0,2,236.0,567.18,10.91,0.0093,21.92,2011-02-28 12:57:00,2011-10-02 15:26:00,216,216.0,United Kingdom,68,2,567.18,3,2,2,322,1,Regular,Medium
14208.0,2,529.0,567.05,16.2,0.0044,32.57,2010-06-06 13:11:00,2011-09-06 12:48:00,457,457.0,United Kingdom,95,2,567.05,3,2,2,322,1,Regular,High
15627.0,2,344.0,566.9,23.62,0.0308,47.29,2010-07-05 11:56:00,2010-09-08 14:14:00,65,65.0,United Kingdom,457,2,566.9,1,2,2,122,0,Lost,Very High
13998.0,3,204.0,566.7,18.28,0.0231,54.89,2010-05-12 13:18:00,2010-09-19 10:20:00,130,65.0,United Kingdom,447,3,566.7,1,3,2,132,0,Lost,Very High
18150.0,3,332.0,566.58,15.31,0.0178,46.06,2011-05-22 10:47:00,2011-11-07 16:49:00,169,84.5,United Kingdom,32,3,566.58,4,3,2,432,1,Regular,Medium
16250.0,3,268.0,565.24,16.15,0.024,48.45,2010-11-18 10:43:00,2011-03-23 15:07:00,125,62.5,United Kingdom,261,3,565.24,2,3,2,232,0,Lost,Very High
13894.0,3,354.0,564.62,20.91,0.0105,63.01,2011-02-02 12:54:00,2011-11-16 09:44:00,287,143.5,United Kingdom,24,3,564.62,4,3,2,432,1,Regular,Low
15344.0,3,116.0,563.94,21.69,0.0405,65.0,2011-09-26 14:48:00,2011-12-09 10:45:00,74,37.0,United Kingdom,1,3,563.94,5,3,2,532,1,Regular,Low
15143.0,2,320.0,563.63,18.18,0.0097,36.5,2010-10-03 13:58:00,2011-04-28 12:03:00,207,207.0,United Kingdom,226,2,563.63,2,2,2,222,1,Regular,Very High
15597.0,2,393.0,563.37,15.23,0.0037,30.43,2010-05-13 13:10:00,2011-11-04 13:26:00,540,540.0,United Kingdom,35,2,563.37,4,2,2,422,1,Regular,Medium
17665.0,1,690.0,563.1,29.64,,,2010-08-03 13:12:00,2010-08-03 13:12:00,0,,United Kingdom,493,1,563.1,1,1,2,112,0,Lost,Very High
14986.0,2,338.0,563.1,5.75,0.0065,11.51,2010-01-24 15:54:00,2010-11-28 15:25:00,308,308.0,United Kingdom,376,2,563.1,2,2,2,222,0,Lost,Very High
17195.0,1,486.0,562.98,18.16,,,2010-02-22 13:05:00,2010-02-22 13:05:00,0,,United Kingdom,655,1,562.98,1,1,2,112,0,Lost,Very High
17970.0,1,513.0,562.79,19.41,,,2011-05-12 20:03:00,2011-05-12 20:03:00,0,,United Kingdom,211,1,562.79,2,1,2,212,1,Regular,Very High
12559.0,2,283.0,561.71,26.75,0.2222,53.49,2011-01-24 10:12:00,2011-02-02 09:49:00,9,9.0,Germany,311,2,561.71,2,2,2,222,0,Lost,Very High
17233.0,3,298.0,560.86,9.67,0.0044,29.32,2009-12-15 12:03:00,2011-11-04 14:06:00,689,344.5,United Kingdom,35,3,560.86,4,3,2,432,1,Regular,Medium
15655.0,1,324.0,560.67,16.49,,,2011-04-10 15:25:00,2011-04-10 15:25:00,0,,United Kingdom,243,1,560.67,2,1,2,212,1,Regular,Very High
17413.0,2,302.0,560.14,56.01,0.0121,111.82,2010-05-19 11:11:00,2010-10-31 12:33:00,165,165.0,United Kingdom,405,2,560.14,2,2,2,222,0,Lost,Very High
14273.0,4,264.0,559.97,19.31,0.0209,77.08,2011-04-11 13:24:00,2011-10-19 13:20:00,191,63.67,United Kingdom,51,4,559.97,4,4,2,442,1,Regular,Medium
15415.0,1,551.0,559.61,11.91,,,2011-01-30 14:13:00,2011-01-30 14:13:00,0,,United Kingdom,313,1,559.61,2,1,2,212,0,Lost,Very High
17503.0,2,486.0,558.96,14.71,0.0556,29.44,2011-11-01 11:12:00,2011-12-07 09:18:00,36,36.0,United Kingdom,3,2,558.96,5,2,2,522,1,Regular,Low
17223.0,3,155.0,558.04,8.09,0.0462,24.29,2010-11-29 17:19:00,2011-02-02 15:57:00,65,32.5,United Kingdom,310,3,558.04,2,3,2,232,0,Lost,Very High
14592.0,3,407.0,557.94,3.53,0.1034,10.59,2011-10-06 18:08:00,2011-11-04 16:35:00,29,14.5,United Kingdom,35,3,557.94,4,3,2,432,1,Regular,Medium
13260.0,1,142.0,557.62,69.7,,,2011-10-09 13:21:00,2011-10-09 13:21:00,0,,United Kingdom,61,1,557.62,3,1,2,312,1,Regular,Medium
18127.0,4,250.0,556.13,8.3,0.0104,33.15,2010-11-01 13:56:00,2011-11-20 14:05:00,384,128.0,United Kingdom,19,4,556.13,5,4,2,542,1,Regular,Low
13024.0,2,181.0,555.87,17.93,0.0179,35.95,2010-05-06 14:25:00,2010-08-26 09:42:00,112,112.0,United Kingdom,471,2,555.87,1,2,2,122,0,Lost,Very High
15102.0,2,339.0,554.67,20.54,0.125,41.08,2010-06-11 10:16:00,2010-06-27 12:16:00,16,16.0,United Kingdom,531,2,554.67,1,2,2,122,0,Lost,Very High
15634.0,2,227.0,554.65,16.31,0.0055,32.83,2010-11-21 15:30:00,2011-11-22 16:28:00,366,366.0,United Kingdom,17,2,554.65,5,2,2,522,1,Regular,Low
18056.0,2,334.0,554.6,18.49,0.0061,37.22,2010-03-31 12:29:00,2011-02-24 14:27:00,330,330.0,United Kingdom,288,2,554.6,2,2,2,222,0,Lost,Very High
16641.0,2,454.0,554.5,15.4,0.0034,31.21,2010-01-07 12:22:00,2011-08-26 12:49:00,596,596.0,United Kingdom,106,2,554.5,3,2,2,322,1,Regular,High
15650.0,2,210.0,553.88,15.39,0.0187,30.79,2010-03-21 11:46:00,2010-07-06 10:41:00,107,107.0,United Kingdom,522,2,553.88,1,2,2,122,0,Lost,Very High
17407.0,1,426.0,552.9,24.04,,,2010-10-24 11:57:00,2010-10-24 11:57:00,0,,United Kingdom,412,1,552.9,1,1,2,112,0,Lost,Very High
17016.0,1,309.0,552.4,13.47,,,2010-05-12 12:32:00,2010-05-12 12:32:00,0,,United Kingdom,577,1,552.4,1,1,2,112,0,Lost,Very High
12797.0,2,215.0,552.08,18.4,0.0339,36.8,2010-10-11 12:53:00,2010-12-09 10:55:00,59,59.0,Portugal,366,2,552.08,2,2,2,222,0,Lost,Very High
12363.0,2,408.0,552.0,24.0,0.015,47.88,2011-04-11 13:29:00,2011-08-22 10:18:00,133,133.0,Unspecified,110,2,552.0,3,2,2,322,1,Regular,High
13677.0,2,217.0,551.24,5.2,0.0172,10.38,2010-07-07 17:25:00,2010-10-31 11:32:00,116,116.0,United Kingdom,405,2,551.24,2,2,2,222,0,Lost,Very High
16414.0,5,201.0,551.21,8.75,0.0074,43.58,2010-01-14 10:21:00,2011-11-18 09:42:00,673,168.25,United Kingdom,22,5,551.21,4,4,2,442,1,Regular,Low
17674.0,2,672.0,551.04,20.41,0.0068,40.8,2010-12-06 10:20:00,2011-09-26 13:35:00,294,294.0,United Kingdom,74,2,551.04,3,2,2,322,1,Regular,Medium
17291.0,1,72.0,550.8,550.8,,,2011-02-04 13:04:00,2011-02-04 13:04:00,0,,United Kingdom,308,1,550.8,2,1,2,212,0,Lost,Very High
17265.0,2,389.0,550.01,4.51,0.0476,9.02,2011-06-12 12:00:00,2011-07-24 10:49:00,42,42.0,United Kingdom,139,2,550.01,3,2,2,322,1,Regular,High
12390.0,1,353.0,549.84,17.18,,,2011-09-21 09:33:00,2011-09-21 09:33:00,0,,Belgium,80,1,549.84,3,1,2,312,1,Regular,Medium
16111.0,1,233.0,549.33,7.53,,,2010-10-07 19:51:00,2010-10-07 19:51:00,0,,United Kingdom,428,1,549.33,1,1,2,112,0,Lost,Very High
15055.0,3,225.0,549.12,6.78,0.012,20.26,2009-12-16 15:48:00,2010-08-22 11:06:00,249,124.5,United Kingdom,475,3,549.12,1,3,2,132,0,Lost,Very High
15200.0,1,195.0,549.05,18.3,,,2010-08-02 09:38:00,2010-08-02 09:38:00,0,,United Kingdom,495,1,549.05,1,1,2,112,0,Lost,Very High
15842.0,2,296.0,548.8,21.95,0.0149,43.83,2010-06-30 09:06:00,2010-11-11 14:08:00,134,134.0,United Kingdom,393,2,548.8,2,2,2,222,0,Lost,Very High
13948.0,4,248.0,548.76,22.87,0.0107,91.77,2009-12-04 12:14:00,2010-12-14 10:18:00,375,125.0,United Kingdom,361,4,548.76,2,4,2,242,0,Lost,Very High
16936.0,2,339.0,548.29,3.94,0.0056,7.94,2010-11-19 11:54:00,2011-11-14 11:04:00,360,360.0,United Kingdom,26,2,548.29,4,2,2,422,1,Regular,Low
18039.0,4,555.0,548.22,3.47,0.015,13.85,2010-03-09 11:19:00,2010-11-30 13:07:00,266,88.67,United Kingdom,374,4,548.22,2,4,2,242,0,Lost,Very High
16536.0,1,250.0,548.12,10.15,,,2011-08-21 15:54:00,2011-08-21 15:54:00,0,,United Kingdom,110,1,548.12,3,1,2,312,1,Regular,High
15598.0,2,404.0,548.02,15.22,0.0053,30.17,2010-10-08 09:20:00,2011-10-17 16:04:00,374,374.0,United Kingdom,53,2,548.02,4,2,2,422,1,Regular,Medium
16031.0,2,421.0,547.9,5.59,0.0129,11.18,2011-04-06 14:23:00,2011-09-08 13:07:00,155,155.0,United Kingdom,92,2,547.9,3,2,2,322,1,Regular,High
15350.0,2,272.0,547.6,18.25,0.2,36.5,2010-11-21 15:14:00,2010-12-01 13:33:00,10,10.0,United Kingdom,373,2,547.6,2,2,2,222,0,Lost,Very High
16811.0,2,477.0,547.07,19.54,0.1538,39.07,2011-11-22 17:19:00,2011-12-05 11:39:00,13,13.0,United Kingdom,5,2,547.07,5,2,2,522,1,Regular,Low
17637.0,2,280.0,547.06,15.63,0.0238,31.25,2011-08-16 13:25:00,2011-11-08 12:51:00,84,84.0,United Kingdom,31,2,547.06,4,2,2,422,1,Regular,Medium
17295.0,3,293.0,547.0,8.04,0.0833,24.11,2011-10-06 12:22:00,2011-11-11 10:49:00,36,18.0,United Kingdom,29,3,547.0,4,3,2,432,1,Regular,Low
17520.0,1,365.0,546.81,18.23,,,2011-10-17 12:04:00,2011-10-17 12:04:00,0,,United Kingdom,54,1,546.81,4,1,2,412,1,Regular,Medium
15080.0,2,287.0,546.25,17.62,0.027,35.2,2010-07-26 10:03:00,2010-10-08 11:52:00,74,74.0,United Kingdom,428,2,546.25,1,2,2,122,0,Lost,Very High
17806.0,1,727.0,546.04,12.7,,,2011-11-28 14:12:00,2011-11-28 14:12:00,0,,United Kingdom,11,1,546.04,5,1,2,512,1,Regular,Low
15728.0,2,132.0,544.6,45.38,0.0308,90.85,2010-09-21 14:46:00,2010-11-25 10:39:00,65,65.0,United Kingdom,380,2,544.6,2,2,2,222,0,Lost,Very High
18207.0,1,325.0,544.47,17.56,,,2010-07-28 14:26:00,2010-07-28 14:26:00,0,,United Kingdom,499,1,544.47,1,1,2,112,0,Lost,Very High
16475.0,4,319.0,544.3,19.44,0.0216,77.68,2011-03-11 09:39:00,2011-09-12 14:37:00,185,61.67,United Kingdom,88,4,544.3,3,4,2,342,1,Regular,Medium
13390.0,1,224.0,544.08,41.85,,,2011-09-26 08:38:00,2011-09-26 08:38:00,0,,United Kingdom,75,1,544.08,3,1,2,312,1,Regular,Medium
13955.0,3,272.0,544.07,6.4,0.0136,19.24,2010-11-29 17:35:00,2011-07-08 17:19:00,221,110.5,United Kingdom,154,3,544.07,3,3,2,332,1,Regular,High
14716.0,3,643.0,543.28,5.66,0.0075,17.02,2010-09-21 12:07:00,2011-10-27 17:29:00,401,200.5,United Kingdom,43,3,543.28,4,3,2,432,1,Regular,Medium
16927.0,3,993.0,543.05,90.51,0.0122,271.64,2010-12-13 11:57:00,2011-08-16 11:10:00,246,123.0,United Kingdom,116,3,543.05,3,3,2,332,1,Regular,High
15959.0,3,269.0,542.89,7.65,,,2010-01-26 16:19:00,2010-01-26 16:38:00,0,0.0,United Kingdom,682,3,542.89,1,3,2,132,0,Lost,Very High
13785.0,4,151.0,542.49,18.08,0.125,72.32,2010-09-05 16:01:00,2010-10-07 09:25:00,32,10.67,United Kingdom,429,4,542.49,1,4,2,142,0,Lost,Very High
15675.0,4,624.0,542.04,15.49,0.0124,62.04,2010-10-31 14:14:00,2011-09-19 13:48:00,323,107.67,United Kingdom,81,4,542.04,3,4,2,342,1,Regular,Medium
16230.0,2,365.0,542.03,15.49,0.0645,30.97,2011-05-03 15:12:00,2011-06-03 10:06:00,31,31.0,United Kingdom,190,2,542.03,2,2,2,222,1,Regular,Very High
16060.0,3,243.0,541.95,22.58,0.0319,67.71,2010-08-02 15:26:00,2010-11-04 12:10:00,94,47.0,United Kingdom,401,3,541.95,2,3,2,232,0,Lost,Very High
16647.0,4,396.0,541.9,16.42,0.0107,65.89,2010-06-13 15:52:00,2011-06-23 11:47:00,375,125.0,United Kingdom,170,4,541.9,3,4,2,342,1,Regular,High
17447.0,2,443.0,541.53,15.04,0.0645,30.07,2011-09-29 10:10:00,2011-10-30 14:18:00,31,31.0,United Kingdom,40,2,541.53,4,2,2,422,1,Regular,Medium
17580.0,5,223.0,541.02,5.76,0.0294,28.79,2010-10-13 14:28:00,2011-04-01 12:41:00,170,42.5,United Kingdom,253,5,541.02,2,4,2,242,1,Regular,Very High
16576.0,2,323.0,540.87,16.39,0.0198,32.78,2010-07-06 10:42:00,2010-10-15 13:37:00,101,101.0,United Kingdom,420,2,540.87,1,2,2,122,0,Lost,Very High
12819.0,1,344.0,540.52,28.45,,,2010-09-07 15:20:00,2010-09-07 15:20:00,0,,United Kingdom,458,1,540.52,1,1,2,112,0,Lost,Very High
12743.0,2,315.0,540.13,4.12,,,2011-07-28 16:06:00,2011-07-28 16:21:00,0,0.0,Unspecified,134,2,540.13,3,2,2,322,1,Regular,High
17524.0,3,362.0,539.14,12.54,0.039,37.66,2010-09-27 16:20:00,2010-12-13 14:32:00,77,38.5,United Kingdom,361,3,539.14,2,3,2,232,0,Lost,Very High
13812.0,3,333.0,539.0,14.97,0.0476,44.89,2011-08-26 12:54:00,2011-10-28 14:27:00,63,31.5,Germany,42,3,539.0,4,3,2,432,1,Regular,Medium
15539.0,1,410.0,538.46,13.13,,,2011-12-02 13:36:00,2011-12-02 13:36:00,0,,United Kingdom,7,1,538.46,5,1,2,512,1,Regular,Low
13961.0,1,226.0,538.4,28.34,,,2010-11-12 14:40:00,2010-11-12 14:40:00,0,,United Kingdom,392,1,538.4,2,1,2,212,0,Lost,Very High
14539.0,2,428.0,537.48,16.8,0.069,33.62,2011-10-26 12:03:00,2011-11-24 09:50:00,29,29.0,United Kingdom,16,2,537.48,5,2,2,522,1,Regular,Low
16804.0,3,246.0,536.99,8.95,0.0121,26.75,2011-03-14 15:48:00,2011-11-16 16:43:00,247,123.5,United Kingdom,23,3,536.99,4,3,2,432,1,Regular,Low
18140.0,1,395.0,536.41,9.93,,,2010-08-23 11:58:00,2010-08-23 11:58:00,0,,West Indies,474,1,536.41,1,1,2,112,0,Lost,Very High
13207.0,4,178.0,535.86,41.22,0.0067,164.88,2010-04-06 16:37:00,2011-11-24 14:52:00,597,199.0,United Kingdom,15,4,535.86,5,4,2,542,1,Regular,Low
15890.0,5,119.0,535.65,53.57,0.0238,267.74,2010-04-14 08:43:00,2010-11-10 12:46:00,210,52.5,United Kingdom,395,5,535.65,2,4,2,242,0,Lost,Very High
16142.0,1,422.0,535.34,14.47,,,2011-04-04 10:16:00,2011-04-04 10:16:00,0,,United Kingdom,250,1,535.34,2,1,2,212,1,Regular,Very High
12810.0,2,389.0,534.99,16.72,0.0141,33.48,2010-02-01 09:52:00,2010-06-23 10:53:00,142,142.0,Japan,535,2,534.99,1,2,2,122,0,Lost,Very High
13385.0,1,281.0,534.57,15.27,,,2011-01-14 09:52:00,2011-01-14 09:52:00,0,,United Kingdom,330,1,534.57,2,1,2,212,0,Lost,Very High
17443.0,1,504.0,534.24,534.24,,,2011-05-04 10:47:00,2011-05-04 10:47:00,0,,Canada,220,1,534.24,2,1,2,212,1,Regular,Very High
17436.0,5,178.0,534.06,31.42,0.0068,156.18,2009-12-07 12:31:00,2011-12-08 12:30:00,731,182.75,United Kingdom,2,5,534.06,5,4,2,542,1,Regular,Low
16785.0,1,313.0,533.78,15.25,,,2010-10-26 10:36:00,2010-10-26 10:36:00,0,,United Kingdom,410,1,533.78,2,1,2,212,0,Lost,Very High
16707.0,4,396.0,533.41,8.21,0.0167,32.91,2010-03-09 15:16:00,2010-11-04 14:39:00,240,80.0,United Kingdom,400,4,533.41,2,4,2,242,0,Lost,Very High
13594.0,2,396.0,533.32,16.16,0.0046,32.19,2010-08-11 10:23:00,2011-10-18 10:19:00,433,433.0,United Kingdom,53,2,533.32,4,2,2,422,1,Regular,Medium
15433.0,2,534.0,533.3,13.01,0.037,25.99,2011-03-17 14:12:00,2011-05-10 10:45:00,54,54.0,United Kingdom,214,2,533.3,2,2,2,222,1,Regular,Very High
15825.0,1,220.0,532.94,26.65,,,2011-06-20 13:27:00,2011-06-20 13:27:00,0,,United Kingdom,172,1,532.94,3,1,2,312,1,Regular,High
15659.0,3,161.0,532.49,25.36,0.0049,75.8,2010-02-24 13:32:00,2011-10-27 09:23:00,610,305.0,United Kingdom,44,3,532.49,4,3,2,432,1,Regular,Medium
15115.0,2,245.0,531.85,15.2,0.0028,30.39,2009-12-07 11:20:00,2011-11-21 14:59:00,714,714.0,United Kingdom,18,2,531.85,5,2,2,522,1,Regular,Low
14940.0,2,384.0,531.49,16.61,0.0063,33.07,2009-12-06 15:46:00,2010-10-18 10:47:00,316,316.0,United Kingdom,418,2,531.49,1,2,2,122,0,Lost,Very High
16706.0,3,249.0,531.35,4.32,0.039,12.97,2011-08-17 15:53:00,2011-11-02 13:50:00,77,38.5,United Kingdom,37,3,531.35,4,3,2,432,1,Regular,Medium
16935.0,3,273.0,530.86,7.69,0.075,23.07,2010-10-14 13:09:00,2010-11-23 09:16:00,40,20.0,United Kingdom,382,3,530.86,2,3,2,232,0,Lost,Very High
15917.0,5,248.0,530.17,3.73,0.0102,18.64,2009-12-02 14:55:00,2011-04-06 10:40:00,490,122.5,United Kingdom,248,5,530.17,2,4,2,242,1,Regular,Very High
18159.0,1,139.0,530.15,23.05,,,2011-02-11 14:26:00,2011-02-11 14:26:00,0,,United Kingdom,301,1,530.15,2,1,2,212,0,Lost,Very High
14002.0,2,877.0,529.73,11.27,0.0909,22.54,2011-07-06 14:59:00,2011-07-28 15:55:00,22,22.0,United Kingdom,134,2,529.73,3,2,2,322,1,Regular,High
17458.0,2,282.0,529.58,6.16,0.0055,12.4,2010-11-23 11:43:00,2011-11-24 13:01:00,366,366.0,United Kingdom,15,2,529.58,5,2,2,522,1,Regular,Low
18191.0,2,332.0,529.4,35.29,0.0093,70.89,2010-08-19 17:42:00,2011-03-23 12:08:00,216,216.0,United Kingdom,262,2,529.4,2,2,2,222,0,Lost,Very High
18043.0,3,265.0,529.29,4.6,0.0088,13.84,2010-12-08 12:35:00,2011-11-15 12:48:00,342,171.0,United Kingdom,25,3,529.29,4,3,2,432,1,Regular,Low
17999.0,3,286.0,528.46,3.94,0.0088,11.82,2010-11-26 13:16:00,2011-11-02 15:56:00,341,170.5,United Kingdom,37,3,528.46,4,3,2,432,1,Regular,Medium
16406.0,3,257.0,528.36,3.57,0.0047,10.65,2010-02-24 11:51:00,2011-11-21 11:57:00,635,317.5,United Kingdom,19,3,528.36,5,3,2,532,1,Regular,Low
15756.0,4,241.0,528.01,2.76,0.0213,11.05,2011-04-04 14:00:00,2011-10-09 13:30:00,188,62.67,United Kingdom,61,4,528.01,3,4,2,342,1,Regular,Medium
18098.0,1,215.0,527.94,6.14,,,2010-11-08 16:31:00,2010-11-08 16:31:00,0,,United Kingdom,396,1,527.94,2,1,2,212,0,Lost,Very High
14616.0,5,170.0,527.78,105.56,0.0163,526.51,2010-06-09 09:42:00,2011-04-11 09:54:00,306,76.5,United Kingdom,243,5,527.78,2,4,2,242,1,Regular,Very High
12479.0,1,385.0,527.2,17.01,,,2011-11-28 13:26:00,2011-11-28 13:26:00,0,,Germany,11,1,527.2,5,1,2,512,1,Regular,Low
16421.0,3,123.0,526.27,13.85,0.0323,41.6,2010-08-27 12:02:00,2010-11-28 13:31:00,93,46.5,United Kingdom,376,3,526.27,2,3,2,232,0,Lost,Very High
15919.0,2,385.0,525.69,4.31,0.0057,8.57,2010-12-06 11:26:00,2011-11-20 11:28:00,349,349.0,United Kingdom,20,2,525.69,4,2,2,422,1,Regular,Low
15467.0,3,310.0,524.88,10.09,0.021,30.3,2011-07-10 14:42:00,2011-11-30 14:17:00,143,71.5,United Kingdom,9,3,524.88,5,3,2,532,1,Regular,Low
14417.0,1,543.0,524.65,4.48,,,2010-11-17 10:55:00,2010-11-17 10:55:00,0,,United Kingdom,388,1,524.65,2,1,2,212,0,Lost,Very High
15683.0,2,332.0,524.54,20.17,0.0056,40.21,2010-08-23 12:01:00,2011-08-14 12:56:00,356,356.0,United Kingdom,117,2,524.54,3,2,2,322,1,Regular,High
17765.0,4,195.0,524.0,6.47,0.0138,25.89,2010-09-17 12:45:00,2011-07-04 12:41:00,290,96.67,United Kingdom,159,4,524.0,3,4,2,342,1,Regular,High
13277.0,7,382.0,523.3,22.75,0.0134,159.74,2010-06-18 08:45:00,2011-11-24 09:21:00,524,87.33,United Kingdom,16,7,523.3,5,4,2,542,1,Regular,Low
17712.0,1,215.0,522.91,18.03,,,2011-10-26 12:28:00,2011-10-26 12:28:00,0,,United Kingdom,45,1,522.91,4,1,2,412,1,Regular,Medium
13605.0,2,425.0,522.67,9.86,0.0109,19.78,2010-05-17 15:46:00,2010-11-17 17:16:00,184,184.0,United Kingdom,387,2,522.67,2,2,2,222,0,Lost,Very High
16413.0,2,283.0,522.03,7.68,0.0063,15.43,2010-11-29 12:49:00,2011-10-14 12:08:00,319,319.0,United Kingdom,57,2,522.03,4,2,2,422,1,Regular,Medium
17514.0,2,284.0,522.0,6.29,0.0037,12.59,2010-02-08 14:00:00,2011-08-03 15:45:00,541,541.0,United Kingdom,128,2,522.0,3,2,2,322,1,Regular,High
12956.0,4,340.0,521.89,12.43,0.0096,49.88,2009-12-15 19:03:00,2011-02-06 16:08:00,418,139.33,United Kingdom,306,4,521.89,2,4,2,242,0,Lost,Very High
15689.0,3,207.0,521.03,21.71,0.006,64.87,2010-04-01 09:53:00,2011-08-12 09:37:00,498,249.0,United Kingdom,120,3,521.03,3,3,2,332,1,Regular,High
13977.0,1,303.0,519.81,39.99,,,2010-10-24 14:08:00,2010-10-24 14:08:00,0,,United Kingdom,411,1,519.81,1,1,2,112,0,Lost,Very High
12571.0,2,523.0,519.61,15.28,0.0244,30.57,2011-08-10 12:35:00,2011-10-31 10:19:00,82,82.0,France,40,2,519.61,4,2,2,422,1,Regular,Medium
12777.0,1,458.0,519.45,19.98,,,2010-09-08 11:35:00,2010-09-08 11:35:00,0,,United Kingdom,458,1,519.45,1,1,2,112,0,Lost,Very High
12825.0,2,139.0,518.63,21.61,0.0167,43.31,2010-03-08 10:17:00,2010-07-06 13:56:00,120,120.0,United Kingdom,521,2,518.63,1,2,2,122,0,Lost,Very High
13600.0,2,599.0,518.42,12.64,0.0062,25.23,2010-03-15 17:16:00,2011-01-31 15:27:00,322,322.0,United Kingdom,312,2,518.42,2,2,2,222,0,Lost,Very High
12979.0,1,520.0,517.7,9.24,,,2009-12-10 15:45:00,2009-12-10 15:45:00,0,,United Arab Emirates,729,1,517.7,1,1,2,112,0,Lost,Very High
18205.0,2,192.0,517.36,16.17,0.0526,32.32,2011-09-26 12:02:00,2011-11-03 13:22:00,38,38.0,United Kingdom,36,2,517.36,4,2,2,422,1,Regular,Medium
14311.0,2,235.0,516.45,16.66,0.0062,33.57,2010-05-21 10:28:00,2011-04-11 10:14:00,325,325.0,United Kingdom,243,2,516.45,2,2,2,222,1,Regular,Very High
13043.0,1,254.0,516.42,39.72,,,2011-03-11 14:52:00,2011-03-11 14:52:00,0,,United Kingdom,273,1,516.42,2,1,2,212,0,Lost,Very High
14429.0,1,286.0,516.28,23.47,,,2010-11-01 10:08:00,2010-11-01 10:08:00,0,,United Kingdom,404,1,516.28,2,1,2,212,0,Lost,Very High
13859.0,2,167.0,515.86,14.33,0.0099,28.8,2010-06-28 15:36:00,2011-01-17 16:14:00,203,203.0,United Kingdom,326,2,515.86,2,2,2,222,0,Lost,Very High
18243.0,1,221.0,515.78,19.84,,,2010-10-21 14:29:00,2010-10-21 14:29:00,0,,United Kingdom,414,1,515.78,1,1,2,112,0,Lost,Very High
14949.0,4,250.0,515.0,19.07,0.0159,76.41,2009-12-18 15:28:00,2010-08-27 15:38:00,252,84.0,United Kingdom,469,4,515.0,1,4,2,142,0,Lost,Very High
17510.0,2,422.0,514.56,14.7,0.0051,29.69,2010-10-15 10:20:00,2011-11-15 10:00:00,396,396.0,United Kingdom,25,2,514.56,4,2,2,422,1,Regular,Low
18212.0,2,158.0,514.37,11.18,0.0057,22.37,2010-01-31 14:42:00,2011-01-17 16:14:00,351,351.0,United Kingdom,326,2,514.37,2,2,2,222,0,Lost,Very High
12897.0,4,249.0,514.25,36.73,0.0118,146.93,2010-06-14 11:58:00,2011-05-19 12:13:00,339,113.0,United Kingdom,205,4,514.25,2,4,2,242,1,Regular,Very High
12977.0,4,128.0,513.88,8.86,0.0113,35.54,2010-07-16 16:25:00,2011-07-06 16:40:00,355,118.33,United Kingdom,156,4,513.88,3,4,2,342,1,Regular,High
16829.0,2,215.0,513.32,19.01,0.0086,37.93,2010-11-16 18:11:00,2011-07-06 10:48:00,232,232.0,United Kingdom,157,2,513.32,3,2,2,322,1,Regular,High
13177.0,2,180.0,512.2,17.07,0.0055,34.36,2010-10-05 10:35:00,2011-10-06 09:56:00,366,366.0,United Kingdom,65,2,512.2,3,2,2,322,1,Regular,Medium
15891.0,1,418.0,511.68,8.53,,,2011-04-27 12:35:00,2011-04-27 12:35:00,0,,United Kingdom,227,1,511.68,2,1,2,212,1,Regular,Very High
12361.0,4,235.0,511.25,17.63,0.0101,70.33,2010-01-26 14:37:00,2011-02-25 13:51:00,395,131.67,Belgium,287,4,511.25,2,4,2,242,0,Lost,Very High
16561.0,2,244.0,511.12,16.49,0.037,32.95,2011-10-11 09:53:00,2011-12-04 11:50:00,54,54.0,United Kingdom,6,2,511.12,5,2,2,522,1,Regular,Low
13367.0,1,253.0,510.2,25.51,,,2010-10-04 10:00:00,2010-10-04 10:00:00,0,,United Kingdom,432,1,510.2,1,1,2,112,0,Lost,Very High
13710.0,3,336.0,509.52,33.97,0.0052,102.63,2010-04-06 12:54:00,2011-11-08 08:16:00,581,290.5,United Kingdom,32,3,509.52,4,3,2,432,1,Regular,Medium
14008.0,1,326.0,509.04,15.91,,,2010-10-03 13:09:00,2010-10-03 13:09:00,0,,United Kingdom,432,1,509.04,1,1,2,112,0,Lost,Very High
12436.0,1,211.0,509.01,31.81,,,2011-09-01 12:09:00,2011-09-01 12:09:00,0,,Norway,100,1,509.01,3,1,2,312,1,Regular,High
12907.0,2,177.0,508.91,20.36,0.0202,40.72,2010-08-02 14:33:00,2010-11-09 12:08:00,99,99.0,United Kingdom,396,2,508.91,2,2,2,222,0,Lost,Very High
17391.0,2,480.0,508.8,169.6,2.0,339.2,2011-06-28 12:21:00,2011-06-29 09:58:00,1,1.0,United Kingdom,164,2,508.8,3,2,2,322,1,Regular,High
15417.0,1,284.0,508.8,18.17,,,2011-09-15 15:26:00,2011-09-15 15:26:00,0,,United Kingdom,85,1,508.8,3,1,2,312,1,Regular,Medium
14317.0,1,255.0,508.58,21.19,,,2011-10-06 10:44:00,2011-10-06 10:44:00,0,,United Kingdom,65,1,508.58,3,1,2,312,1,Regular,Medium
13067.0,3,131.0,508.51,15.89,0.0082,47.43,2010-09-19 13:43:00,2011-09-18 13:38:00,364,182.0,United Kingdom,82,3,508.51,3,3,2,332,1,Regular,Medium
14552.0,3,258.0,507.93,3.3,0.0068,9.9,2010-04-26 13:44:00,2011-07-11 12:49:00,441,220.5,United Kingdom,152,3,507.93,3,3,2,332,1,Regular,High
17415.0,1,114.0,507.84,36.27,,,2011-09-21 12:50:00,2011-09-21 12:50:00,0,,United Kingdom,80,1,507.84,3,1,2,312,1,Regular,Medium
14158.0,1,781.0,507.66,12.38,,,2011-10-30 15:08:00,2011-10-30 15:08:00,0,,United Kingdom,40,1,507.66,4,1,2,412,1,Regular,Medium
17384.0,3,121.0,507.55,25.38,0.0067,76.18,2010-08-29 16:01:00,2011-11-20 15:48:00,448,224.0,United Kingdom,19,3,507.55,5,3,2,532,1,Regular,Low
13885.0,2,182.0,506.8,18.1,0.1818,36.2,2011-05-23 08:52:00,2011-06-03 15:07:00,11,11.0,United Kingdom,189,2,506.8,2,2,2,222,1,Regular,Very High
13123.0,2,268.0,506.75,11.26,0.0351,22.53,2010-06-28 12:43:00,2010-08-24 10:18:00,57,57.0,United Kingdom,473,2,506.75,1,2,2,122,0,Lost,Very High
14647.0,2,175.0,506.04,10.54,0.0062,21.04,2010-07-04 13:27:00,2011-05-22 13:40:00,322,322.0,United Kingdom,201,2,506.04,2,2,2,222,1,Regular,Very High
12988.0,1,126.0,505.82,6.09,,,2011-02-20 14:31:00,2011-02-20 14:31:00,0,,United Kingdom,292,1,505.82,2,1,2,212,0,Lost,Very High
14807.0,2,234.0,504.14,13.27,0.0077,26.46,2010-02-28 11:33:00,2010-11-14 12:47:00,259,259.0,United Kingdom,391,2,504.14,2,2,2,222,0,Lost,Very High
17630.0,2,158.0,503.6,19.37,0.0317,38.68,2011-04-21 14:03:00,2011-06-23 11:58:00,63,63.0,United Kingdom,170,2,503.6,3,2,2,322,1,Regular,High
12376.0,2,240.0,503.15,38.7,0.0714,77.37,2010-10-18 08:42:00,2010-11-15 12:15:00,28,28.0,Switzerland,390,2,503.15,2,2,2,222,0,Lost,Very High
12419.0,2,231.0,503.01,20.12,0.0714,40.22,2010-10-22 10:40:00,2010-11-19 10:04:00,28,28.0,Spain,386,2,503.01,2,2,2,222,0,Lost,Very High
15138.0,1,300.0,502.52,16.21,,,2010-11-11 09:16:00,2010-11-11 09:16:00,0,,United Kingdom,394,1,502.52,2,1,2,212,0,Lost,Very High
17276.0,1,187.0,502.49,9.48,,,2010-11-02 16:20:00,2010-11-02 16:20:00,0,,United Kingdom,402,1,502.49,2,1,2,212,0,Lost,Very High
17266.0,5,243.0,501.72,4.22,0.0078,21.0,2010-03-09 10:42:00,2011-12-07 14:12:00,638,159.5,United Kingdom,2,5,501.72,5,4,2,542,1,Regular,Low
13865.0,4,204.0,501.56,16.72,0.0173,66.82,2011-02-23 12:04:00,2011-10-12 13:31:00,231,77.0,United Kingdom,58,4,501.56,4,4,2,442,1,Regular,Medium
15881.0,5,260.0,501.39,17.29,0.0962,86.49,2010-12-10 13:32:00,2011-01-31 16:59:00,52,13.0,United Kingdom,312,5,501.39,2,4,2,242,0,Lost,Very High
14968.0,2,257.0,501.24,5.97,0.0047,12.01,2010-09-07 13:28:00,2011-11-09 13:58:00,428,428.0,United Kingdom,30,2,501.24,4,2,2,422,1,Regular,Low
13116.0,1,291.0,501.14,16.7,,,2011-07-24 14:33:00,2011-07-24 14:33:00,0,,United Kingdom,138,1,501.14,3,1,2,312,1,Regular,High
13247.0,4,328.0,501.12,20.04,0.0615,80.11,2011-09-18 11:31:00,2011-11-22 10:59:00,65,21.67,United Kingdom,18,4,501.12,5,4,2,542,1,Regular,Low
18049.0,2,402.0,500.92,5.76,0.0131,11.54,2010-04-28 13:24:00,2010-09-28 14:26:00,153,153.0,United Kingdom,437,2,500.92,1,2,2,122,0,Lost,Very High
17248.0,2,276.0,500.54,4.81,0.0055,9.55,2010-08-15 11:55:00,2011-08-11 13:34:00,361,361.0,United Kingdom,120,2,500.54,3,2,2,322,1,Regular,High
16616.0,2,370.0,500.42,15.16,0.0141,30.35,2011-07-05 13:38:00,2011-11-24 16:31:00,142,142.0,United Kingdom,15,2,500.42,5,2,2,522,1,Regular,Low
12366.0,1,296.0,500.24,166.75,,,2010-03-16 10:28:00,2010-03-16 10:28:00,0,,Cyprus,634,1,500.24,1,1,2,112,0,Lost,Very High
17110.0,3,136.0,499.9,10.2,0.0067,30.41,2010-04-08 13:32:00,2011-06-27 12:58:00,445,222.5,United Kingdom,165,3,499.9,3,3,2,332,1,Regular,High
13553.0,1,201.0,499.6,5.61,,,2010-02-03 12:21:00,2010-02-03 12:21:00,0,,United Kingdom,675,1,499.6,1,1,2,112,0,Lost,Very High
15193.0,1,144.0,499.32,26.28,,,2011-10-10 08:23:00,2011-10-10 08:23:00,0,,United Kingdom,61,1,499.32,3,1,2,312,1,Regular,Medium
17256.0,5,299.0,498.93,16.09,0.0101,80.12,2010-04-18 13:40:00,2011-08-24 13:30:00,493,123.25,United Kingdom,107,5,498.93,3,4,2,342,1,Regular,High
16488.0,3,728.0,498.8,17.2,0.0261,51.63,2011-07-14 11:46:00,2011-11-06 13:42:00,115,57.5,United Kingdom,33,3,498.8,4,3,2,432,1,Regular,Medium
14171.0,2,211.0,498.79,7.79,0.0032,15.75,2009-12-09 13:50:00,2011-09-02 16:43:00,632,632.0,United Kingdom,98,2,498.79,3,2,2,322,1,Regular,High
17053.0,1,122.0,498.48,38.34,,,2011-08-01 10:23:00,2011-08-01 10:23:00,0,,United Kingdom,131,1,498.48,3,1,2,312,1,Regular,High
16820.0,1,307.0,497.61,19.14,,,2011-09-05 12:06:00,2011-09-05 12:06:00,0,,United Kingdom,96,1,497.61,3,1,2,312,1,Regular,High
17680.0,3,155.0,497.45,24.87,0.0061,74.03,2010-07-16 16:07:00,2011-11-16 12:42:00,488,244.0,United Kingdom,24,3,497.45,4,3,2,432,1,Regular,Low
17335.0,2,210.0,497.04,13.81,0.0066,27.43,2010-01-24 11:15:00,2010-11-21 10:17:00,301,301.0,United Kingdom,384,2,497.04,2,2,2,222,0,Lost,Very High
17923.0,3,140.0,497.0,165.67,0.0115,499.16,2010-06-13 13:58:00,2011-03-02 15:15:00,262,131.0,United Kingdom,282,3,497.0,2,3,2,232,0,Lost,Very High
12943.0,2,222.0,496.5,19.86,0.0426,39.76,2010-04-13 11:03:00,2010-05-30 13:52:00,47,47.0,United Kingdom,558,2,496.5,1,2,2,122,0,Lost,Very High
15300.0,1,292.0,496.44,17.73,,,2011-10-06 17:08:00,2011-10-06 17:08:00,0,,United Kingdom,64,1,496.44,3,1,2,312,1,Regular,Medium
15018.0,3,189.0,496.21,16.01,0.0091,47.93,2010-12-07 10:47:00,2011-11-01 12:47:00,329,164.5,United Kingdom,39,3,496.21,4,3,2,432,1,Regular,Medium
15278.0,4,458.0,496.16,17.11,0.0385,68.51,2010-02-12 14:53:00,2010-05-27 10:03:00,104,34.67,United Kingdom,562,4,496.16,1,4,2,142,0,Lost,Very High
12904.0,2,294.0,496.06,6.99,0.013,13.99,2011-06-20 13:18:00,2011-11-21 14:34:00,154,154.0,United Kingdom,18,2,496.06,5,2,2,522,1,Regular,Low
16977.0,4,142.0,496.0,17.71,0.0169,70.63,2010-03-18 11:06:00,2010-11-09 13:17:00,236,78.67,United Kingdom,395,4,496.0,2,4,2,242,0,Lost,Very High
17995.0,3,263.0,495.48,17.09,0.0283,51.27,2010-11-17 17:01:00,2011-03-03 12:30:00,106,53.0,United Kingdom,282,3,495.48,2,3,2,232,0,Lost,Very High
14319.0,1,329.0,494.85,19.03,,,2010-10-11 13:38:00,2010-10-11 13:38:00,0,,United Kingdom,424,1,494.85,1,1,2,112,0,Lost,Very High
16352.0,2,300.0,494.44,17.66,0.1,35.32,2011-11-02 08:44:00,2011-11-22 10:32:00,20,20.0,United Kingdom,18,2,494.44,5,2,2,522,1,Regular,Low
17333.0,1,375.0,494.25,17.65,,,2011-09-15 10:11:00,2011-09-15 10:11:00,0,,United Kingdom,86,1,494.25,3,1,2,312,1,Regular,Medium
12763.0,2,316.0,494.08,27.45,0.0087,55.17,2010-12-05 15:46:00,2011-07-24 14:12:00,231,231.0,Japan,138,2,494.08,3,2,2,322,1,Regular,High
15447.0,5,228.0,492.88,17.0,0.0169,84.75,2010-03-24 14:40:00,2011-01-13 11:26:00,295,73.75,United Kingdom,331,5,492.88,2,4,2,242,0,Lost,Very High
14270.0,1,197.0,492.65,16.99,,,2011-01-12 09:33:00,2011-01-12 09:33:00,0,,United Kingdom,332,1,492.65,2,1,2,212,0,Lost,Very High
18203.0,4,111.0,492.52,8.35,0.007,33.55,2009-12-08 13:19:00,2011-07-05 13:07:00,574,191.33,United Kingdom,157,4,492.52,3,4,2,342,1,Regular,High
14310.0,1,230.0,492.1,22.37,,,2010-10-03 12:34:00,2010-10-03 12:34:00,0,,United Kingdom,433,1,492.1,1,1,2,112,0,Lost,Very High
13732.0,1,498.0,491.86,14.9,,,2011-11-11 15:49:00,2011-11-11 15:49:00,0,,United Kingdom,28,1,491.86,4,1,2,412,1,Regular,Low
17269.0,1,314.0,491.81,3.93,,,2010-11-19 11:12:00,2010-11-19 11:12:00,0,,United Kingdom,386,1,491.81,2,1,2,212,0,Lost,Very High
14663.0,2,397.0,490.6,7.21,,,2010-10-05 13:12:00,2010-10-05 13:21:00,0,0.0,United Kingdom,430,2,490.6,1,2,2,122,0,Lost,Very High
15000.0,1,218.0,490.52,6.37,,,2011-10-23 11:42:00,2011-10-23 11:42:00,0,,United Kingdom,48,1,490.52,4,1,2,412,1,Regular,Medium
15877.0,2,368.0,490.33,3.89,0.125,7.78,2011-11-22 11:18:00,2011-12-08 11:53:00,16,16.0,United Kingdom,2,2,490.33,5,2,2,522,1,Regular,Low
14416.0,2,326.0,490.22,35.02,0.1,70.04,2011-10-28 15:10:00,2011-11-17 15:22:00,20,20.0,United Kingdom,22,2,490.22,4,2,2,422,1,Regular,Low
12983.0,1,638.0,490.08,16.34,,,2010-04-20 12:58:00,2010-04-20 12:58:00,0,,United Kingdom,598,1,490.08,1,1,2,112,0,Lost,Very High
12634.0,2,337.0,490.0,24.5,0.1538,48.99,2010-06-09 15:41:00,2010-06-22 10:05:00,13,13.0,USA,536,2,490.0,1,2,2,122,0,Lost,Very High
17476.0,2,224.0,489.86,15.8,0.0058,31.34,2009-12-02 12:09:00,2010-11-09 10:21:00,342,342.0,United Kingdom,396,2,489.86,2,2,2,222,0,Lost,Very High
17715.0,2,576.0,489.6,244.8,0.0051,489.4,2010-04-26 12:17:00,2011-05-23 12:32:00,392,392.0,United Kingdom,201,2,489.6,2,2,2,222,1,Regular,Very High
17988.0,14,186.0,489.54,3.98,0.0194,55.67,2009-12-07 13:35:00,2011-11-28 11:00:00,721,55.46,United Kingdom,12,14,489.54,5,5,2,552,1,Regular,Low
14722.0,3,214.0,489.52,5.63,0.0088,16.8,2010-08-10 13:28:00,2011-07-15 14:58:00,339,169.5,United Kingdom,147,3,489.52,3,3,2,332,1,Regular,High
18280.0,2,194.0,488.15,16.27,0.0171,32.55,2010-11-10 15:51:00,2011-03-07 09:52:00,117,117.0,United Kingdom,278,2,488.15,2,2,2,222,0,Lost,Very High
17608.0,4,528.0,488.06,3.07,0.007,12.34,2010-04-11 13:37:00,2011-11-06 13:06:00,574,191.33,United Kingdom,33,4,488.06,4,4,2,442,1,Regular,Medium
15165.0,1,160.0,487.75,18.06,,,2010-12-01 14:03:00,2010-12-01 14:03:00,0,,United Kingdom,373,1,487.75,2,1,2,212,0,Lost,Very High
13412.0,1,176.0,487.35,14.33,,,2010-03-29 16:28:00,2010-03-29 16:28:00,0,,United Kingdom,620,1,487.35,1,1,2,112,0,Lost,Very High
16021.0,2,276.0,487.03,3.87,0.0134,7.73,2010-06-13 11:05:00,2010-11-09 14:48:00,149,149.0,United Kingdom,395,2,487.03,2,2,2,222,0,Lost,Very High
13733.0,2,335.0,487.03,16.79,0.0062,33.83,2009-12-04 15:28:00,2010-10-25 12:18:00,325,325.0,United Kingdom,411,2,487.03,1,2,2,122,0,Lost,Very High
13675.0,2,330.0,486.82,19.47,0.015,38.84,2011-02-28 12:14:00,2011-07-11 12:57:00,133,133.0,United Kingdom,151,2,486.82,3,2,2,322,1,Regular,High
17453.0,2,219.0,486.72,25.62,0.0426,51.3,2011-10-06 17:02:00,2011-11-22 09:42:00,47,47.0,United Kingdom,18,2,486.72,5,2,2,522,1,Regular,Low
12920.0,4,420.0,486.64,8.25,0.0056,32.71,2009-12-14 15:58:00,2011-11-22 15:05:00,708,236.0,United Kingdom,17,4,486.64,5,4,2,542,1,Regular,Low
13153.0,1,418.0,486.22,32.41,,,2011-12-04 12:14:00,2011-12-04 12:14:00,0,,United Kingdom,6,1,486.22,5,1,2,512,1,Regular,Low
15216.0,2,217.0,486.09,20.25,0.0038,40.86,2010-03-31 09:52:00,2011-09-13 11:41:00,531,531.0,United Kingdom,88,2,486.09,3,2,2,322,1,Regular,Medium
12443.0,1,182.0,485.31,23.11,,,2009-12-07 15:42:00,2009-12-07 15:42:00,0,,Norway,732,1,485.31,1,1,2,112,0,Lost,Very High
16999.0,2,294.0,484.82,21.08,0.0392,42.14,2011-09-26 15:43:00,2011-11-16 13:53:00,51,51.0,United Kingdom,23,2,484.82,4,2,2,422,1,Regular,Low
16024.0,3,504.0,483.99,5.69,0.0075,17.03,2010-10-24 11:40:00,2011-11-27 13:26:00,399,199.5,United Kingdom,12,3,483.99,5,3,2,532,1,Regular,Low
16603.0,2,480.0,482.47,14.19,0.1176,28.37,2011-09-09 13:02:00,2011-09-26 10:06:00,17,17.0,United Kingdom,75,2,482.47,3,2,2,322,1,Regular,Medium
17996.0,3,587.0,482.33,7.2,0.018,21.64,2010-06-11 11:48:00,2010-11-25 11:00:00,167,83.5,United Kingdom,380,3,482.33,2,3,2,232,0,Lost,Very High
12542.0,2,522.0,481.88,12.36,0.0128,24.68,2010-03-09 16:26:00,2010-08-12 19:12:00,156,156.0,Spain,484,2,481.88,1,2,2,122,0,Lost,Very High
18216.0,1,200.0,481.75,18.53,,,2011-11-08 16:55:00,2011-11-08 16:55:00,0,,United Kingdom,31,1,481.75,4,1,2,412,1,Regular,Medium
17106.0,1,153.0,481.58,9.44,,,2010-11-15 14:11:00,2010-11-15 14:11:00,0,,United Kingdom,389,1,481.58,2,1,2,212,0,Lost,Very High
13176.0,1,448.0,481.49,7.19,,,2011-10-24 15:43:00,2011-10-24 15:43:00,0,,United Kingdom,46,1,481.49,4,1,2,412,1,Regular,Medium
15174.0,2,382.0,481.46,14.16,0.0227,28.29,2010-10-25 09:40:00,2011-01-21 09:06:00,88,88.0,United Kingdom,323,2,481.46,2,2,2,222,0,Lost,Very High
13428.0,3,356.0,478.54,3.47,0.006,10.49,2010-07-13 13:20:00,2011-11-29 14:20:00,504,252.0,United Kingdom,10,3,478.54,5,3,2,532,1,Regular,Low
15589.0,3,243.0,478.53,16.5,0.0545,49.46,2011-02-02 10:46:00,2011-03-29 09:54:00,55,27.5,United Kingdom,256,3,478.53,2,3,2,232,1,Regular,Very High
12447.0,1,190.0,476.49,18.33,,,2011-04-10 13:25:00,2011-04-10 13:25:00,0,,Belgium,243,1,476.49,2,1,2,212,1,Regular,Very High
18176.0,1,283.0,476.35,15.88,,,2010-12-16 15:45:00,2010-12-16 15:45:00,0,,United Kingdom,358,1,476.35,2,1,2,212,0,Lost,Very High
15277.0,2,373.0,476.34,18.32,0.0053,36.8,2010-10-10 16:02:00,2011-10-24 10:08:00,379,379.0,United Kingdom,47,2,476.34,4,2,2,422,1,Regular,Medium
15507.0,1,160.0,475.86,10.57,,,2011-06-21 11:19:00,2011-06-21 11:19:00,0,,United Kingdom,172,1,475.86,3,1,2,312,1,Regular,High
15780.0,3,220.0,475.28,16.39,0.0172,49.05,2010-12-17 11:43:00,2011-06-09 12:01:00,174,87.0,United Kingdom,184,3,475.28,3,3,2,332,1,Regular,Very High
14322.0,4,158.0,474.1,36.47,0.0174,145.95,2010-02-18 08:49:00,2010-10-06 15:17:00,230,76.67,United Kingdom,429,4,474.1,1,4,2,142,0,Lost,Very High
17104.0,1,149.0,474.03,24.95,,,2010-10-12 12:21:00,2010-10-12 12:21:00,0,,United Kingdom,424,1,474.03,1,1,2,112,0,Lost,Very High
16635.0,1,277.0,473.0,18.92,,,2010-10-29 09:41:00,2010-10-29 09:41:00,0,,United Kingdom,407,1,473.0,2,1,2,212,0,Lost,Very High
13194.0,2,326.0,472.78,47.28,0.007,94.65,2010-10-14 11:54:00,2011-07-27 09:01:00,286,286.0,United Kingdom,136,2,472.78,3,2,2,322,1,Regular,High
14975.0,2,507.0,472.39,18.17,0.0055,36.38,2010-10-14 14:11:00,2011-10-13 14:08:00,364,364.0,United Kingdom,57,2,472.39,4,2,2,422,1,Regular,Medium
13642.0,4,231.0,472.2,4.5,0.0184,17.97,2010-10-03 12:23:00,2011-05-08 12:34:00,217,72.33,United Kingdom,216,4,472.2,2,4,2,242,1,Regular,Very High
13161.0,2,105.0,472.13,14.31,0.0107,28.63,2010-07-27 12:44:00,2011-01-30 14:03:00,187,187.0,United Kingdom,313,2,472.13,2,2,2,222,0,Lost,Very High
16038.0,3,244.0,471.78,18.15,0.0155,54.58,2011-05-22 11:29:00,2011-12-02 12:40:00,194,97.0,United Kingdom,8,3,471.78,5,3,2,532,1,Regular,Low
15721.0,1,388.0,471.4,5.61,,,2011-11-28 12:14:00,2011-11-28 12:14:00,0,,United Kingdom,12,1,471.4,5,1,2,512,1,Regular,Low
14237.0,2,238.0,471.14,18.12,0.0092,36.17,2010-04-28 10:04:00,2010-12-01 13:20:00,217,217.0,United Kingdom,373,2,471.14,2,2,2,222,0,Lost,Very High
16473.0,4,296.0,470.83,16.82,0.019,67.11,2010-11-30 16:29:00,2011-06-28 09:10:00,210,70.0,United Kingdom,165,4,470.83,3,4,2,342,1,Regular,High
13066.0,2,322.0,470.8,9.81,0.25,19.62,2011-11-07 17:06:00,2011-11-15 12:57:00,8,8.0,United Kingdom,24,2,470.8,4,2,2,422,1,Regular,Low
15963.0,2,298.0,470.76,16.81,0.0769,33.61,2011-10-25 13:05:00,2011-11-20 11:33:00,26,26.0,United Kingdom,20,2,470.76,4,2,2,422,1,Regular,Low
17254.0,3,397.0,469.48,3.19,0.0076,9.62,2010-11-03 14:00:00,2011-12-05 12:46:00,397,198.5,United Kingdom,5,3,469.48,5,3,2,532,1,Regular,Low
14058.0,2,211.0,469.19,19.55,0.0294,39.08,2010-06-27 11:29:00,2010-09-03 09:31:00,68,68.0,United Kingdom,463,2,469.19,1,2,2,122,0,Lost,Very High
14369.0,2,255.0,469.13,18.04,0.1053,36.09,2010-02-16 10:28:00,2010-03-07 15:47:00,19,19.0,United Kingdom,642,2,469.13,1,2,2,122,0,Lost,Very High
15557.0,1,213.0,468.91,24.68,,,2011-11-11 12:46:00,2011-11-11 12:46:00,0,,United Kingdom,29,1,468.91,4,1,2,412,1,Regular,Low
15387.0,1,335.0,468.65,23.43,,,2010-08-04 16:05:00,2010-08-04 16:05:00,0,,United Kingdom,492,1,468.65,1,1,2,112,0,Lost,Very High
12554.0,1,240.0,468.5,18.02,,,2010-09-17 12:29:00,2010-09-17 12:29:00,0,,Spain,449,1,468.5,1,1,2,112,0,Lost,Very High
13171.0,3,229.0,468.41,10.18,0.0108,30.56,2011-02-13 14:16:00,2011-11-18 10:27:00,278,139.0,United Kingdom,22,3,468.41,4,3,2,432,1,Regular,Low
17294.0,2,297.0,467.79,27.52,,,2010-02-08 14:21:00,2010-02-08 16:12:00,0,0.0,United Kingdom,669,2,467.79,1,2,2,122,0,Lost,Very High
17187.0,2,426.0,467.71,20.34,0.0067,40.88,2010-07-01 14:38:00,2011-04-27 12:39:00,300,300.0,United Kingdom,227,2,467.71,2,2,2,222,1,Regular,Very High
14029.0,2,198.0,467.66,31.18,0.0247,62.38,2011-07-18 16:57:00,2011-10-07 14:46:00,81,81.0,United Kingdom,63,2,467.66,3,2,2,322,1,Regular,Medium
16390.0,3,122.0,467.5,22.26,0.021,66.85,2010-01-29 15:25:00,2010-06-21 10:11:00,143,71.5,United Kingdom,537,3,467.5,1,3,2,132,0,Lost,Very High
12958.0,2,118.0,467.34,9.54,0.0109,19.03,2010-05-05 16:22:00,2010-11-04 16:16:00,183,183.0,United Kingdom,400,2,467.34,2,2,2,222,0,Lost,Very High
14052.0,2,174.0,466.66,3.86,0.0054,7.73,2010-11-14 11:37:00,2011-11-20 12:30:00,371,371.0,United Kingdom,20,2,466.66,4,2,2,422,1,Regular,Low
14148.0,2,223.0,466.29,27.43,0.011,54.61,2010-10-21 14:08:00,2011-04-20 12:02:00,181,181.0,United Kingdom,234,2,466.29,2,2,2,222,1,Regular,Very High
16504.0,1,510.0,465.88,5.61,,,2011-11-14 15:18:00,2011-11-14 15:18:00,0,,United Kingdom,25,1,465.88,4,1,2,412,1,Regular,Low
13248.0,2,305.0,465.68,17.91,0.0308,35.86,2011-06-03 13:05:00,2011-08-07 12:40:00,65,65.0,United Kingdom,125,2,465.68,3,2,2,322,1,Regular,High
13928.0,4,129.0,464.57,17.21,0.0325,68.8,2011-07-29 15:59:00,2011-11-29 10:33:00,123,41.0,United Kingdom,11,4,464.57,5,4,2,542,1,Regular,Low
15349.0,2,321.0,463.91,6.53,0.069,13.07,2011-06-05 15:46:00,2011-07-04 16:06:00,29,29.0,United Kingdom,158,2,463.91,3,2,2,322,1,Regular,High
14727.0,3,458.0,463.73,10.08,0.011,30.16,2010-06-11 13:23:00,2011-03-10 14:45:00,272,136.0,United Kingdom,274,3,463.73,2,3,2,232,0,Lost,Very High
18083.0,1,268.0,463.53,11.59,,,2010-11-07 11:44:00,2010-11-07 11:44:00,0,,United Kingdom,398,1,463.53,2,1,2,212,0,Lost,Very High
17040.0,2,189.0,463.25,28.95,0.0048,57.39,2010-06-07 15:08:00,2011-07-25 10:19:00,413,413.0,United Kingdom,138,2,463.25,3,2,2,322,1,Regular,High
17964.0,2,294.0,463.21,4.73,0.0059,9.52,2010-12-02 13:32:00,2011-11-08 10:44:00,341,341.0,United Kingdom,32,2,463.21,4,2,2,422,1,Regular,Medium
14627.0,1,284.0,462.75,15.96,,,2010-11-25 16:32:00,2010-11-25 16:32:00,0,,United Kingdom,379,1,462.75,2,1,2,212,0,Lost,Very High
14331.0,2,252.0,462.66,16.52,0.1818,33.04,2011-07-27 15:14:00,2011-08-07 13:17:00,11,11.0,United Kingdom,124,2,462.66,3,2,2,322,1,Regular,High
15958.0,4,154.0,462.12,7.11,0.0084,28.43,2010-06-07 10:59:00,2011-09-26 13:41:00,476,158.67,United Kingdom,74,4,462.12,3,4,2,342,1,Regular,Medium
14954.0,2,209.0,462.12,3.92,0.0029,7.86,2010-01-05 16:38:00,2011-11-27 14:30:00,691,691.0,United Kingdom,12,2,462.12,5,2,2,522,1,Regular,Low
13624.0,1,820.0,462.08,21.0,,,2010-11-16 13:43:00,2010-11-16 13:43:00,0,,United Kingdom,388,1,462.08,2,1,2,212,0,Lost,Very High
18284.0,1,494.0,461.68,16.49,,,2010-10-04 11:33:00,2010-10-04 11:33:00,0,,United Kingdom,432,1,461.68,1,1,2,112,0,Lost,Very High
15540.0,2,444.0,460.68,14.86,0.0055,29.75,2010-11-29 11:10:00,2011-11-28 13:51:00,364,364.0,United Kingdom,11,2,460.68,5,2,2,522,1,Regular,Low
12491.0,1,260.0,460.4,17.71,,,2011-11-01 12:18:00,2011-11-01 12:18:00,0,,France,39,1,460.4,4,1,2,412,1,Regular,Medium
16310.0,2,270.0,460.08,16.43,0.0088,32.97,2010-03-07 15:41:00,2010-10-21 14:47:00,228,228.0,United Kingdom,414,2,460.08,1,2,2,122,0,Lost,Very High
17111.0,2,581.0,459.58,9.57,0.0053,19.17,2010-10-10 15:21:00,2011-10-23 15:59:00,378,378.0,United Kingdom,47,2,459.58,4,2,2,422,1,Regular,Medium
16596.0,4,180.0,458.98,19.12,0.0056,76.45,2009-12-10 13:09:00,2011-11-24 10:02:00,714,238.0,United Kingdom,16,4,458.98,5,4,2,542,1,Regular,Low
14118.0,1,97.0,458.45,30.56,,,2010-10-07 11:59:00,2010-10-07 11:59:00,0,,United Kingdom,429,1,458.45,1,1,2,112,0,Lost,Very High
13957.0,3,157.0,458.25,16.97,0.0124,50.71,2010-02-19 10:32:00,2010-10-18 10:02:00,241,120.5,United Kingdom,418,3,458.25,1,3,2,132,0,Lost,Very High
14599.0,2,292.0,457.89,5.8,0.0168,11.6,2010-07-18 15:54:00,2010-11-14 14:49:00,119,119.0,United Kingdom,390,2,457.89,2,2,2,222,0,Lost,Very High
14011.0,2,644.0,457.82,14.31,0.0157,28.53,2010-04-11 13:40:00,2010-08-16 15:31:00,127,127.0,United Kingdom,480,2,457.82,1,2,2,122,0,Lost,Very High
15121.0,2,199.0,457.72,16.35,0.0084,32.69,2011-02-24 12:41:00,2011-10-20 14:51:00,238,238.0,United Kingdom,50,2,457.72,4,2,2,422,1,Regular,Medium
16069.0,1,138.0,457.7,18.31,,,2010-10-18 10:32:00,2010-10-18 10:32:00,0,,United Kingdom,418,1,457.7,1,1,2,112,0,Lost,Very High
12375.0,2,178.0,457.5,26.91,0.0227,53.76,2011-09-02 14:23:00,2011-11-29 10:36:00,88,88.0,Finland,11,2,457.5,5,2,2,522,1,Regular,Low
17344.0,2,200.0,457.36,6.83,0.0029,13.51,2009-12-11 12:31:00,2011-10-24 12:56:00,682,682.0,United Kingdom,46,2,457.36,4,2,2,422,1,Regular,Medium
12564.0,1,133.0,456.9,21.76,,,2011-03-23 14:55:00,2011-03-23 14:55:00,0,,France,261,1,456.9,2,1,2,212,0,Lost,Very High
14819.0,4,170.0,456.41,8.45,0.0061,33.71,2009-12-21 15:54:00,2011-10-06 13:41:00,654,218.0,United Kingdom,64,4,456.41,3,4,2,342,1,Regular,Medium
14296.0,2,314.0,456.4,16.9,0.0131,33.87,2010-05-14 14:34:00,2010-10-14 14:14:00,153,153.0,United Kingdom,421,2,456.4,1,2,2,122,0,Lost,Very High
16039.0,2,409.0,456.4,14.26,0.0098,28.65,2010-03-21 15:17:00,2010-10-12 10:44:00,205,205.0,United Kingdom,424,2,456.4,1,2,2,122,0,Lost,Very High
12999.0,3,342.0,455.88,16.28,0.0612,48.82,2011-04-08 10:26:00,2011-05-27 13:24:00,49,24.5,United Kingdom,196,3,455.88,2,3,2,232,1,Regular,Very High
15585.0,1,320.0,455.3,14.69,,,2011-06-16 08:38:00,2011-06-16 08:38:00,0,,United Kingdom,177,1,455.3,3,1,2,312,1,Regular,High
14335.0,2,375.0,454.86,7.58,0.025,15.16,2011-09-04 13:07:00,2011-11-23 13:41:00,80,80.0,Germany,16,2,454.86,5,2,2,522,1,Regular,Low
16765.0,2,311.0,454.75,8.75,0.0227,17.48,2010-11-22 13:42:00,2011-02-18 15:41:00,88,88.0,United Kingdom,294,2,454.75,2,2,2,222,0,Lost,Very High
17067.0,3,322.0,454.54,34.96,0.4286,104.89,2009-12-08 12:03:00,2009-12-15 08:39:00,7,3.5,United Kingdom,725,3,454.54,1,3,2,132,0,Lost,Very High
12459.0,1,258.0,454.36,19.75,,,2010-04-13 14:53:00,2010-04-13 14:53:00,0,,Spain,605,1,454.36,1,1,2,112,0,Lost,Very High
17140.0,1,296.0,454.12,25.23,,,2011-04-06 13:33:00,2011-04-06 13:33:00,0,,United Kingdom,247,1,454.12,2,1,2,212,1,Regular,Very High
15475.0,1,319.0,454.11,15.66,,,2011-09-23 15:20:00,2011-09-23 15:20:00,0,,United Kingdom,77,1,454.11,3,1,2,312,1,Regular,Medium
17564.0,3,146.0,454.01,9.27,0.0536,27.82,2011-09-20 14:00:00,2011-11-15 13:27:00,56,28.0,United Kingdom,24,3,454.01,4,3,2,432,1,Regular,Low
17376.0,4,244.0,453.64,8.25,0.0088,32.82,2010-07-05 11:11:00,2011-09-30 12:36:00,452,150.67,United Kingdom,71,4,453.64,3,4,2,342,1,Regular,Medium
18158.0,2,354.0,453.4,13.34,0.0253,26.66,2011-09-12 09:03:00,2011-11-30 16:19:00,79,79.0,United Kingdom,9,2,453.4,5,2,2,522,1,Regular,Low
16481.0,1,201.0,453.38,28.34,,,2010-01-26 13:09:00,2010-01-26 13:09:00,0,,United Kingdom,682,1,453.38,1,1,2,112,0,Lost,Very High
12729.0,1,233.0,453.01,17.42,,,2011-08-18 11:40:00,2011-08-18 11:40:00,0,,France,114,1,453.01,3,1,2,312,1,Regular,High
14184.0,1,127.0,452.89,18.87,,,2011-10-04 12:43:00,2011-10-04 12:43:00,0,,United Kingdom,67,1,452.89,3,1,2,312,1,Regular,Medium
16799.0,2,162.0,452.78,4.92,0.0952,9.84,2010-09-12 12:46:00,2010-10-03 14:28:00,21,21.0,United Kingdom,432,2,452.78,1,2,2,122,0,Lost,Very High
13698.0,2,227.0,451.73,11.89,0.0235,23.75,2010-01-27 09:02:00,2010-04-22 11:52:00,85,85.0,United Kingdom,597,2,451.73,1,2,2,122,0,Lost,Very High
18100.0,1,440.0,451.56,15.05,,,2010-06-07 14:19:00,2010-06-07 14:19:00,0,,United Kingdom,550,1,451.56,1,1,2,112,0,Lost,Very High
15802.0,1,1.0,451.42,451.42,,,2011-07-20 11:38:00,2011-07-20 11:38:00,0,,United Kingdom,143,1,451.42,3,1,2,312,1,Regular,High
18031.0,1,298.0,451.3,7.16,,,2010-11-26 11:00:00,2010-11-26 11:00:00,0,,United Kingdom,379,1,451.3,2,1,2,212,0,Lost,Very High
15961.0,1,154.0,451.29,10.75,,,2010-11-25 15:59:00,2010-11-25 15:59:00,0,,United Kingdom,379,1,451.29,2,1,2,212,0,Lost,Very High
12831.0,3,303.0,451.11,20.51,0.0149,61.43,2010-09-02 15:58:00,2011-03-22 13:02:00,201,100.5,United Kingdom,262,3,451.11,2,3,2,232,0,Lost,Very High
15124.0,4,462.0,450.82,14.54,0.0064,58.53,2010-02-26 10:49:00,2011-11-17 10:09:00,629,209.67,United Kingdom,23,4,450.82,4,4,2,442,1,Regular,Low
16870.0,1,278.0,450.16,16.08,,,2010-08-27 13:53:00,2010-08-27 13:53:00,0,,United Kingdom,469,1,450.16,1,1,2,112,0,Lost,Very High
13150.0,3,171.0,449.97,56.25,0.0205,168.36,2010-03-19 09:03:00,2010-08-12 12:59:00,146,73.0,United Kingdom,484,3,449.97,1,3,2,132,0,Lost,Very High
14784.0,3,363.0,449.93,16.66,0.0083,50.19,2010-11-15 09:49:00,2011-11-13 13:30:00,363,181.5,United Kingdom,26,3,449.93,4,3,2,432,1,Regular,Low
13877.0,3,478.0,449.68,19.55,0.005,58.94,2010-01-19 10:53:00,2011-09-14 15:49:00,603,301.5,United Kingdom,86,3,449.68,3,3,2,332,1,Regular,Medium
13489.0,4,560.0,449.52,32.11,0.0212,128.66,2011-02-18 10:42:00,2011-08-26 13:16:00,189,63.0,United Kingdom,105,4,449.52,3,4,2,342,1,Regular,High
15126.0,2,273.0,449.49,17.98,0.0132,35.84,2010-01-21 17:09:00,2010-06-21 12:31:00,151,151.0,United Kingdom,537,2,449.49,1,2,2,122,0,Lost,Very High
12448.0,1,243.0,449.45,20.43,,,2011-10-26 13:46:00,2011-10-26 13:46:00,0,,Spain,44,1,449.45,4,1,2,412,1,Regular,Medium
15418.0,2,264.0,449.42,6.61,0.0124,13.2,2010-05-02 11:31:00,2010-10-10 13:38:00,161,161.0,United Kingdom,425,2,449.42,1,2,2,122,0,Lost,Very High
17823.0,2,252.0,449.25,4.49,,,2010-10-14 16:14:00,2010-10-14 16:24:00,0,0.0,United Kingdom,421,2,449.25,1,2,2,122,0,Lost,Very High
15739.0,1,472.0,449.12,56.14,,,2011-10-04 13:42:00,2011-10-04 13:42:00,0,,United Kingdom,66,1,449.12,3,1,2,312,1,Regular,Medium
14761.0,3,206.0,447.92,18.66,0.0078,56.18,2010-09-21 14:22:00,2011-10-12 12:10:00,386,193.0,United Kingdom,59,3,447.92,3,3,2,332,1,Regular,Medium
14780.0,2,310.0,447.68,16.58,0.08,33.16,2011-09-21 15:15:00,2011-10-16 12:46:00,25,25.0,United Kingdom,55,2,447.68,4,2,2,422,1,Regular,Medium
18201.0,1,191.0,447.53,16.58,,,2009-12-17 08:55:00,2009-12-17 08:55:00,0,,United Kingdom,723,1,447.53,1,1,2,112,0,Lost,Very High
16095.0,1,265.0,447.05,14.9,,,2010-09-09 16:54:00,2010-09-09 16:54:00,0,,United Kingdom,456,1,447.05,1,1,2,112,0,Lost,Very High
13754.0,3,315.0,447.05,21.29,0.0105,63.93,2010-09-28 15:29:00,2011-07-11 11:51:00,286,143.0,United Kingdom,152,3,447.05,3,3,2,332,1,Regular,High
14149.0,1,218.0,446.62,15.95,,,2011-05-03 09:44:00,2011-05-03 09:44:00,0,,United Kingdom,221,1,446.62,2,1,2,212,1,Regular,Very High
17370.0,4,540.0,446.18,13.52,0.0412,54.03,2011-06-23 11:50:00,2011-09-28 10:14:00,97,32.33,United Kingdom,73,4,446.18,3,4,2,342,1,Regular,Medium
14010.0,2,177.0,445.15,18.55,,,2010-05-23 12:46:00,2010-05-23 13:00:00,0,0.0,United Kingdom,565,2,445.15,1,2,2,122,0,Lost,Very High
14328.0,1,1.0,445.05,445.05,,,2010-09-27 16:01:00,2010-09-27 16:01:00,0,,United Kingdom,438,1,445.05,1,1,2,112,0,Lost,Very High
18134.0,2,128.0,445.0,15.89,0.0208,31.73,2010-01-14 11:59:00,2010-04-20 14:02:00,96,96.0,United Kingdom,598,2,445.0,1,2,2,122,0,Lost,Very High
12788.0,4,194.0,444.9,17.11,0.0615,68.4,2010-06-29 13:05:00,2010-09-02 14:21:00,65,21.67,Netherlands,463,4,444.9,1,4,2,142,0,Lost,Very High
18270.0,3,209.0,444.55,26.15,0.0076,78.3,2010-10-03 10:49:00,2011-11-01 13:57:00,394,197.0,United Kingdom,38,3,444.55,4,3,2,432,1,Regular,Medium
14638.0,1,166.0,443.6,27.73,,,2011-10-20 10:10:00,2011-10-20 10:10:00,0,,United Kingdom,51,1,443.6,4,1,2,412,1,Regular,Medium
16424.0,2,212.0,443.06,34.08,0.0105,68.35,2010-11-22 11:24:00,2011-06-01 13:40:00,191,191.0,United Kingdom,191,2,443.06,2,2,2,222,1,Regular,Very High
16404.0,1,157.0,443.05,19.26,,,2011-09-30 14:55:00,2011-09-30 14:55:00,0,,United Kingdom,70,1,443.05,3,1,2,312,1,Regular,Medium
18222.0,1,335.0,443.0,23.32,,,2011-09-08 10:45:00,2011-09-08 10:45:00,0,,United Kingdom,93,1,443.0,3,1,2,312,1,Regular,High
14996.0,2,404.0,442.29,10.79,,,2010-08-15 13:41:00,2010-08-15 13:44:00,0,0.0,United Kingdom,481,2,442.29,1,2,2,122,0,Lost,Very High
17699.0,2,208.0,442.0,23.26,0.0235,46.46,2010-05-27 11:53:00,2010-08-20 09:39:00,85,85.0,United Kingdom,477,2,442.0,1,2,2,122,0,Lost,Very High
12579.0,1,285.0,440.42,15.19,,,2011-09-22 17:15:00,2011-09-22 17:15:00,0,,France,78,1,440.42,3,1,2,312,1,Regular,Medium
18233.0,1,4.0,440.0,440.0,,,2011-01-18 08:44:00,2011-01-18 08:44:00,0,,United Kingdom,326,1,440.0,2,1,2,212,0,Lost,Very High
13954.0,2,150.0,439.92,17.6,0.029,35.22,2011-09-30 10:52:00,2011-12-08 12:50:00,69,69.0,United Kingdom,2,2,439.92,5,2,2,522,1,Regular,Low
17643.0,2,226.0,439.7,14.18,0.0152,28.45,2010-07-22 13:07:00,2010-12-01 14:38:00,132,132.0,United Kingdom,373,2,439.7,2,2,2,222,0,Lost,Very High
16025.0,1,338.0,439.66,15.7,,,2011-11-10 11:45:00,2011-11-10 11:45:00,0,,United Kingdom,30,1,439.66,4,1,2,412,1,Regular,Low
16968.0,2,326.0,439.43,14.18,0.0194,28.33,2011-08-24 10:51:00,2011-12-05 15:02:00,103,103.0,United Kingdom,4,2,439.43,5,2,2,522,1,Regular,Low
13086.0,1,155.0,439.33,9.35,,,2010-11-22 10:28:00,2010-11-22 10:28:00,0,,United Kingdom,383,1,439.33,2,1,2,212,0,Lost,Very High
17718.0,2,274.0,439.18,19.09,0.0049,38.54,2010-03-05 08:01:00,2011-04-21 13:39:00,412,412.0,United Kingdom,232,2,439.18,2,2,2,222,1,Regular,Very High
13432.0,2,217.0,439.1,3.96,0.0488,7.92,2010-04-06 14:42:00,2010-05-17 13:18:00,41,41.0,United Kingdom,571,2,439.1,1,2,2,122,0,Lost,Very High
16519.0,4,150.0,439.06,12.2,0.0064,48.64,2010-03-01 13:51:00,2011-11-14 15:41:00,623,207.67,United Kingdom,25,4,439.06,4,4,2,442,1,Regular,Low
13358.0,1,285.0,439.03,15.14,,,2011-03-16 11:52:00,2011-03-16 11:52:00,0,,United Kingdom,269,1,439.03,2,1,2,212,0,Lost,Very High
13964.0,2,228.0,438.9,18.29,0.0465,36.57,2010-10-05 12:38:00,2010-11-17 13:53:00,43,43.0,United Kingdom,387,2,438.9,2,2,2,222,0,Lost,Very High
17729.0,1,247.0,438.65,19.07,,,2010-04-22 15:03:00,2010-04-22 15:03:00,0,,United Kingdom,596,1,438.65,1,1,2,112,0,Lost,Very High
15859.0,1,174.0,438.46,19.93,,,2010-10-03 12:52:00,2010-10-03 12:52:00,0,,United Kingdom,432,1,438.46,1,1,2,112,0,Lost,Very High
17807.0,3,262.0,437.87,4.92,0.0097,14.75,2010-01-04 14:00:00,2010-11-09 16:21:00,309,154.5,United Kingdom,395,3,437.87,2,3,2,232,0,Lost,Very High
12552.0,2,88.0,437.82,21.89,2.0,43.78,2011-10-31 12:11:00,2011-11-01 10:02:00,1,1.0,Italy,39,2,437.82,4,2,2,422,1,Regular,Medium
17070.0,2,232.0,437.42,4.25,0.0068,8.55,2010-10-25 15:57:00,2011-08-17 17:01:00,296,296.0,United Kingdom,114,2,437.42,3,2,2,322,1,Regular,High
14846.0,1,193.0,437.4,36.45,,,2010-10-08 17:07:00,2010-10-08 17:07:00,0,,United Kingdom,427,1,437.4,1,1,2,112,0,Lost,Very High
12672.0,2,138.0,437.05,19.87,0.0075,39.64,2010-04-23 09:57:00,2011-01-14 09:20:00,266,266.0,France,330,2,437.05,2,2,2,222,0,Lost,Very High
16084.0,1,216.0,436.18,11.48,,,2011-02-13 16:05:00,2011-02-13 16:05:00,0,,United Kingdom,299,1,436.18,2,1,2,212,0,Lost,Very High
14123.0,1,234.0,436.18,18.17,,,2009-12-06 15:35:00,2009-12-06 15:35:00,0,,United Kingdom,733,1,436.18,1,1,2,112,0,Lost,Very High
16166.0,2,173.0,435.83,19.81,0.0076,39.6,2010-01-17 14:16:00,2010-10-07 15:44:00,263,263.0,United Kingdom,428,2,435.83,1,2,2,122,0,Lost,Very High
12445.0,2,206.0,434.98,18.12,0.005,36.06,2010-10-15 12:28:00,2011-11-17 18:43:00,398,398.0,Spain,22,2,434.98,4,2,2,422,1,Regular,Low
13738.0,1,237.0,434.78,4.89,,,2010-11-08 15:23:00,2010-11-08 15:23:00,0,,United Kingdom,396,1,434.78,2,1,2,212,0,Lost,Very High
15323.0,3,188.0,434.6,14.99,0.0303,44.97,2010-02-16 09:21:00,2010-05-26 10:01:00,99,49.5,United Kingdom,563,3,434.6,1,3,2,132,0,Lost,Very High
14910.0,4,238.0,434.35,14.48,0.0769,57.9,2011-10-16 11:06:00,2011-12-07 10:06:00,52,17.33,United Kingdom,3,4,434.35,5,4,2,542,1,Regular,Low
14238.0,3,189.0,434.23,33.4,0.0074,100.84,2009-12-05 10:58:00,2011-01-17 14:40:00,408,204.0,United Kingdom,326,3,434.23,2,3,2,232,0,Lost,Very High
16888.0,3,145.0,434.2,8.35,0.01,25.13,2010-01-07 13:07:00,2010-11-04 12:39:00,301,150.5,United Kingdom,401,3,434.2,2,3,2,232,0,Lost,Very High
14093.0,1,391.0,433.86,4.34,,,2011-11-27 16:27:00,2011-11-27 16:27:00,0,,United Kingdom,12,1,433.86,5,1,2,512,1,Regular,Low
16939.0,3,229.0,433.85,10.58,0.0186,31.68,2010-02-28 13:33:00,2010-08-08 12:24:00,161,80.5,United Kingdom,489,3,433.85,1,3,2,132,0,Lost,Very High
18029.0,1,253.0,433.77,24.1,,,2010-03-07 15:30:00,2010-03-07 15:30:00,0,,United Kingdom,642,1,433.77,1,1,2,112,0,Lost,Very High
12493.0,2,207.0,433.74,19.72,0.0625,39.44,2011-05-26 14:53:00,2011-06-27 10:17:00,32,32.0,France,166,2,433.74,3,2,2,322,1,Regular,High
15613.0,1,700.0,433.72,16.06,,,2010-04-08 12:51:00,2010-04-08 12:51:00,0,,United Kingdom,610,1,433.72,1,1,2,112,0,Lost,Very High
16522.0,2,212.0,433.36,24.08,0.1333,48.15,2010-09-15 13:32:00,2010-09-30 10:54:00,15,15.0,United Kingdom,436,2,433.36,1,2,2,122,0,Lost,Very High
17178.0,1,100.0,432.96,13.97,,,2009-12-08 16:20:00,2009-12-08 16:20:00,0,,United Kingdom,731,1,432.96,1,1,2,112,0,Lost,Very High
17687.0,1,210.0,432.68,16.64,,,2010-10-15 12:30:00,2010-10-15 12:30:00,0,,United Kingdom,421,1,432.68,1,1,2,112,0,Lost,Very High
16604.0,2,175.0,432.45,36.04,0.3333,72.07,2010-05-20 16:34:00,2010-05-26 09:10:00,6,6.0,United Kingdom,563,2,432.45,1,2,2,122,0,Lost,Very High
16236.0,1,184.0,432.2,21.61,,,2011-09-22 14:10:00,2011-09-22 14:10:00,0,,United Kingdom,78,1,432.2,3,1,2,312,1,Regular,Medium
16881.0,1,600.0,432.0,432.0,,,2011-10-04 10:33:00,2011-10-04 10:33:00,0,,United Kingdom,67,1,432.0,3,1,2,312,1,Regular,Medium
14042.0,1,180.0,431.98,20.57,,,2009-12-14 15:07:00,2009-12-14 15:07:00,0,,United Kingdom,725,1,431.98,1,1,2,112,0,Lost,Very High
15488.0,5,251.0,431.92,39.27,0.0102,196.67,2010-05-05 13:03:00,2011-09-08 10:11:00,491,122.75,United Kingdom,93,5,431.92,3,4,2,342,1,Regular,High
17842.0,1,89.0,430.69,23.93,,,2010-04-16 14:23:00,2010-04-16 14:23:00,0,,United Kingdom,602,1,430.69,1,1,2,112,0,Lost,Very High
12452.0,2,185.0,430.57,19.57,,,2011-11-23 08:05:00,2011-11-23 10:28:00,0,0.0,Switzerland,17,2,430.57,5,2,2,522,1,Regular,Low
12795.0,1,68.0,430.48,30.75,,,2011-11-21 10:27:00,2011-11-21 10:27:00,0,,Portugal,19,1,430.48,5,1,2,512,1,Regular,Low
12827.0,3,197.0,430.15,17.21,0.0769,51.61,2011-10-26 15:44:00,2011-12-04 12:17:00,39,19.5,United Kingdom,6,3,430.15,5,3,2,532,1,Regular,Low
15450.0,1,376.0,429.84,14.33,,,2011-11-09 17:11:00,2011-11-09 17:11:00,0,,United Kingdom,30,1,429.84,4,1,2,412,1,Regular,Low
15461.0,2,230.0,429.7,214.85,0.0117,429.85,2010-03-18 12:40:00,2010-09-05 12:31:00,171,171.0,United Kingdom,461,2,429.7,1,2,2,122,0,Lost,Very High
14979.0,1,209.0,429.66,8.77,,,2009-12-04 12:54:00,2009-12-04 12:54:00,0,,United Kingdom,735,1,429.66,1,1,2,112,0,Lost,Very High
15230.0,2,351.0,429.6,18.68,2.0,37.36,2011-04-13 11:04:00,2011-04-14 14:39:00,1,1.0,United Kingdom,239,2,429.6,2,2,2,222,1,Regular,Very High
15036.0,3,316.0,429.56,3.61,0.028,10.82,2011-06-13 12:19:00,2011-09-28 15:42:00,107,53.5,United Kingdom,72,3,429.56,3,3,2,332,1,Regular,Medium
13413.0,6,455.0,429.44,9.99,0.125,59.94,2010-01-21 17:43:00,2010-03-10 12:17:00,48,9.6,United Kingdom,640,6,429.44,1,4,2,142,0,Lost,Very High
15888.0,3,139.0,429.16,11.0,0.0067,32.87,2010-07-01 11:51:00,2011-09-20 12:30:00,446,223.0,United Kingdom,81,3,429.16,3,3,2,332,1,Regular,Medium
15553.0,1,449.0,428.93,7.8,,,2011-10-10 14:02:00,2011-10-10 14:02:00,0,,United Kingdom,60,1,428.93,3,1,2,312,1,Regular,Medium
18089.0,1,95.0,428.45,42.85,,,2010-09-19 11:57:00,2010-09-19 11:57:00,0,,United Kingdom,447,1,428.45,1,1,2,112,0,Lost,Very High
15360.0,1,223.0,427.93,32.92,,,2011-10-31 09:35:00,2011-10-31 09:35:00,0,,United Kingdom,40,1,427.93,4,1,2,412,1,Regular,Medium
12740.0,1,342.0,427.6,15.84,,,2011-10-07 10:44:00,2011-10-07 10:44:00,0,,France,64,1,427.6,3,1,2,312,1,Regular,Medium
18285.0,1,145.0,427.0,35.58,,,2010-02-17 10:24:00,2010-02-17 10:24:00,0,,United Kingdom,661,1,427.0,1,1,2,112,0,Lost,Very High
17740.0,6,222.0,426.9,47.43,0.0195,284.86,2010-01-11 13:11:00,2010-11-15 16:33:00,308,61.6,United Kingdom,389,6,426.9,2,4,2,242,0,Lost,Very High
18152.0,1,75.0,426.69,42.67,,,2010-03-03 15:26:00,2010-03-03 15:26:00,0,,United Kingdom,646,1,426.69,1,1,2,112,0,Lost,Very High
15930.0,1,139.0,426.63,20.32,,,2011-10-03 14:52:00,2011-10-03 14:52:00,0,,United Kingdom,67,1,426.63,3,1,2,312,1,Regular,Medium
14288.0,1,188.0,426.6,26.66,,,2011-05-10 13:22:00,2011-05-10 13:22:00,0,,United Kingdom,213,1,426.6,2,1,2,212,1,Regular,Very High
15966.0,1,275.0,426.53,15.8,,,2010-09-15 10:44:00,2010-09-15 10:44:00,0,,United Kingdom,451,1,426.53,1,1,2,112,0,Lost,Very High
15217.0,1,190.0,426.24,15.22,,,2010-05-25 13:51:00,2010-05-25 13:51:00,0,,United Kingdom,563,1,426.24,1,1,2,112,0,Lost,Very High
14877.0,2,168.0,425.85,6.76,0.0089,13.48,2010-03-07 12:25:00,2010-10-17 13:09:00,224,224.0,United Kingdom,418,2,425.85,1,2,2,122,0,Lost,Very High
13703.0,2,128.0,425.56,11.5,0.0206,22.98,2010-10-20 13:11:00,2011-01-25 13:10:00,97,97.0,United Kingdom,318,2,425.56,2,2,2,222,0,Lost,Very High
17103.0,1,471.0,424.3,13.26,,,2009-12-17 14:08:00,2009-12-17 14:08:00,0,,United Kingdom,722,1,424.3,1,1,2,112,0,Lost,Very High
16541.0,1,173.0,424.03,11.16,,,2009-12-04 13:22:00,2009-12-04 13:22:00,0,,United Kingdom,735,1,424.03,1,1,2,112,0,Lost,Very High
16913.0,3,229.0,423.91,23.55,0.0083,70.56,2010-02-26 12:06:00,2011-02-22 12:56:00,361,180.5,United Kingdom,290,3,423.91,2,3,2,232,0,Lost,Very High
17330.0,4,122.0,423.8,52.97,0.0064,211.88,2010-03-02 09:20:00,2011-11-17 08:56:00,625,208.33,United Kingdom,23,4,423.8,4,4,2,442,1,Regular,Low
14097.0,2,352.0,422.86,10.57,0.0122,21.15,2010-03-04 10:46:00,2010-08-15 14:20:00,164,164.0,United Kingdom,481,2,422.86,1,2,2,122,0,Lost,Very High
13374.0,2,135.0,422.8,24.87,0.0571,49.7,2010-09-16 10:29:00,2010-10-21 10:04:00,35,35.0,United Kingdom,415,2,422.8,1,2,2,122,0,Lost,Very High
16137.0,1,210.0,422.7,15.1,,,2010-01-28 15:04:00,2010-01-28 15:04:00,0,,United Kingdom,680,1,422.7,1,1,2,112,0,Lost,Very High
16689.0,2,330.0,422.6,32.51,0.2857,65.02,2011-09-18 13:29:00,2011-09-25 11:39:00,7,7.0,United Kingdom,76,2,422.6,3,2,2,322,1,Regular,Medium
18240.0,1,126.0,422.58,70.43,,,2011-10-24 13:06:00,2011-10-24 13:06:00,0,,United Kingdom,46,1,422.58,4,1,2,412,1,Regular,Medium
16149.0,3,598.0,422.22,14.07,0.0071,42.46,2010-10-06 15:54:00,2011-12-05 11:29:00,425,212.5,United Kingdom,5,3,422.22,5,3,2,532,1,Regular,Low
13807.0,3,116.0,422.2,16.89,0.0082,50.97,2009-12-04 12:41:00,2010-12-07 15:48:00,368,184.0,United Kingdom,367,3,422.2,2,3,2,232,0,Lost,Very High
16773.0,3,252.0,421.24,6.48,0.0044,19.27,2009-12-06 15:01:00,2011-10-13 14:37:00,676,338.0,United Kingdom,57,3,421.24,4,3,2,432,1,Regular,Medium
14757.0,1,160.0,420.5,22.13,,,2011-09-25 14:36:00,2011-09-25 14:36:00,0,,United Kingdom,75,1,420.5,3,1,2,312,1,Regular,Medium
15206.0,4,162.0,420.3,46.7,0.0151,186.87,2011-03-09 08:59:00,2011-11-29 13:41:00,265,88.33,United Kingdom,10,4,420.3,5,4,2,542,1,Regular,Low
15711.0,2,199.0,420.25,16.81,0.0156,33.57,2010-01-24 12:13:00,2010-06-01 12:14:00,128,128.0,United Kingdom,557,2,420.25,1,2,2,122,0,Lost,Very High
14575.0,1,163.0,420.22,5.84,,,2010-08-08 14:51:00,2010-08-08 14:51:00,0,,United Kingdom,488,1,420.22,1,1,2,112,0,Lost,Very High
13672.0,3,138.0,419.92,23.33,0.007,70.06,2009-12-09 11:40:00,2011-02-11 13:53:00,429,214.5,United Kingdom,301,3,419.92,2,3,2,232,0,Lost,Very High
13442.0,3,115.0,419.87,11.05,0.0423,33.19,2009-12-01 14:59:00,2010-02-10 14:03:00,71,35.5,United Kingdom,667,3,419.87,1,3,2,132,0,Lost,Very High
13096.0,1,6.0,419.7,419.7,,,2010-11-10 14:08:00,2010-11-10 14:08:00,0,,United Kingdom,394,1,419.7,2,1,2,212,0,Lost,Very High
14124.0,1,1618.0,419.58,83.92,,,2011-09-16 13:32:00,2011-09-16 13:32:00,0,,United Kingdom,84,1,419.58,3,1,2,312,1,Regular,Medium
13079.0,6,158.0,419.18,24.66,0.0145,147.68,2010-10-18 14:15:00,2011-12-05 16:53:00,413,82.6,United Kingdom,4,6,419.18,5,4,2,542,1,Regular,Low
15262.0,3,218.0,418.82,16.11,0.0182,48.38,2010-08-08 15:55:00,2011-01-20 12:16:00,165,82.5,United Kingdom,324,3,418.82,2,3,2,232,0,Lost,Very High
12593.0,3,206.0,418.1,19.91,0.0273,59.79,2011-05-05 09:29:00,2011-08-23 12:43:00,110,55.0,France,109,3,418.1,3,3,2,332,1,Regular,High
13073.0,2,261.0,418.08,15.48,0.0769,30.95,2010-09-28 09:27:00,2010-10-24 14:06:00,26,26.0,United Kingdom,411,2,418.08,1,2,2,122,0,Lost,Very High
17701.0,1,109.0,417.95,17.41,,,2011-04-01 12:25:00,2011-04-01 12:25:00,0,,United Kingdom,253,1,417.95,2,1,2,212,0,Lost,Very High
17232.0,2,202.0,417.77,11.94,0.1667,23.88,2011-11-25 12:24:00,2011-12-07 12:21:00,12,12.0,United Kingdom,3,2,417.77,5,2,2,522,1,Regular,Low
16832.0,5,179.0,417.61,19.89,0.0182,99.19,2010-09-07 12:35:00,2011-06-08 15:36:00,274,68.5,United Kingdom,184,5,417.61,3,4,2,342,1,Regular,Very High
14762.0,2,428.0,417.57,13.92,0.0055,27.79,2010-03-23 15:36:00,2011-03-21 08:20:00,363,363.0,United Kingdom,264,2,417.57,2,2,2,222,0,Lost,Very High
12833.0,1,156.0,417.38,17.39,,,2011-07-17 13:46:00,2011-07-17 13:46:00,0,,United Kingdom,145,1,417.38,3,1,2,312,1,Regular,High
17258.0,2,188.0,417.3,7.59,0.0074,15.11,2010-02-12 15:51:00,2010-11-08 12:37:00,269,269.0,United Kingdom,397,2,417.3,2,2,2,222,0,Lost,Very High
16816.0,4,274.0,417.06,14.9,0.0157,59.65,2010-12-16 17:01:00,2011-08-28 14:16:00,255,85.0,United Kingdom,103,4,417.06,3,4,2,342,1,Regular,High
15935.0,2,115.0,416.86,34.74,1.0,69.48,2011-04-12 09:35:00,2011-04-14 13:27:00,2,2.0,United Kingdom,239,2,416.86,2,2,2,222,1,Regular,Very High
16957.0,2,172.0,416.64,26.04,0.0476,52.06,2011-03-03 09:25:00,2011-04-14 13:56:00,42,42.0,United Kingdom,239,2,416.64,2,2,2,222,1,Regular,Very High
15011.0,2,289.0,416.6,20.83,0.0952,41.64,2010-10-19 12:05:00,2010-11-09 11:10:00,21,21.0,United Kingdom,396,2,416.6,2,2,2,222,0,Lost,Very High
16355.0,1,179.0,416.35,8.67,,,2010-11-29 14:21:00,2010-11-29 14:21:00,0,,United Kingdom,375,1,416.35,2,1,2,212,0,Lost,Very High
16356.0,6,190.0,415.87,7.05,0.0169,42.18,2010-06-06 11:26:00,2011-05-26 11:51:00,354,70.8,United Kingdom,198,6,415.87,2,4,2,242,1,Regular,Very High
12930.0,2,252.0,415.8,16.63,0.0215,33.25,2011-06-21 13:25:00,2011-09-22 15:18:00,93,93.0,United Kingdom,78,2,415.8,3,2,2,322,1,Regular,Medium
12608.0,1,323.0,415.79,25.99,,,2010-10-31 10:49:00,2010-10-31 10:49:00,0,,United Kingdom,405,1,415.79,2,1,2,212,0,Lost,Very High
15725.0,1,221.0,415.25,12.98,,,2011-11-24 14:51:00,2011-11-24 14:51:00,0,,United Kingdom,15,1,415.25,5,1,2,512,1,Regular,Low
14333.0,1,58.0,415.2,27.68,,,2011-10-03 10:38:00,2011-10-03 10:38:00,0,,United Kingdom,68,1,415.2,3,1,2,312,1,Regular,Medium
13565.0,3,260.0,414.8,6.91,0.0077,20.86,2010-10-24 15:51:00,2011-11-20 14:33:00,392,196.0,United Kingdom,19,3,414.8,4,3,2,432,1,Regular,Low
18278.0,2,140.0,414.2,17.26,0.006,34.28,2010-10-31 12:13:00,2011-09-27 11:58:00,331,331.0,United Kingdom,74,2,414.2,3,2,2,322,1,Regular,Medium
13002.0,3,201.0,414.13,18.01,0.0259,54.11,2010-10-01 11:58:00,2011-01-25 15:18:00,116,58.0,United Kingdom,318,3,414.13,2,3,2,232,0,Lost,Very High
13669.0,3,393.0,413.55,29.54,0.0084,88.58,2010-10-28 15:05:00,2011-10-20 09:32:00,357,178.5,United Kingdom,51,3,413.55,4,3,2,432,1,Regular,Medium
14082.0,2,246.0,413.36,6.36,0.0714,12.71,2010-11-12 11:47:00,2010-12-10 11:02:00,28,28.0,United Kingdom,365,2,413.36,2,2,2,222,0,Lost,Very High
17601.0,2,295.0,413.08,5.74,0.0142,11.49,2010-11-24 14:29:00,2011-04-14 18:02:00,141,141.0,United Kingdom,239,2,413.08,2,2,2,222,1,Regular,Very High
17767.0,2,198.0,413.05,10.59,0.0051,21.33,2010-10-25 16:22:00,2011-11-24 14:42:00,395,395.0,United Kingdom,15,2,413.05,5,2,2,522,1,Regular,Low
17662.0,2,184.0,412.92,27.53,0.0328,55.08,2009-12-17 09:54:00,2010-02-16 09:38:00,61,61.0,United Kingdom,662,2,412.92,1,2,2,122,0,Lost,Very High
14620.0,2,214.0,412.78,15.88,0.0256,31.71,2011-03-01 08:30:00,2011-05-18 11:58:00,78,78.0,United Kingdom,206,2,412.78,2,2,2,222,1,Regular,Very High
16932.0,3,217.0,412.55,3.1,0.0058,9.31,2010-05-17 14:15:00,2011-10-17 14:12:00,518,259.0,United Kingdom,53,3,412.55,4,3,2,432,1,Regular,Medium
18050.0,2,250.0,412.06,17.92,0.0588,35.83,2010-11-11 15:51:00,2010-12-15 14:25:00,34,34.0,United Kingdom,359,2,412.06,2,2,2,222,0,Lost,Very High
16272.0,1,224.0,411.7,16.47,,,2011-08-15 10:53:00,2011-08-15 10:54:00,0,,United Kingdom,117,1,411.7,3,1,2,312,1,Regular,High
15960.0,4,258.0,410.95,15.81,0.0656,63.27,2010-09-30 15:50:00,2010-11-30 15:57:00,61,20.33,United Kingdom,374,4,410.95,2,4,2,242,0,Lost,Very High
18011.0,2,125.0,410.79,6.52,0.0103,13.03,2010-05-21 13:28:00,2010-12-01 17:35:00,194,194.0,United Kingdom,373,2,410.79,2,2,2,222,0,Lost,Very High
15099.0,1,343.0,410.48,17.85,,,2011-09-16 13:13:00,2011-09-16 13:13:00,0,,United Kingdom,84,1,410.48,3,1,2,312,1,Regular,Medium
17598.0,1,126.0,409.98,41.0,,,2010-11-23 17:43:00,2010-11-23 17:43:00,0,,United Kingdom,381,1,409.98,2,1,2,212,0,Lost,Very High
13827.0,3,138.0,409.8,4.45,0.0349,13.36,2011-07-19 15:38:00,2011-10-13 12:38:00,86,43.0,United Kingdom,58,3,409.8,4,3,2,432,1,Regular,Medium
14581.0,2,304.0,409.65,6.83,0.0038,13.7,2010-06-13 15:48:00,2011-11-23 12:39:00,528,528.0,United Kingdom,17,2,409.65,5,2,2,522,1,Regular,Low
14348.0,1,183.0,409.57,22.75,,,2011-03-24 16:23:00,2011-03-24 16:23:00,0,,United Kingdom,260,1,409.57,2,1,2,212,0,Lost,Very High
15225.0,1,226.0,409.4,17.8,,,2011-04-19 14:51:00,2011-04-19 14:51:00,0,,United Kingdom,234,1,409.4,2,1,2,212,1,Regular,Very High
16864.0,2,283.0,409.25,24.07,0.0122,48.16,2010-04-20 11:56:00,2010-10-01 16:16:00,164,164.0,United Kingdom,434,2,409.25,1,2,2,122,0,Lost,Very High
16921.0,3,275.0,409.21,4.65,0.0056,14.04,2010-04-18 15:34:00,2011-10-09 16:22:00,539,269.5,United Kingdom,61,3,409.21,3,3,2,332,1,Regular,Medium
16243.0,2,110.0,409.1,8.02,0.0952,16.03,2011-10-16 12:09:00,2011-11-06 12:32:00,21,21.0,United Kingdom,34,2,409.1,4,2,2,422,1,Regular,Medium
13686.0,3,378.0,409.04,12.03,0.0137,36.09,2010-11-03 13:44:00,2011-06-10 09:10:00,219,109.5,United Kingdom,183,3,409.04,3,3,2,332,1,Regular,Very High
12974.0,2,104.0,408.95,12.78,0.0054,25.4,2010-05-23 11:45:00,2011-05-26 09:33:00,368,368.0,United Kingdom,198,2,408.95,2,2,2,222,1,Regular,Very High
16629.0,2,489.0,408.63,6.81,0.087,13.63,2011-09-04 16:12:00,2011-09-27 10:34:00,23,23.0,United Kingdom,74,2,408.63,3,2,2,322,1,Regular,Medium
16324.0,3,270.0,408.59,3.68,0.0612,11.04,2011-06-15 14:26:00,2011-08-03 12:58:00,49,24.5,United Kingdom,128,3,408.59,3,3,2,332,1,Regular,High
17285.0,2,134.0,407.94,9.27,0.0571,18.53,2010-02-14 14:10:00,2010-03-21 13:38:00,35,35.0,United Kingdom,628,2,407.94,1,2,2,122,0,Lost,Very High
12353.0,2,212.0,406.76,16.95,0.0098,33.89,2010-10-27 12:44:00,2011-05-19 17:47:00,204,204.0,Bahrain,204,2,406.76,2,2,2,222,1,Regular,Very High
16632.0,2,256.0,406.4,15.05,0.0208,30.05,2010-05-07 16:46:00,2010-08-11 11:39:00,96,96.0,United Kingdom,486,2,406.4,1,2,2,122,0,Lost,Very High
17000.0,2,305.0,406.3,13.54,0.1667,27.09,2010-10-27 14:16:00,2010-11-08 13:35:00,12,12.0,United Kingdom,396,2,406.3,2,2,2,222,0,Lost,Very High
15342.0,1,283.0,406.09,16.92,,,2011-08-02 10:19:00,2011-08-02 10:19:00,0,,United Kingdom,130,1,406.09,3,1,2,312,1,Regular,High
12741.0,2,214.0,406.07,25.38,0.5,50.76,2010-06-24 16:24:00,2010-06-28 14:36:00,4,4.0,USA,529,2,406.07,1,2,2,122,0,Lost,Very High
16815.0,2,237.0,406.02,5.56,0.0241,11.12,2010-06-21 12:05:00,2010-09-12 10:59:00,83,83.0,United Kingdom,454,2,406.02,1,2,2,122,0,Lost,Very High
18111.0,1,232.0,405.85,15.03,,,2010-04-29 12:58:00,2010-04-29 12:58:00,0,,United Kingdom,589,1,405.85,1,1,2,112,0,Lost,Very High
12922.0,1,370.0,405.38,14.48,,,2011-07-01 15:35:00,2011-07-01 15:35:00,0,,United Kingdom,161,1,405.38,3,1,2,312,1,Regular,High
13143.0,1,198.0,405.1,17.61,,,2010-05-04 12:22:00,2010-05-04 12:22:00,0,,United Kingdom,585,1,405.1,1,1,2,112,0,Lost,Very High
13640.0,1,108.0,405.0,101.25,,,2010-04-07 15:33:00,2010-04-07 15:33:00,0,,United Kingdom,611,1,405.0,1,1,2,112,0,Lost,Very High
15941.0,1,60.0,405.0,67.5,,,2010-03-12 14:45:00,2010-03-12 14:45:00,0,,United Kingdom,637,1,405.0,1,1,2,112,0,Lost,Very High
15968.0,1,247.0,404.55,5.06,,,2010-11-16 13:04:00,2010-11-16 13:04:00,0,,United Kingdom,388,1,404.55,2,1,2,212,0,Lost,Very High
13574.0,1,304.0,404.45,4.44,,,2010-10-24 13:28:00,2010-10-24 13:28:00,0,,United Kingdom,411,1,404.45,1,1,2,112,0,Lost,Very High
16319.0,1,72.0,404.4,134.8,,,2011-05-06 11:27:00,2011-05-06 11:27:00,0,,United Kingdom,218,1,404.4,2,1,2,212,1,Regular,Very High
16484.0,2,200.0,404.3,16.17,0.1176,32.33,2011-06-02 10:39:00,2011-06-19 12:06:00,17,17.0,United Kingdom,174,2,404.3,3,2,2,322,1,Regular,High
12498.0,3,159.0,403.7,17.55,0.0833,52.63,2011-10-13 09:30:00,2011-11-18 12:53:00,36,18.0,Germany,21,3,403.7,4,3,2,432,1,Regular,Low
14678.0,1,179.0,403.39,16.81,,,2010-05-09 14:32:00,2010-05-09 14:32:00,0,,United Kingdom,579,1,403.39,1,1,2,112,0,Lost,Very High
17785.0,3,227.0,403.38,7.91,0.0059,23.89,2010-05-23 13:01:00,2011-10-17 13:43:00,512,256.0,United Kingdom,53,3,403.38,4,3,2,432,1,Regular,Medium
17431.0,1,292.0,403.3,9.38,,,2011-01-30 14:36:00,2011-01-30 14:36:00,0,,United Kingdom,313,1,403.3,2,1,2,212,0,Lost,Very High
13530.0,1,272.0,402.98,22.39,,,2010-03-15 14:10:00,2010-03-15 14:10:00,0,,United Kingdom,634,1,402.98,1,1,2,112,0,Lost,Very High
16315.0,2,143.0,402.71,17.51,0.0097,34.99,2010-06-21 13:53:00,2011-01-13 11:57:00,206,206.0,United Kingdom,331,2,402.71,2,2,2,222,0,Lost,Very High
15504.0,4,141.0,402.7,6.29,0.0068,24.98,2010-02-12 12:34:00,2011-09-19 13:45:00,584,194.67,United Kingdom,81,4,402.7,3,4,2,342,1,Regular,Medium
17094.0,2,212.0,402.2,22.34,0.0198,44.68,2010-10-12 10:48:00,2011-01-21 13:09:00,101,101.0,United Kingdom,322,2,402.2,2,2,2,222,0,Lost,Very High
16998.0,5,104.0,402.0,67.0,0.0169,334.03,2010-09-21 14:39:00,2011-07-13 09:44:00,295,73.75,United Kingdom,150,5,402.0,3,4,2,342,1,Regular,High
12386.0,2,354.0,401.9,40.19,0.069,80.42,2010-12-08 09:53:00,2011-01-06 12:37:00,29,29.0,Australia,338,2,401.9,2,2,2,222,0,Lost,Very High
14494.0,3,210.0,401.46,23.62,0.0042,70.04,2009-12-08 13:25:00,2011-11-14 09:21:00,706,353.0,United Kingdom,26,3,401.46,4,3,2,432,1,Regular,Low
14471.0,2,187.0,400.95,9.78,0.0142,19.58,2009-12-07 12:26:00,2010-04-27 17:12:00,141,141.0,United Kingdom,591,2,400.95,1,2,2,122,0,Lost,Very High
17168.0,1,220.0,400.2,19.06,,,2010-07-29 12:33:00,2010-07-29 12:33:00,0,,United Kingdom,499,1,400.2,1,1,2,112,0,Lost,Very High
14358.0,2,338.0,400.06,16.0,0.0513,32.01,2010-10-07 17:26:00,2010-11-15 15:51:00,39,39.0,United Kingdom,389,2,400.06,2,2,2,222,0,Lost,Very High
15501.0,2,205.0,399.95,5.8,0.1818,11.6,2010-10-20 12:47:00,2010-10-31 11:15:00,11,11.0,United Kingdom,405,2,399.95,2,2,2,222,0,Lost,Very High
15446.0,3,265.0,399.75,3.57,0.0086,10.75,2009-12-13 13:53:00,2010-11-28 11:59:00,350,175.0,United Kingdom,377,3,399.75,2,3,2,232,0,Lost,Very High
18164.0,1,184.0,399.65,16.65,,,2011-11-02 12:56:00,2011-11-02 12:56:00,0,,United Kingdom,37,1,399.65,4,1,2,412,1,Regular,Medium
13252.0,2,134.0,399.3,21.02,0.0087,42.24,2010-03-24 10:30:00,2010-11-10 16:00:00,231,231.0,United Kingdom,394,2,399.3,2,2,2,222,0,Lost,Very High
18128.0,1,216.0,399.29,9.51,,,2010-06-20 13:19:00,2010-06-20 13:19:00,0,,United Kingdom,537,1,399.29,1,1,2,112,0,Lost,Very High
17052.0,1,251.0,399.09,4.81,,,2011-11-11 14:50:00,2011-11-11 14:50:00,0,,United Kingdom,28,1,399.09,4,1,2,412,1,Regular,Low
17830.0,3,92.0,398.7,17.33,0.0105,52.22,2011-02-24 10:15:00,2011-12-08 12:28:00,287,143.5,United Kingdom,2,3,398.7,5,3,2,532,1,Regular,Low
15522.0,2,572.0,397.99,7.11,0.0364,14.23,2011-09-13 12:26:00,2011-11-07 11:26:00,55,55.0,United Kingdom,33,2,397.99,4,2,2,422,1,Regular,Medium
13352.0,1,321.0,397.98,16.58,,,2011-10-10 13:55:00,2011-10-10 13:55:00,0,,United Kingdom,60,1,397.98,3,1,2,312,1,Regular,Medium
12508.0,2,271.0,397.88,5.85,0.6667,11.7,2011-11-10 16:27:00,2011-11-13 15:37:00,3,3.0,France,26,2,397.88,4,2,2,422,1,Regular,Low
15037.0,2,298.0,397.76,8.84,,,2010-11-28 12:14:00,2010-11-28 13:05:00,0,0.0,United Kingdom,376,2,397.76,2,2,2,222,0,Lost,Very High
15280.0,3,507.0,397.52,6.63,0.0075,19.84,2010-05-17 14:17:00,2011-06-20 17:14:00,399,199.5,United Kingdom,172,3,397.52,3,3,2,332,1,Regular,High
15429.0,2,380.0,397.35,4.85,0.0408,9.7,2011-09-25 13:42:00,2011-11-13 12:28:00,49,49.0,United Kingdom,27,2,397.35,4,2,2,422,1,Regular,Low
17789.0,2,199.0,397.15,13.69,0.0053,27.57,2010-02-16 13:16:00,2011-03-03 13:14:00,380,380.0,United Kingdom,281,2,397.15,2,2,2,222,0,Lost,Very High
12824.0,1,232.0,397.12,15.88,,,2011-10-11 12:49:00,2011-10-11 12:49:00,0,,United Kingdom,60,1,397.12,3,1,2,312,1,Regular,Medium
17486.0,1,191.0,396.87,16.54,,,2011-03-23 14:00:00,2011-03-23 14:00:00,0,,United Kingdom,261,1,396.87,2,1,2,212,0,Lost,Very High
13597.0,2,231.0,396.71,23.34,1.0,46.68,2010-11-02 09:30:00,2010-11-04 14:54:00,2,2.0,United Kingdom,400,2,396.71,2,2,2,222,0,Lost,Very High
15883.0,2,223.0,396.48,8.09,0.0645,16.18,2011-11-06 14:50:00,2011-12-07 17:05:00,31,31.0,United Kingdom,2,2,396.48,5,2,2,522,1,Regular,Low
17918.0,3,352.0,396.39,9.91,0.6,29.73,2010-07-22 14:20:00,2010-07-27 11:51:00,5,2.5,United Kingdom,501,3,396.39,1,3,2,132,0,Lost,Very High
18067.0,1,189.0,396.33,10.71,,,2011-10-30 15:58:00,2011-10-30 15:58:00,0,,United Kingdom,40,1,396.33,4,1,2,412,1,Regular,Medium
15577.0,5,120.0,396.03,6.71,0.0087,33.57,2009-12-13 16:17:00,2011-07-11 17:03:00,575,143.75,United Kingdom,151,5,396.03,3,4,2,342,1,Regular,High
13879.0,1,204.0,395.5,15.82,,,2010-03-04 10:49:00,2010-03-04 10:49:00,0,,United Kingdom,646,1,395.5,1,1,2,112,0,Lost,Very High
13083.0,3,307.0,395.43,17.97,0.0071,53.71,2010-10-10 13:38:00,2011-12-05 15:01:00,421,210.5,United Kingdom,4,3,395.43,5,3,2,532,1,Regular,Low
12677.0,2,176.0,395.1,18.81,0.018,37.58,2010-02-11 13:55:00,2010-06-02 14:30:00,111,111.0,France,555,2,395.1,1,2,2,122,0,Lost,Very High
16538.0,3,254.0,395.07,9.64,0.0556,28.94,2010-04-23 16:25:00,2010-06-16 16:59:00,54,27.0,United Kingdom,541,3,395.07,1,3,2,132,0,Lost,Very High
18048.0,3,256.0,394.93,6.69,0.0103,19.98,2010-08-03 13:03:00,2011-05-20 14:58:00,290,145.0,United Kingdom,203,3,394.93,2,3,2,232,1,Regular,Very High
16207.0,1,140.0,394.38,20.76,,,2011-11-14 13:51:00,2011-11-14 13:51:00,0,,United Kingdom,25,1,394.38,4,1,2,412,1,Regular,Low
15386.0,1,446.0,394.14,12.71,,,2011-06-06 13:47:00,2011-06-06 13:47:00,0,,United Kingdom,186,1,394.14,3,1,2,312,1,Regular,Very High
12499.0,1,302.0,393.72,14.58,,,2010-05-28 15:12:00,2010-05-28 15:12:00,0,,Germany,560,1,393.72,1,1,2,112,0,Lost,Very High
17300.0,2,467.0,393.64,8.95,0.022,17.92,2010-08-15 11:02:00,2010-11-14 10:56:00,91,91.0,United Kingdom,391,2,393.64,2,2,2,222,0,Lost,Very High
15345.0,1,81.0,393.54,19.68,,,2011-10-25 11:28:00,2011-10-25 11:28:00,0,,United Kingdom,46,1,393.54,4,1,2,412,1,Regular,Medium
15437.0,2,177.0,393.45,6.9,0.0053,13.82,2010-03-09 10:45:00,2011-03-22 13:11:00,378,378.0,United Kingdom,262,2,393.45,2,2,2,222,0,Lost,Very High
17563.0,2,256.0,392.38,13.53,0.0606,27.06,2010-04-07 10:02:00,2010-05-10 14:54:00,33,33.0,United Kingdom,578,2,392.38,1,2,2,122,0,Lost,Very High
18110.0,2,169.0,392.28,5.45,0.0051,10.9,2010-10-24 14:21:00,2011-11-20 12:34:00,392,392.0,United Kingdom,20,2,392.28,4,2,2,422,1,Regular,Low
16827.0,5,125.0,392.13,32.68,0.0255,163.33,2010-04-29 19:07:00,2010-11-11 14:04:00,196,49.0,United Kingdom,393,5,392.13,2,4,2,242,0,Lost,Very High
16783.0,1,163.0,391.95,15.68,,,2010-09-29 11:53:00,2010-09-29 11:53:00,0,,United Kingdom,437,1,391.95,1,1,2,112,0,Lost,Very High
14072.0,1,65.0,390.85,20.57,,,2010-02-11 12:31:00,2010-02-11 12:31:00,0,,United Kingdom,667,1,390.85,1,1,2,112,0,Lost,Very High
14197.0,1,143.0,390.05,19.5,,,2010-10-25 10:01:00,2010-10-25 10:01:00,0,,United Kingdom,411,1,390.05,1,1,2,112,0,Lost,Very High
17116.0,1,392.0,389.78,8.29,,,2010-03-01 16:29:00,2010-03-01 16:29:00,0,,United Kingdom,648,1,389.78,1,1,2,112,0,Lost,Very High
18024.0,2,184.0,389.78,18.56,,,2011-07-10 12:28:00,2011-07-10 12:40:00,0,0.0,United Kingdom,153,2,389.78,3,2,2,322,1,Regular,High
17379.0,1,623.0,389.72,5.0,,,2011-11-28 13:56:00,2011-11-28 13:56:00,0,,United Kingdom,11,1,389.72,5,1,2,512,1,Regular,Low
14752.0,1,260.0,389.64,77.93,,,2011-10-27 11:55:00,2011-10-27 11:55:00,0,,United Kingdom,44,1,389.64,4,1,2,412,1,Regular,Medium
13345.0,1,141.0,389.5,19.48,,,2011-02-25 09:01:00,2011-02-25 09:01:00,0,,United Kingdom,288,1,389.5,2,1,2,212,0,Lost,Very High
17479.0,1,266.0,389.26,21.63,,,2010-03-17 09:26:00,2010-03-17 09:26:00,0,,United Kingdom,633,1,389.26,1,1,2,112,0,Lost,Very High
17286.0,3,368.0,389.18,4.32,0.0079,12.93,2010-11-04 13:43:00,2011-11-18 12:47:00,379,189.5,United Kingdom,22,3,389.18,4,3,2,432,1,Regular,Low
12690.0,1,106.0,389.01,24.31,,,2011-05-18 09:09:00,2011-05-18 09:09:00,0,,France,206,1,389.01,2,1,2,212,1,Regular,Very High
18227.0,2,22.0,388.75,64.79,0.0075,129.74,2010-08-12 16:45:00,2011-05-06 12:23:00,267,267.0,United Kingdom,218,2,388.75,2,2,2,222,1,Regular,Very High
15592.0,1,354.0,388.58,16.19,,,2011-10-24 08:59:00,2011-10-24 08:59:00,0,,United Kingdom,47,1,388.58,4,1,2,412,1,Regular,Medium
13896.0,1,149.0,388.55,18.5,,,2010-03-24 08:55:00,2010-03-24 08:55:00,0,,United Kingdom,626,1,388.55,1,1,2,112,0,Lost,Very High
13899.0,2,156.0,388.52,20.45,0.0078,41.15,2011-03-10 09:30:00,2011-11-23 13:40:00,258,258.0,United Kingdom,16,2,388.52,5,2,2,522,1,Regular,Low
13673.0,2,114.0,387.44,6.46,0.1429,12.92,2011-11-07 15:40:00,2011-11-21 12:11:00,14,14.0,United Kingdom,19,2,387.44,4,2,2,422,1,Regular,Low
17771.0,4,373.0,387.41,5.61,0.0075,22.43,2010-04-29 13:21:00,2011-10-14 11:43:00,533,177.67,United Kingdom,57,4,387.41,4,4,2,442,1,Regular,Medium
17595.0,2,228.0,386.69,4.72,0.08,9.44,2011-11-02 16:19:00,2011-11-27 16:08:00,25,25.0,United Kingdom,12,2,386.69,5,2,2,522,1,Regular,Low
16148.0,2,250.0,386.62,42.96,0.0143,86.01,2010-09-29 10:12:00,2011-02-16 14:01:00,140,140.0,United Kingdom,296,2,386.62,2,2,2,222,0,Lost,Very High
17614.0,1,235.0,386.32,3.94,,,2011-10-13 16:01:00,2011-10-13 16:01:00,0,,United Kingdom,57,1,386.32,4,1,2,412,1,Regular,Medium
14779.0,3,84.0,386.15,9.42,0.0698,28.27,2011-01-20 12:04:00,2011-03-04 12:42:00,43,21.5,United Kingdom,281,3,386.15,2,3,2,232,0,Lost,Very High
13584.0,3,360.0,385.7,4.82,0.0081,14.41,2010-02-02 08:40:00,2011-02-06 12:49:00,369,184.5,United Kingdom,307,3,385.7,2,3,2,232,0,Lost,Very High
16492.0,1,235.0,385.56,16.76,,,2010-06-17 08:20:00,2010-06-17 08:20:00,0,,United Kingdom,541,1,385.56,1,1,2,112,0,Lost,Very High
12973.0,1,31.0,385.55,64.26,,,2010-10-22 10:14:00,2010-10-22 10:14:00,0,,United Kingdom,414,1,385.55,1,1,2,112,0,Lost,Very High
12889.0,4,124.0,385.46,15.42,0.0331,61.76,2010-07-25 14:32:00,2010-11-23 16:08:00,121,40.33,United Kingdom,381,4,385.46,2,4,2,242,0,Lost,Very High
12829.0,3,550.0,385.3,20.28,0.014,60.76,2010-06-07 15:04:00,2011-01-07 11:13:00,214,107.0,United Kingdom,337,3,385.3,2,3,2,232,0,Lost,Very High
14826.0,2,152.0,385.2,38.52,0.0175,76.85,2010-01-13 13:08:00,2010-05-07 09:00:00,114,114.0,United Kingdom,582,2,385.2,1,2,2,122,0,Lost,Very High
17617.0,1,249.0,385.19,21.4,,,2010-05-30 12:48:00,2010-05-30 12:48:00,0,,United Kingdom,559,1,385.19,1,1,2,112,0,Lost,Very High
17711.0,2,246.0,385.1,16.74,0.0072,33.63,2011-02-23 11:32:00,2011-11-29 11:40:00,279,279.0,United Kingdom,11,2,385.1,5,2,2,522,1,Regular,Low
17171.0,2,225.0,384.59,15.38,0.0054,30.9,2010-02-16 12:02:00,2011-02-23 16:37:00,372,372.0,United Kingdom,289,2,384.59,2,2,2,222,0,Lost,Very High
16868.0,3,112.0,384.56,7.69,0.0151,23.11,2010-04-25 11:31:00,2010-11-10 13:17:00,199,99.5,United Kingdom,394,3,384.56,2,3,2,232,0,Lost,Very High
16433.0,2,214.0,384.52,11.31,0.0053,22.78,2010-10-27 12:26:00,2011-11-11 14:09:00,380,380.0,United Kingdom,28,2,384.52,4,2,2,422,1,Regular,Low
17357.0,2,152.0,384.39,8.74,,,2011-11-15 16:29:00,2011-11-15 16:30:00,0,0.0,United Kingdom,24,2,384.39,4,2,2,422,1,Regular,Low
13966.0,1,760.0,384.26,18.3,,,2010-09-30 13:08:00,2010-09-30 13:08:00,0,,United Kingdom,435,1,384.26,1,1,2,112,0,Lost,Very High
16982.0,1,182.0,384.06,17.46,,,2011-10-10 12:28:00,2011-10-10 12:28:00,0,,United Kingdom,61,1,384.06,3,1,2,312,1,Regular,Medium
14598.0,2,354.0,384.04,4.27,0.0038,8.52,2010-05-19 13:07:00,2011-10-26 13:19:00,525,525.0,United Kingdom,44,2,384.04,4,2,2,422,1,Regular,Medium
15155.0,1,192.0,383.97,16.0,,,2010-11-21 12:59:00,2010-11-21 12:59:00,0,,United Kingdom,383,1,383.97,2,1,2,212,0,Lost,Very High
13792.0,3,156.0,383.95,16.69,0.0084,49.91,2010-10-13 11:05:00,2011-10-04 14:31:00,356,178.0,United Kingdom,66,3,383.95,3,3,2,332,1,Regular,Medium
17804.0,3,194.0,383.78,4.22,0.0083,12.68,2009-12-01 12:22:00,2010-11-28 14:01:00,362,181.0,United Kingdom,376,3,383.78,2,3,2,232,0,Lost,Very High
12515.0,1,131.0,383.7,23.98,,,2010-12-21 15:43:00,2010-12-21 15:43:00,0,,Italy,353,1,383.7,2,1,2,212,0,Lost,Very High
15440.0,3,197.0,383.68,6.19,0.0195,18.59,2011-05-15 11:30:00,2011-10-16 12:16:00,154,77.0,United Kingdom,55,3,383.68,4,3,2,432,1,Regular,Medium
12547.0,3,309.0,383.58,18.27,0.0099,54.8,2010-07-27 13:55:00,2011-05-26 12:38:00,303,151.5,Spain,198,3,383.58,2,3,2,232,1,Regular,Very High
12832.0,2,195.0,383.03,14.19,0.0303,28.38,2011-09-02 13:48:00,2011-11-07 13:30:00,66,66.0,United Kingdom,32,2,383.03,4,2,2,422,1,Regular,Medium
13817.0,2,211.0,382.98,15.96,0.0062,31.86,2010-12-23 11:46:00,2011-11-10 17:49:00,322,322.0,Germany,29,2,382.98,4,2,2,422,1,Regular,Low
17403.0,2,188.0,382.87,8.51,0.0048,16.91,2010-09-15 12:29:00,2011-11-03 15:18:00,414,414.0,United Kingdom,36,2,382.87,4,2,2,422,1,Regular,Medium
14767.0,1,117.0,382.81,21.27,,,2010-08-22 14:54:00,2010-08-22 14:54:00,0,,United Kingdom,474,1,382.81,1,1,2,112,0,Lost,Very High
16988.0,2,158.0,382.67,19.13,0.0053,37.92,2010-11-25 09:22:00,2011-12-04 16:02:00,374,374.0,United Kingdom,5,2,382.67,5,2,2,522,1,Regular,Low
13657.0,2,209.0,382.14,23.88,0.0105,47.89,2011-05-22 12:35:00,2011-11-29 12:32:00,191,191.0,United Kingdom,11,2,382.14,5,2,2,522,1,Regular,Low
17753.0,4,124.0,382.06,5.54,0.0168,22.15,2010-01-06 14:20:00,2010-09-01 15:49:00,238,79.33,United Kingdom,464,4,382.06,1,4,2,142,0,Lost,Very High
17250.0,2,167.0,381.97,6.82,0.0078,13.72,2011-03-23 16:45:00,2011-12-06 12:15:00,258,258.0,United Kingdom,4,2,381.97,5,2,2,522,1,Regular,Low
14908.0,2,182.0,381.9,27.28,0.0051,54.12,2010-09-02 16:39:00,2011-09-26 12:56:00,389,389.0,United Kingdom,74,2,381.9,3,2,2,322,1,Regular,Medium
16304.0,1,228.0,381.66,15.27,,,2010-01-14 08:30:00,2010-01-14 08:30:00,0,,United Kingdom,695,1,381.66,1,1,2,112,0,Lost,Very High
15090.0,1,208.0,381.32,16.58,,,2011-02-04 14:03:00,2011-02-04 14:03:00,0,,United Kingdom,308,1,381.32,2,1,2,212,0,Lost,Very High
17393.0,2,238.0,381.15,7.94,0.0256,15.85,2010-08-08 15:53:00,2010-10-25 11:10:00,78,78.0,United Kingdom,411,2,381.15,1,2,2,122,0,Lost,Very High
17903.0,1,142.0,381.09,8.47,,,2010-11-10 15:39:00,2010-11-10 15:39:00,0,,United Kingdom,394,1,381.09,2,1,2,212,0,Lost,Very High
12796.0,1,182.0,381.0,54.43,,,2010-03-21 15:49:00,2010-03-21 15:49:00,0,,Netherlands,628,1,381.0,1,1,2,112,0,Lost,Very High
15048.0,4,192.0,381.0,4.05,0.0132,16.2,2010-12-06 12:15:00,2011-10-05 14:55:00,303,101.0,United Kingdom,65,4,381.0,3,4,2,342,1,Regular,Medium
17573.0,3,308.0,380.6,15.22,0.0469,45.68,2011-09-07 10:36:00,2011-11-10 13:01:00,64,32.0,United Kingdom,29,3,380.6,4,3,2,432,1,Regular,Low
17936.0,1,257.0,380.13,5.28,,,2011-12-04 13:32:00,2011-12-04 13:32:00,0,,United Kingdom,5,1,380.13,5,1,2,512,1,Regular,Low
14731.0,3,256.0,380.02,8.44,0.0182,25.35,2011-05-11 13:06:00,2011-10-23 15:54:00,165,82.5,United Kingdom,47,3,380.02,4,3,2,432,1,Regular,Medium
16577.0,1,142.0,380.0,16.52,,,2010-02-11 09:45:00,2010-02-11 09:45:00,0,,United Kingdom,667,1,380.0,1,1,2,112,0,Lost,Very High
16552.0,2,219.0,379.73,22.34,0.0153,44.78,2010-12-01 12:36:00,2011-04-11 10:04:00,131,131.0,United Kingdom,243,2,379.73,2,2,2,222,1,Regular,Very High
14200.0,1,140.0,379.2,18.06,,,2010-04-01 13:01:00,2010-04-01 13:01:00,0,,United Kingdom,617,1,379.2,1,1,2,112,0,Lost,Very High
16909.0,1,436.0,379.14,21.06,,,2011-09-28 16:45:00,2011-09-28 16:45:00,0,,United Kingdom,72,1,379.14,3,1,2,312,1,Regular,Medium
16930.0,3,339.0,378.89,7.15,0.0714,21.44,2011-10-02 14:25:00,2011-11-13 16:13:00,42,21.0,United Kingdom,26,3,378.89,4,3,2,432,1,Regular,Low
13372.0,1,159.0,378.64,16.46,,,2011-09-11 12:46:00,2011-09-11 12:46:00,0,,United Kingdom,90,1,378.64,3,1,2,312,1,Regular,Medium
17078.0,2,788.0,378.2,13.51,,,2011-11-03 18:49:00,2011-11-03 19:17:00,0,0.0,United Kingdom,36,2,378.2,4,2,2,422,1,Regular,Medium
12651.0,4,265.0,377.75,12.59,0.0305,50.3,2010-08-31 15:21:00,2011-01-09 12:46:00,131,43.67,France,335,4,377.75,2,4,2,242,0,Lost,Very High
12941.0,1,381.0,377.49,13.98,,,2009-12-15 13:12:00,2009-12-15 13:12:00,0,,United Kingdom,724,1,377.49,1,1,2,112,0,Lost,Very High
17736.0,3,238.0,377.44,15.1,0.0288,45.23,2011-08-18 14:33:00,2011-11-30 15:36:00,104,52.0,United Kingdom,9,3,377.44,5,3,2,532,1,Regular,Low
17783.0,3,438.0,376.96,4.14,0.0068,12.39,2010-07-15 12:50:00,2011-09-28 16:07:00,440,220.0,United Kingdom,72,3,376.96,3,3,2,332,1,Regular,Medium
17717.0,1,344.0,376.92,14.5,,,2010-10-14 12:54:00,2010-10-14 12:54:00,0,,United Kingdom,421,1,376.92,1,1,2,112,0,Lost,Very High
16544.0,4,150.0,376.7,34.25,0.028,137.14,2010-02-15 13:20:00,2010-07-08 11:11:00,143,47.67,United Kingdom,520,4,376.7,1,4,2,142,0,Lost,Very High
17489.0,2,428.0,376.64,12.99,0.013,26.01,2011-05-11 11:34:00,2011-10-12 08:56:00,154,154.0,United Kingdom,59,2,376.64,3,2,2,322,1,Regular,Medium
14353.0,3,344.0,376.5,15.06,0.0139,45.22,2010-10-04 12:38:00,2011-05-08 16:06:00,216,108.0,United Kingdom,215,3,376.5,2,3,2,232,1,Regular,Very High
13997.0,3,143.0,376.46,8.56,0.0968,25.69,2010-06-07 17:33:00,2010-07-08 18:06:00,31,15.5,United Kingdom,519,3,376.46,1,3,2,132,0,Lost,Very High
14531.0,1,260.0,376.34,12.98,,,2010-08-17 10:16:00,2010-08-17 10:16:00,0,,United Kingdom,480,1,376.34,1,1,2,112,0,Lost,Very High
13688.0,1,130.0,375.5,75.1,,,2010-03-14 14:11:00,2010-03-14 14:11:00,0,,United Kingdom,635,1,375.5,1,1,2,112,0,Lost,Very High
14448.0,2,104.0,375.35,18.77,0.0056,37.31,2010-12-10 17:26:00,2011-11-30 13:50:00,355,355.0,United Kingdom,9,2,375.35,5,2,2,522,1,Regular,Low
14294.0,1,190.0,375.34,16.32,,,2010-10-28 16:25:00,2010-10-28 16:25:00,0,,United Kingdom,407,1,375.34,2,1,2,212,0,Lost,Very High
14067.0,2,361.0,374.7,7.21,0.0606,14.42,2011-09-04 12:00:00,2011-10-07 10:21:00,33,33.0,United Kingdom,64,2,374.7,3,2,2,322,1,Regular,Medium
17912.0,6,215.0,374.55,7.34,0.0923,44.04,2010-11-29 13:53:00,2011-02-02 14:25:00,65,13.0,United Kingdom,310,6,374.55,2,4,2,242,0,Lost,Very High
17568.0,1,275.0,374.45,6.04,,,2010-03-16 16:45:00,2010-03-16 16:45:00,0,,United Kingdom,633,1,374.45,1,1,2,112,0,Lost,Very High
14736.0,2,148.0,374.05,4.25,,,2010-08-11 15:13:00,2010-08-11 15:21:00,0,0.0,United Kingdom,485,2,374.05,1,2,2,122,0,Lost,Very High
13351.0,1,117.0,373.94,23.37,,,2011-10-04 12:55:00,2011-10-04 12:55:00,0,,United Kingdom,66,1,373.94,3,1,2,312,1,Regular,Medium
13283.0,4,204.0,373.36,18.67,0.0069,74.85,2010-03-09 14:36:00,2011-10-11 09:50:00,581,193.67,United Kingdom,60,4,373.36,3,4,2,342,1,Regular,Medium
17810.0,2,118.0,373.16,6.78,0.1333,13.56,2010-01-25 10:26:00,2010-02-09 10:47:00,15,15.0,United Kingdom,669,2,373.16,1,2,2,122,0,Lost,Very High
15337.0,1,200.0,373.02,17.76,,,2010-10-24 15:29:00,2010-10-24 15:29:00,0,,United Kingdom,411,1,373.02,1,1,2,112,0,Lost,Very High
13197.0,1,204.0,373.01,19.63,,,2010-04-09 09:14:00,2010-04-09 09:14:00,0,,United Kingdom,610,1,373.01,1,1,2,112,0,Lost,Very High
14981.0,2,241.0,372.92,16.95,0.0113,33.9,2010-10-12 11:04:00,2011-04-07 13:45:00,177,177.0,United Kingdom,246,2,372.92,2,2,2,222,1,Regular,Very High
12895.0,2,210.0,372.8,16.95,0.0455,33.93,2011-09-14 08:35:00,2011-10-28 13:51:00,44,44.0,United Kingdom,42,2,372.8,4,2,2,422,1,Regular,Medium
12544.0,1,136.0,372.7,19.62,,,2011-11-03 16:15:00,2011-11-03 16:15:00,0,,Spain,36,1,372.7,4,1,2,412,1,Regular,Medium
12981.0,2,242.0,372.22,18.61,0.0192,37.16,2011-07-29 14:14:00,2011-11-10 12:00:00,104,104.0,United Kingdom,30,2,372.22,4,2,2,422,1,Regular,Low
13164.0,2,120.0,372.2,37.22,0.0204,74.41,2010-02-10 11:52:00,2010-05-19 13:52:00,98,98.0,United Kingdom,569,2,372.2,1,2,2,122,0,Lost,Very High
17245.0,2,307.0,371.63,14.87,0.0041,29.57,2010-01-19 15:39:00,2011-05-19 10:43:00,485,485.0,United Kingdom,205,2,371.63,2,2,2,222,1,Regular,Very High
18155.0,3,266.0,371.62,14.86,0.0139,44.62,2011-02-21 10:36:00,2011-09-25 13:32:00,216,108.0,United Kingdom,75,3,371.62,3,3,2,332,1,Regular,Medium
15472.0,1,251.0,371.56,4.89,,,2011-08-18 15:17:00,2011-08-18 15:17:00,0,,United Kingdom,113,1,371.56,3,1,2,312,1,Regular,High
18162.0,1,332.0,371.51,8.08,,,2009-12-07 13:24:00,2009-12-07 13:24:00,0,,United Kingdom,732,1,371.51,1,1,2,112,0,Lost,Very High
14950.0,1,136.0,371.2,19.54,,,2011-11-20 13:48:00,2011-11-20 13:48:00,0,,United Kingdom,19,1,371.2,4,1,2,412,1,Regular,Low
15975.0,1,243.0,371.01,15.46,,,2011-09-16 13:33:00,2011-09-16 13:33:00,0,,United Kingdom,84,1,371.01,3,1,2,312,1,Regular,Medium
15063.0,1,56.0,370.8,74.16,,,2011-05-10 13:25:00,2011-05-10 13:25:00,0,,United Kingdom,213,1,370.8,2,1,2,212,1,Regular,Very High
15765.0,1,335.0,370.63,14.83,,,2010-02-11 10:25:00,2010-02-11 10:25:00,0,,United Kingdom,667,1,370.63,1,1,2,112,0,Lost,Very High
14168.0,2,147.0,370.45,24.7,0.0139,49.44,2010-05-24 12:28:00,2010-10-15 10:49:00,144,144.0,United Kingdom,421,2,370.45,1,2,2,122,0,Lost,Very High
15458.0,2,300.0,370.44,28.5,0.0053,56.95,2010-11-02 19:50:00,2011-11-14 13:08:00,377,377.0,United Kingdom,25,2,370.44,4,2,2,422,1,Regular,Low
17437.0,1,283.0,369.68,7.11,,,2010-06-28 11:11:00,2010-06-28 11:11:00,0,,United Kingdom,530,1,369.68,1,1,2,112,0,Lost,Very High
15922.0,1,138.0,369.5,33.59,,,2010-12-01 13:51:00,2010-12-01 13:51:00,0,,United Kingdom,373,1,369.5,2,1,2,212,0,Lost,Very High
16758.0,1,203.0,369.34,16.79,,,2011-10-05 14:47:00,2011-10-05 14:47:00,0,,United Kingdom,65,1,369.34,3,1,2,312,1,Regular,Medium
14888.0,1,184.0,369.2,18.46,,,2011-05-16 14:58:00,2011-05-16 14:58:00,0,,United Kingdom,207,1,369.2,2,1,2,212,1,Regular,Very High
14172.0,3,78.0,369.02,8.39,0.0811,25.18,2010-03-07 10:58:00,2010-04-13 13:26:00,37,18.5,United Kingdom,605,3,369.02,1,3,2,132,0,Lost,Very High
15477.0,1,216.0,368.4,184.2,,,2010-02-28 10:37:00,2010-02-28 10:37:00,0,,United Kingdom,650,1,368.4,1,1,2,112,0,Lost,Very High
17792.0,2,149.0,368.35,7.08,0.1818,14.16,2010-08-18 13:08:00,2010-08-29 14:30:00,11,11.0,United Kingdom,467,2,368.35,1,2,2,122,0,Lost,Very High
15989.0,2,169.0,368.31,4.28,0.0055,8.52,2009-12-02 15:51:00,2010-11-29 12:03:00,362,362.0,United Kingdom,376,2,368.31,2,2,2,222,0,Lost,Very High
14706.0,1,246.0,367.54,14.7,,,2010-03-31 11:09:00,2010-03-31 11:09:00,0,,United Kingdom,619,1,367.54,1,1,2,112,0,Lost,Very High
14018.0,1,224.0,367.15,28.24,,,2010-03-04 14:23:00,2010-03-04 14:23:00,0,,United Kingdom,645,1,367.15,1,1,2,112,0,Lost,Very High
14962.0,4,123.0,366.91,26.21,0.0127,104.52,2010-05-04 14:57:00,2011-03-14 09:42:00,314,104.67,United Kingdom,271,4,366.91,2,4,2,242,0,Lost,Very High
14244.0,1,814.0,366.42,22.9,,,2010-02-17 11:40:00,2010-02-17 11:40:00,0,,United Kingdom,661,1,366.42,1,1,2,112,0,Lost,Very High
12899.0,1,108.0,366.4,21.55,,,2010-10-22 09:53:00,2010-10-22 09:53:00,0,,United Kingdom,414,1,366.4,1,1,2,112,0,Lost,Very High
17911.0,1,223.0,366.23,9.39,,,2011-11-30 14:52:00,2011-11-30 14:52:00,0,,United Kingdom,9,1,366.23,5,1,2,512,1,Regular,Low
16974.0,2,70.0,365.5,45.69,0.0476,91.34,2010-05-24 10:43:00,2010-07-05 10:18:00,42,42.0,United Kingdom,523,2,365.5,1,2,2,122,0,Lost,Very High
15029.0,1,234.0,365.1,36.51,,,2010-03-30 12:16:00,2010-03-30 12:16:00,0,,United Kingdom,620,1,365.1,1,1,2,112,0,Lost,Very High
13545.0,2,252.0,364.93,6.76,0.013,13.53,2010-06-13 11:49:00,2010-11-14 11:27:00,154,154.0,United Kingdom,391,2,364.93,2,2,2,222,0,Lost,Very High
17536.0,3,201.0,364.83,22.8,0.0059,67.93,2010-01-26 12:00:00,2011-06-15 13:23:00,505,252.5,United Kingdom,177,3,364.83,3,3,2,332,1,Regular,High
14886.0,1,160.0,364.8,20.27,,,2011-04-01 08:56:00,2011-04-01 08:56:00,0,,United Kingdom,253,1,364.8,2,1,2,212,0,Lost,Very High
15949.0,2,284.0,364.72,19.2,0.0364,38.44,2011-09-29 17:34:00,2011-11-23 09:09:00,55,55.0,United Kingdom,17,2,364.72,5,2,2,522,1,Regular,Low
15343.0,1,84.0,364.5,17.36,,,2011-09-13 13:55:00,2011-09-13 13:55:00,0,,United Kingdom,87,1,364.5,3,1,2,312,1,Regular,Medium
15915.0,1,414.0,364.45,3.23,,,2010-11-03 11:13:00,2010-11-03 11:13:00,0,,United Kingdom,402,1,364.45,2,1,2,212,0,Lost,Very High
14528.0,1,278.0,364.22,20.23,,,2011-11-02 17:09:00,2011-11-02 17:09:00,0,,United Kingdom,37,1,364.22,4,1,2,412,1,Regular,Medium
16509.0,1,64.0,363.7,27.98,,,2011-02-16 09:25:00,2011-02-16 09:25:00,0,,United Kingdom,297,1,363.7,2,1,2,212,0,Lost,Very High
14253.0,2,88.0,363.4,30.28,0.0154,60.62,2010-03-26 15:08:00,2010-08-03 14:55:00,130,130.0,United Kingdom,493,2,363.4,1,2,2,122,0,Lost,Very High
14594.0,2,183.0,363.33,6.99,0.0055,14.07,2010-12-01 13:54:00,2011-12-02 13:28:00,366,366.0,United Kingdom,7,2,363.33,5,2,2,522,1,Regular,Low
16078.0,2,200.0,362.99,9.31,0.0052,18.69,2010-02-08 13:29:00,2011-03-01 09:47:00,386,386.0,United Kingdom,284,2,362.99,2,2,2,222,0,Lost,Very High
16378.0,3,267.0,362.95,15.78,0.0476,47.32,2011-02-02 12:42:00,2011-04-06 15:07:00,63,31.5,United Kingdom,247,3,362.95,2,3,2,232,1,Regular,Very High
13962.0,3,160.0,362.8,15.77,0.0072,47.01,2010-09-30 10:35:00,2011-11-18 08:47:00,414,207.0,United Kingdom,22,3,362.8,4,3,2,432,1,Regular,Low
14840.0,2,179.0,362.71,16.49,0.0074,33.19,2010-06-18 15:42:00,2011-03-17 12:00:00,272,272.0,United Kingdom,268,2,362.71,2,2,2,222,0,Lost,Very High
14122.0,3,114.0,362.42,27.88,0.0091,83.98,2009-12-02 14:22:00,2010-10-29 15:11:00,331,165.5,United Kingdom,406,3,362.42,2,3,2,232,0,Lost,Very High
16052.0,1,282.0,362.06,10.65,,,2011-10-16 15:13:00,2011-10-16 15:13:00,0,,United Kingdom,54,1,362.06,4,1,2,412,1,Regular,Medium
13844.0,1,196.0,361.62,18.08,,,2011-11-28 13:21:00,2011-11-28 13:21:00,0,,United Kingdom,11,1,361.62,5,1,2,512,1,Regular,Low
16305.0,1,256.0,361.22,16.42,,,2011-07-24 12:18:00,2011-07-24 12:18:00,0,,United Kingdom,139,1,361.22,3,1,2,312,1,Regular,High
16448.0,2,176.0,361.12,7.22,0.0073,14.39,2010-08-25 16:58:00,2011-05-25 16:28:00,273,273.0,United Kingdom,198,2,361.12,2,2,2,222,1,Regular,Very High
13274.0,1,199.0,360.85,18.99,,,2010-10-26 13:48:00,2010-10-26 13:48:00,0,,United Kingdom,409,1,360.85,2,1,2,212,0,Lost,Very High
18091.0,1,539.0,360.85,14.43,,,2010-04-25 13:18:00,2010-04-25 13:18:00,0,,United Kingdom,593,1,360.85,1,1,2,112,0,Lost,Very High
17772.0,3,113.0,360.75,3.76,0.0079,11.35,2010-11-12 11:31:00,2011-11-29 11:05:00,382,191.0,United Kingdom,11,3,360.75,5,3,2,532,1,Regular,Low
17012.0,1,251.0,360.61,10.02,,,2009-12-14 17:34:00,2009-12-14 17:34:00,0,,United Kingdom,725,1,360.61,1,1,2,112,0,Lost,Very High
17945.0,3,244.0,360.35,5.0,,,2010-01-12 11:33:00,2010-01-12 11:40:00,0,0.0,United Kingdom,697,3,360.35,1,3,2,132,0,Lost,Very High
18208.0,1,82.0,360.08,21.18,,,2010-05-23 11:54:00,2010-05-23 11:54:00,0,,United Kingdom,566,1,360.08,1,1,2,112,0,Lost,Very High
13298.0,1,96.0,360.0,180.0,,,2011-12-08 13:11:00,2011-12-08 13:11:00,0,,United Kingdom,1,1,360.0,5,1,2,512,1,Regular,Low
15008.0,2,1500.0,360.0,30.0,0.0127,59.82,2010-03-12 11:13:00,2010-08-16 13:09:00,157,157.0,United Kingdom,480,2,360.0,1,2,2,122,0,Lost,Very High
13181.0,1,171.0,359.69,18.93,,,2010-11-23 15:05:00,2010-11-23 15:05:00,0,,United Kingdom,381,1,359.69,2,1,2,212,0,Lost,Very High
14926.0,2,204.0,359.4,119.8,0.0092,239.17,2010-04-20 09:59:00,2010-11-23 07:13:00,217,217.0,United Kingdom,382,2,359.4,2,2,2,222,0,Lost,Very High
14919.0,1,129.0,359.35,27.64,,,2010-06-18 13:06:00,2010-06-18 13:06:00,0,,United Kingdom,539,1,359.35,1,1,2,112,0,Lost,Very High
15120.0,1,296.0,358.82,17.09,,,2011-07-29 09:48:00,2011-07-29 09:48:00,0,,United Kingdom,134,1,358.82,3,1,2,312,1,Regular,High
17948.0,1,144.0,358.56,358.56,,,2011-07-15 12:58:00,2011-07-15 12:58:00,0,,United Kingdom,147,1,358.56,3,1,2,312,1,Regular,High
16856.0,3,171.0,358.49,18.87,0.007,56.53,2010-09-23 13:11:00,2011-11-25 08:59:00,428,214.0,United Kingdom,15,3,358.49,5,3,2,532,1,Regular,Low
17748.0,1,111.0,358.15,21.07,,,2010-06-30 13:49:00,2010-06-30 13:49:00,0,,United Kingdom,527,1,358.15,1,1,2,112,0,Lost,Very High
13228.0,1,200.0,358.0,179.0,,,2011-09-19 14:28:00,2011-09-19 14:28:00,0,,United Kingdom,81,1,358.0,3,1,2,312,1,Regular,Medium
16606.0,2,148.0,357.66,16.26,0.0667,32.54,2010-10-01 13:21:00,2010-10-31 13:57:00,30,30.0,United Kingdom,404,2,357.66,2,2,2,222,0,Lost,Very High
15595.0,1,144.0,357.6,89.4,,,2010-08-09 12:27:00,2010-08-09 12:27:00,0,,United Kingdom,488,1,357.6,1,1,2,112,0,Lost,Very High
12495.0,1,130.0,357.4,21.02,,,2010-03-09 10:53:00,2010-03-09 10:53:00,0,,Sweden,641,1,357.4,1,1,2,112,0,Lost,Very High
16971.0,1,72.0,357.21,8.71,,,2011-11-01 15:06:00,2011-11-01 15:06:00,0,,United Kingdom,38,1,357.21,4,1,2,412,1,Regular,Medium
18040.0,2,148.0,357.2,18.8,0.0088,37.39,2011-04-08 08:27:00,2011-11-20 14:20:00,226,226.0,United Kingdom,19,2,357.2,4,2,2,422,1,Regular,Low
18273.0,4,140.0,357.0,89.25,0.0068,356.86,2010-04-28 12:24:00,2011-12-07 13:16:00,588,196.0,United Kingdom,2,4,357.0,5,4,2,542,1,Regular,Low
14500.0,3,117.0,356.85,50.98,0.0297,152.92,2011-06-03 10:08:00,2011-09-12 16:45:00,101,50.5,United Kingdom,88,3,356.85,3,3,2,332,1,Regular,Medium
17200.0,4,367.0,356.71,14.27,0.0151,57.1,2010-02-25 13:23:00,2010-11-17 13:04:00,265,88.33,United Kingdom,387,4,356.71,2,4,2,242,0,Lost,Very High
15840.0,2,396.0,355.56,13.17,0.0175,26.27,2011-06-20 11:42:00,2011-10-12 09:08:00,114,114.0,United Kingdom,59,2,355.56,3,2,2,322,1,Regular,Medium
12996.0,1,122.0,355.5,16.16,,,2010-11-29 09:27:00,2010-11-29 09:27:00,0,,United Kingdom,376,1,355.5,2,1,2,212,0,Lost,Very High
16920.0,1,81.0,355.45,15.45,,,2010-10-24 14:07:00,2010-10-24 14:07:00,0,,United Kingdom,411,1,355.45,1,1,2,112,0,Lost,Very High
15863.0,5,162.0,355.1,4.61,0.0072,23.13,2009-12-17 10:20:00,2011-11-14 12:49:00,697,174.25,United Kingdom,26,5,355.1,4,4,2,442,1,Regular,Low
14268.0,1,147.0,354.85,18.68,,,2010-08-26 10:45:00,2010-08-26 10:45:00,0,,United Kingdom,471,1,354.85,1,1,2,112,0,Lost,Very High
15986.0,2,368.0,354.42,14.18,0.0057,28.37,2010-11-23 10:02:00,2011-11-09 15:17:00,351,351.0,United Kingdom,30,2,354.42,4,2,2,422,1,Regular,Low
12888.0,2,76.0,354.12,70.82,0.0488,141.7,2011-03-29 14:31:00,2011-05-09 16:02:00,41,41.0,United Kingdom,214,2,354.12,2,2,2,222,1,Regular,Very High
12845.0,4,204.0,354.09,13.11,0.1739,52.44,2011-02-22 14:10:00,2011-03-17 13:34:00,23,7.67,United Kingdom,267,4,354.09,2,4,2,242,0,Lost,Very High
16323.0,2,146.0,353.66,88.42,0.0052,175.18,2010-05-11 09:48:00,2011-05-27 14:48:00,381,381.0,United Kingdom,196,2,353.66,2,2,2,222,1,Regular,Very High
18003.0,1,297.0,353.51,15.37,,,2010-11-28 15:09:00,2010-11-28 15:09:00,0,,United Kingdom,376,1,353.51,2,1,2,212,0,Lost,Very High
13210.0,1,316.0,353.48,16.07,,,2011-09-07 08:18:00,2011-09-07 08:18:00,0,,United Kingdom,94,1,353.48,3,1,2,312,1,Regular,High
13343.0,1,135.0,353.43,18.6,,,2011-06-15 12:24:00,2011-06-15 12:24:00,0,,United Kingdom,178,1,353.43,3,1,2,312,1,Regular,High
14804.0,1,121.0,353.27,29.44,,,2011-12-01 11:20:00,2011-12-01 11:20:00,0,,United Kingdom,9,1,353.27,5,1,2,512,1,Regular,Low
16382.0,2,167.0,353.1,8.03,0.0141,16.08,2010-06-07 12:42:00,2010-10-27 16:23:00,142,142.0,United Kingdom,408,2,353.1,2,2,2,222,0,Lost,Very High
16690.0,4,209.0,353.03,18.58,0.0106,74.64,2010-09-14 15:00:00,2011-09-28 15:02:00,379,126.33,United Kingdom,72,4,353.03,3,4,2,342,1,Regular,Medium
12617.0,1,210.0,352.98,8.61,,,2011-11-10 14:39:00,2011-11-10 14:39:00,0,,France,29,1,352.98,4,1,2,412,1,Regular,Low
13765.0,1,297.0,352.82,20.75,,,2010-02-24 13:46:00,2010-02-24 13:46:00,0,,United Kingdom,653,1,352.82,1,1,2,112,0,Lost,Very High
16857.0,1,168.0,352.8,32.07,,,2010-09-23 10:49:00,2010-09-23 10:49:00,0,,United Kingdom,443,1,352.8,1,1,2,112,0,Lost,Very High
16274.0,1,153.0,351.75,5.41,,,2010-12-01 15:35:00,2010-12-01 15:35:00,0,,United Kingdom,373,1,351.75,2,1,2,212,0,Lost,Very High
12566.0,1,265.0,351.65,18.51,,,2011-09-14 14:30:00,2011-09-14 14:30:00,0,,Germany,86,1,351.65,3,1,2,312,1,Regular,Medium
16192.0,1,208.0,351.3,31.94,,,2009-12-04 12:28:00,2009-12-04 12:28:00,0,,United Kingdom,736,1,351.3,1,1,2,112,0,Lost,Very High
13923.0,1,185.0,351.13,17.56,,,2011-10-17 12:33:00,2011-10-17 12:33:00,0,,United Kingdom,54,1,351.13,4,1,2,412,1,Regular,Medium
14252.0,1,111.0,350.99,35.1,,,2010-11-23 13:36:00,2010-11-23 13:36:00,0,,United Kingdom,381,1,350.99,2,1,2,212,0,Lost,Very High
13332.0,1,179.0,350.9,16.71,,,2011-11-25 13:30:00,2011-11-25 13:30:00,0,,United Kingdom,14,1,350.9,5,1,2,512,1,Regular,Low
13281.0,1,201.0,350.85,15.95,,,2010-09-26 16:03:00,2010-09-26 16:03:00,0,,United Kingdom,439,1,350.85,1,1,2,112,0,Lost,Very High
15334.0,3,273.0,350.82,3.58,0.1765,10.74,2011-06-19 13:51:00,2011-07-06 11:22:00,17,8.5,United Kingdom,157,3,350.82,3,3,2,332,1,Regular,High
16476.0,1,187.0,350.35,14.6,,,2010-10-04 10:29:00,2010-10-04 10:29:00,0,,United Kingdom,432,1,350.35,1,1,2,112,0,Lost,Very High
12532.0,1,153.0,349.83,21.86,,,2011-11-09 13:47:00,2011-11-09 13:47:00,0,,France,30,1,349.83,4,1,2,412,1,Regular,Low
13670.0,1,282.0,349.7,13.99,,,2011-09-25 15:25:00,2011-09-25 15:25:00,0,,United Kingdom,75,1,349.7,3,1,2,312,1,Regular,Medium
13887.0,1,147.0,349.55,18.4,,,2011-05-19 17:22:00,2011-05-19 17:22:00,0,,United Kingdom,204,1,349.55,2,1,2,212,1,Regular,Very High
18250.0,1,199.0,349.27,16.63,,,2011-02-02 13:16:00,2011-02-02 13:16:00,0,,United Kingdom,310,1,349.27,2,1,2,212,0,Lost,Very High
14545.0,1,236.0,349.25,15.18,,,2010-02-03 15:23:00,2010-02-03 15:23:00,0,,United Kingdom,674,1,349.25,1,1,2,112,0,Lost,Very High
17252.0,2,192.0,348.91,4.06,0.0286,8.13,2011-06-06 16:41:00,2011-08-15 09:45:00,70,70.0,United Kingdom,117,2,348.91,3,2,2,322,1,Regular,High
13790.0,1,748.0,348.8,7.75,,,2011-12-05 15:48:00,2011-12-05 15:48:00,0,,United Kingdom,4,1,348.8,5,1,2,512,1,Regular,Low
17577.0,2,179.0,348.75,16.61,0.087,33.24,2010-02-09 10:10:00,2010-03-04 13:01:00,23,23.0,United Kingdom,645,2,348.75,1,2,2,122,0,Lost,Very High
15282.0,1,395.0,348.59,12.91,,,2010-05-18 16:27:00,2010-05-18 16:27:00,0,,United Kingdom,570,1,348.59,1,1,2,112,0,Lost,Very High
16263.0,1,197.0,348.16,16.58,,,2010-10-12 14:52:00,2010-10-12 14:52:00,0,,United Kingdom,423,1,348.16,1,1,2,112,0,Lost,Very High
12760.0,1,198.0,347.8,16.56,,,2010-09-10 08:50:00,2010-09-10 08:50:00,0,,Netherlands,456,1,347.8,1,1,2,112,0,Lost,Very High
17668.0,2,93.0,347.75,23.18,0.0541,46.4,2011-11-01 14:45:00,2011-12-08 13:25:00,37,37.0,United Kingdom,1,2,347.75,5,2,2,522,1,Regular,Low
15085.0,1,169.0,347.54,38.62,,,2009-12-10 11:47:00,2009-12-10 11:47:00,0,,United Kingdom,730,1,347.54,1,1,2,112,0,Lost,Very High
13062.0,1,343.0,346.98,31.54,,,2011-06-01 15:12:00,2011-06-01 15:12:00,0,,United Kingdom,191,1,346.98,2,1,2,212,1,Regular,Very High
12411.0,1,138.0,346.9,15.77,,,2010-10-26 09:25:00,2010-10-26 09:25:00,0,,Australia,410,1,346.9,2,1,2,212,0,Lost,Very High
17780.0,3,156.0,346.56,4.39,0.1765,13.17,2010-01-24 11:21:00,2010-02-10 13:43:00,17,8.5,United Kingdom,667,3,346.56,1,3,2,132,0,Lost,Very High
13234.0,2,159.0,346.5,5.68,0.0333,11.35,2009-12-07 12:32:00,2010-02-05 11:41:00,60,60.0,United Kingdom,673,2,346.5,1,2,2,122,0,Lost,Very High
16423.0,1,230.0,346.12,19.23,,,2011-11-15 09:21:00,2011-11-15 09:21:00,0,,United Kingdom,25,1,346.12,4,1,2,412,1,Regular,Low
15781.0,3,180.0,345.46,17.27,0.0107,51.74,2011-02-07 09:15:00,2011-11-14 14:57:00,280,140.0,United Kingdom,25,3,345.46,4,3,2,432,1,Regular,Low
13774.0,1,192.0,345.0,15.68,,,2011-09-19 12:06:00,2011-09-19 12:06:00,0,,United Kingdom,82,1,345.0,3,1,2,312,1,Regular,Medium
14633.0,1,96.0,344.9,17.25,,,2011-03-18 17:07:00,2011-03-18 17:07:00,0,,United Kingdom,266,1,344.9,2,1,2,212,0,Lost,Very High
18199.0,1,99.0,344.75,17.24,,,2010-01-25 11:32:00,2010-01-25 11:32:00,0,,United Kingdom,684,1,344.75,1,1,2,112,0,Lost,Very High
15519.0,2,116.0,344.61,9.31,0.0317,18.59,2010-09-19 13:57:00,2010-11-21 14:35:00,63,63.0,United Kingdom,383,2,344.61,2,2,2,222,0,Lost,Very High
17569.0,1,159.0,344.14,11.87,,,2011-01-11 14:15:00,2011-01-11 14:15:00,0,,United Kingdom,332,1,344.14,2,1,2,212,0,Lost,Very High
13068.0,2,200.0,344.0,172.0,0.0065,345.46,2011-01-24 08:20:00,2011-11-29 15:00:00,309,309.0,United Kingdom,10,2,344.0,5,2,2,522,1,Regular,Low
16990.0,2,200.0,344.0,172.0,0.0098,343.86,2010-10-13 11:42:00,2011-05-05 08:30:00,204,204.0,United Kingdom,219,2,344.0,2,2,2,222,1,Regular,Very High
15047.0,1,222.0,343.62,15.62,,,2011-03-15 10:49:00,2011-03-15 10:49:00,0,,United Kingdom,270,1,343.62,2,1,2,212,0,Lost,Very High
15520.0,1,314.0,343.5,19.08,,,2011-12-08 10:58:00,2011-12-08 10:58:00,0,,United Kingdom,2,1,343.5,5,1,2,512,1,Regular,Low
18081.0,3,195.0,343.45,20.2,0.0309,60.55,2011-07-29 11:56:00,2011-11-03 16:30:00,97,48.5,United Kingdom,36,3,343.45,4,3,2,432,1,Regular,Medium
12715.0,1,192.0,343.36,17.17,,,2011-08-25 15:22:00,2011-08-25 15:22:00,0,,Sweden,106,1,343.36,3,1,2,312,1,Regular,High
13519.0,2,133.0,343.21,18.06,0.0055,36.16,2010-09-23 11:45:00,2011-09-22 18:24:00,364,364.0,United Kingdom,78,2,343.21,3,2,2,322,1,Regular,Medium
17795.0,2,305.0,342.83,7.62,0.0235,15.22,2011-03-20 12:02:00,2011-06-13 12:36:00,85,85.0,United Kingdom,180,2,342.83,3,2,2,322,1,Regular,High
13550.0,1,430.0,342.55,8.16,,,2010-11-21 15:24:00,2010-11-21 15:24:00,0,,United Kingdom,383,1,342.55,2,1,2,212,0,Lost,Very High
16851.0,3,271.0,342.45,17.12,0.0638,51.34,2011-10-19 09:48:00,2011-12-05 13:32:00,47,23.5,United Kingdom,4,3,342.45,5,3,2,532,1,Regular,Low
14989.0,1,200.0,342.4,19.02,,,2010-02-16 10:40:00,2010-02-16 10:40:00,0,,United Kingdom,662,1,342.4,1,1,2,112,0,Lost,Very High
17835.0,3,344.0,342.24,5.8,0.1429,17.41,2011-11-16 16:30:00,2011-12-07 11:48:00,21,10.5,United Kingdom,3,3,342.24,5,3,2,532,1,Regular,Low
17660.0,2,259.0,342.22,4.17,0.0034,8.45,2009-12-02 16:02:00,2011-07-21 13:37:00,596,596.0,United Kingdom,141,2,342.22,3,2,2,322,1,Regular,High
14724.0,1,184.0,341.9,8.34,,,2010-04-28 13:26:00,2010-04-28 13:26:00,0,,United Kingdom,590,1,341.9,1,1,2,112,0,Lost,Very High
16826.0,1,158.0,341.7,15.53,,,2011-10-19 14:05:00,2011-10-19 14:05:00,0,,United Kingdom,51,1,341.7,4,1,2,412,1,Regular,Medium
16585.0,2,151.0,341.59,18.98,0.0196,37.94,2010-01-13 13:31:00,2010-04-25 10:34:00,102,102.0,United Kingdom,594,2,341.59,1,2,2,122,0,Lost,Very High
13187.0,4,296.0,341.36,6.1,0.0139,24.33,2010-03-25 17:18:00,2011-01-06 18:57:00,287,95.67,United Kingdom,337,4,341.36,2,4,2,242,0,Lost,Very High
13347.0,1,205.0,341.36,42.67,,,2011-09-30 13:28:00,2011-09-30 13:28:00,0,,United Kingdom,70,1,341.36,3,1,2,312,1,Regular,Medium
17928.0,3,222.0,341.24,12.64,0.0057,37.9,2010-05-17 15:30:00,2011-10-25 13:52:00,526,263.0,United Kingdom,45,3,341.24,4,3,2,432,1,Regular,Medium
16259.0,3,143.0,340.94,4.01,0.0154,12.04,2010-04-13 16:57:00,2010-10-25 14:27:00,195,97.5,United Kingdom,410,3,340.94,2,3,2,232,0,Lost,Very High
14491.0,2,139.0,340.93,20.05,0.0102,40.29,2010-12-02 12:10:00,2011-06-17 15:22:00,197,197.0,United Kingdom,175,2,340.93,3,2,2,322,1,Regular,High
17542.0,3,323.0,340.85,5.33,0.0081,16.06,2010-03-08 12:08:00,2011-03-15 11:45:00,372,186.0,United Kingdom,270,3,340.85,2,3,2,232,0,Lost,Very High
16044.0,1,170.0,340.84,17.94,,,2010-09-30 18:12:00,2010-09-30 18:12:00,0,,United Kingdom,435,1,340.84,1,1,2,112,0,Lost,Very High
15818.0,1,284.0,340.5,30.95,,,2010-04-30 12:58:00,2010-04-30 12:58:00,0,,United Kingdom,588,1,340.5,1,1,2,112,0,Lost,Very High
12900.0,1,139.0,340.33,26.18,,,2010-10-13 15:17:00,2010-10-13 15:17:00,0,,United Kingdom,422,1,340.33,1,1,2,112,0,Lost,Very High
12698.0,1,111.0,339.75,21.23,,,2010-04-28 15:51:00,2010-04-28 15:51:00,0,,Germany,590,1,339.75,1,1,2,112,0,Lost,Very High
13737.0,1,125.0,339.6,11.32,,,2011-05-23 16:32:00,2011-05-23 16:32:00,0,,United Kingdom,200,1,339.6,2,1,2,212,1,Regular,Very High
14203.0,1,80.0,339.34,21.21,,,2010-11-07 13:35:00,2010-11-07 13:35:00,0,,United Kingdom,397,1,339.34,2,1,2,212,0,Lost,Very High
17697.0,1,93.0,338.95,17.84,,,2011-04-17 15:40:00,2011-04-17 15:40:00,0,,United Kingdom,236,1,338.95,2,1,2,212,1,Regular,Very High
14630.0,1,111.0,338.65,16.13,,,2010-08-12 16:38:00,2010-08-12 16:38:00,0,,United Kingdom,484,1,338.65,1,1,2,112,0,Lost,Very High
17833.0,1,143.0,338.46,10.92,,,2009-12-16 13:40:00,2009-12-16 13:40:00,0,,United Kingdom,723,1,338.46,1,1,2,112,0,Lost,Very High
14799.0,2,495.0,338.15,14.7,0.0029,29.24,2009-12-02 11:18:00,2011-10-19 16:16:00,686,686.0,United Kingdom,51,2,338.15,4,2,2,422,1,Regular,Medium
17296.0,1,216.0,338.13,10.25,,,2009-12-09 14:01:00,2009-12-09 14:01:00,0,,United Kingdom,730,1,338.13,1,1,2,112,0,Lost,Very High
12869.0,1,144.0,337.67,9.13,,,2010-01-27 12:10:00,2010-01-27 12:10:00,0,,United Kingdom,682,1,337.67,1,1,2,112,0,Lost,Very High
15942.0,1,232.0,337.44,24.1,,,2011-07-29 09:01:00,2011-07-29 09:01:00,0,,United Kingdom,134,1,337.44,3,1,2,312,1,Regular,High
12780.0,1,285.0,337.4,16.87,,,2010-04-20 09:40:00,2010-04-20 09:40:00,0,,Netherlands,599,1,337.4,1,1,2,112,0,Lost,Very High
13930.0,2,274.0,337.34,19.84,0.0253,39.65,2011-07-26 11:00:00,2011-10-13 09:45:00,79,79.0,United Kingdom,58,2,337.34,4,2,2,422,1,Regular,Medium
17973.0,1,176.0,337.04,22.47,,,2011-10-19 10:34:00,2011-10-19 10:34:00,0,,United Kingdom,52,1,337.04,4,1,2,412,1,Regular,Medium
17488.0,1,136.0,336.5,18.69,,,2010-03-08 14:07:00,2010-03-08 14:07:00,0,,United Kingdom,641,1,336.5,1,1,2,112,0,Lost,Very High
15619.0,1,136.0,336.4,112.13,,,2011-11-29 08:14:00,2011-11-29 08:14:00,0,,United Kingdom,11,1,336.4,5,1,2,512,1,Regular,Low
13482.0,2,187.0,336.09,16.8,0.0051,33.84,2010-03-22 10:31:00,2011-04-21 17:03:00,395,395.0,United Kingdom,232,2,336.09,2,2,2,222,1,Regular,Very High
14196.0,1,142.0,335.52,55.92,,,2011-08-25 10:25:00,2011-08-25 10:25:00,0,,United Kingdom,107,1,335.52,3,1,2,312,1,Regular,High
16063.0,1,262.0,335.32,14.58,,,2011-03-24 14:55:00,2011-03-24 14:56:00,0,,United Kingdom,260,1,335.32,2,1,2,212,0,Lost,Very High
17917.0,3,184.0,335.03,3.64,0.0095,10.96,2010-12-12 12:08:00,2011-10-25 13:20:00,317,158.5,United Kingdom,45,3,335.03,4,3,2,432,1,Regular,Medium
12489.0,1,105.0,334.93,22.33,,,2011-01-07 13:13:00,2011-01-07 13:13:00,0,,France,336,1,334.93,2,1,2,212,0,Lost,Very High
17821.0,1,162.0,334.62,55.77,,,2010-10-29 13:20:00,2010-10-29 13:20:00,0,,United Kingdom,406,1,334.62,2,1,2,212,0,Lost,Very High
12350.0,1,197.0,334.4,19.67,,,2011-02-02 16:01:00,2011-02-02 16:01:00,0,,Norway,310,1,334.4,2,1,2,212,0,Lost,Very High
17607.0,1,269.0,333.81,15.17,,,2010-11-28 13:11:00,2010-11-28 13:11:00,0,,United Kingdom,376,1,333.81,2,1,2,212,0,Lost,Very High
13216.0,1,297.0,333.74,66.75,,,2011-03-17 12:18:00,2011-03-17 12:18:00,0,,United Kingdom,268,1,333.74,2,1,2,212,0,Lost,Very High
14241.0,2,242.0,333.7,27.81,0.0039,55.64,2010-01-12 15:11:00,2011-06-09 11:46:00,513,513.0,United Kingdom,184,2,333.7,3,2,2,322,1,Regular,Very High
16234.0,3,170.0,333.18,22.21,0.0353,66.64,2010-05-27 10:39:00,2010-08-20 14:33:00,85,42.5,United Kingdom,476,3,333.18,1,3,2,132,0,Lost,Very High
16006.0,2,205.0,332.82,4.27,0.0114,8.57,2010-11-17 12:03:00,2011-05-12 13:12:00,176,176.0,United Kingdom,211,2,332.82,2,2,2,222,1,Regular,Very High
14137.0,1,462.0,332.7,30.25,,,2010-01-13 12:30:00,2010-01-13 12:30:00,0,,United Kingdom,696,1,332.7,1,1,2,112,0,Lost,Very High
13904.0,2,332.0,332.64,12.79,0.0078,25.64,2011-02-18 11:18:00,2011-11-02 13:41:00,257,257.0,United Kingdom,37,2,332.64,4,2,2,422,1,Regular,Medium
16850.0,1,249.0,332.41,17.5,,,2011-01-10 11:09:00,2011-01-10 11:09:00,0,,United Kingdom,334,1,332.41,2,1,2,212,0,Lost,Very High
16803.0,1,245.0,332.3,13.85,,,2011-10-05 14:28:00,2011-10-05 14:28:00,0,,United Kingdom,65,1,332.3,3,1,2,312,1,Regular,Medium
16452.0,2,199.0,332.17,18.45,0.0317,36.85,2010-01-15 12:22:00,2010-03-19 12:39:00,63,63.0,United Kingdom,631,2,332.17,1,2,2,122,0,Lost,Very High
17647.0,3,82.0,331.66,27.64,0.005,83.47,2010-02-08 14:39:00,2011-10-05 15:38:00,604,302.0,United Kingdom,65,3,331.66,3,3,2,332,1,Regular,Medium
15512.0,4,235.0,331.58,10.36,0.0077,41.56,2010-02-01 13:23:00,2011-07-07 10:20:00,521,173.67,United Kingdom,156,4,331.58,3,4,2,342,1,Regular,High
17435.0,1,195.0,331.35,22.09,,,2010-10-24 13:55:00,2010-10-24 13:55:00,0,,United Kingdom,411,1,331.35,1,1,2,112,0,Lost,Very High
16030.0,1,283.0,331.24,11.42,,,2011-02-03 11:28:00,2011-02-03 11:28:00,0,,United Kingdom,310,1,331.24,2,1,2,212,0,Lost,Very High
13981.0,1,234.0,331.14,15.05,,,2010-10-20 10:03:00,2010-10-20 10:03:00,0,,United Kingdom,416,1,331.14,1,1,2,112,0,Lost,Very High
16478.0,3,224.0,331.0,19.47,0.075,58.41,2011-10-05 12:02:00,2011-11-14 15:51:00,40,20.0,United Kingdom,25,3,331.0,4,3,2,432,1,Regular,Low
15878.0,2,243.0,330.77,6.49,0.0116,12.95,2009-12-06 12:28:00,2010-05-27 12:17:00,172,172.0,United Kingdom,562,2,330.77,1,2,2,122,0,Lost,Very High
17776.0,2,273.0,330.56,4.13,0.0059,8.21,2009-12-16 14:59:00,2010-11-18 12:14:00,337,337.0,United Kingdom,387,2,330.56,2,2,2,222,0,Lost,Very High
14517.0,2,91.0,330.45,18.36,0.0185,36.68,2011-07-21 11:42:00,2011-11-06 14:20:00,108,108.0,United Kingdom,33,2,330.45,4,2,2,422,1,Regular,Medium
12807.0,1,145.0,330.35,20.65,,,2010-11-21 14:21:00,2010-11-21 14:21:00,0,,Sweden,383,1,330.35,2,1,2,212,0,Lost,Very High
13010.0,2,323.0,330.12,27.51,0.0073,55.03,2010-03-01 11:28:00,2010-11-30 15:09:00,274,274.0,United Kingdom,374,2,330.12,2,2,2,222,0,Lost,Very High
15130.0,1,197.0,330.11,15.01,,,2011-06-23 10:15:00,2011-06-23 10:15:00,0,,United Kingdom,170,1,330.11,3,1,2,312,1,Regular,High
12850.0,1,200.0,330.0,165.0,,,2010-09-20 12:26:00,2010-09-20 12:26:00,0,,United Kingdom,446,1,330.0,1,1,2,112,0,Lost,Very High
18186.0,1,338.0,329.58,29.96,,,2009-12-17 10:22:00,2009-12-17 10:22:00,0,,United Kingdom,723,1,329.58,1,1,2,112,0,Lost,Very High
17518.0,2,267.0,329.42,4.28,0.0102,8.56,2010-03-28 13:31:00,2010-10-10 12:40:00,196,196.0,United Kingdom,426,2,329.42,1,2,2,122,0,Lost,Very High
17914.0,1,457.0,329.36,4.39,,,2011-12-06 11:58:00,2011-12-06 11:58:00,0,,United Kingdom,4,1,329.36,5,1,2,512,1,Regular,Low
17154.0,1,490.0,329.34,14.32,,,2011-09-25 13:42:00,2011-09-25 13:42:00,0,,United Kingdom,75,1,329.34,3,1,2,312,1,Regular,Medium
15153.0,1,198.0,329.25,14.97,,,2011-11-08 17:09:00,2011-11-08 17:09:00,0,,United Kingdom,31,1,329.25,4,1,2,412,1,Regular,Medium
15979.0,1,450.0,329.22,14.96,,,2010-04-16 11:35:00,2010-04-16 11:35:00,0,,United Kingdom,603,1,329.22,1,1,2,112,0,Lost,Very High
15880.0,1,202.0,329.03,3.43,,,2010-12-05 13:00:00,2010-12-05 13:00:00,0,,United Kingdom,369,1,329.03,2,1,2,212,0,Lost,Very High
16286.0,2,101.0,328.95,19.35,0.0137,38.7,2010-03-26 09:58:00,2010-08-19 14:48:00,146,146.0,United Kingdom,477,2,328.95,1,2,2,122,0,Lost,Very High
14012.0,1,160.0,328.8,29.89,,,2011-03-07 12:26:00,2011-03-07 12:26:00,0,,United Kingdom,278,1,328.8,2,1,2,212,0,Lost,Very High
16855.0,2,164.0,328.4,17.28,0.1,34.56,2011-10-27 16:31:00,2011-11-16 12:03:00,20,20.0,United Kingdom,24,2,328.4,4,2,2,422,1,Regular,Low
15213.0,2,272.0,328.35,13.68,0.1818,27.36,2011-01-14 11:05:00,2011-01-25 12:21:00,11,11.0,United Kingdom,319,2,328.35,2,2,2,222,0,Lost,Very High
14747.0,1,84.0,328.2,18.23,,,2011-04-04 14:09:00,2011-04-04 14:09:00,0,,United Kingdom,249,1,328.2,2,1,2,212,1,Regular,Very High
16318.0,1,199.0,328.15,17.27,,,2011-11-04 13:05:00,2011-11-04 13:05:00,0,,United Kingdom,35,1,328.15,4,1,2,412,1,Regular,Medium
15709.0,2,169.0,327.85,12.14,0.0065,24.15,2010-04-29 18:31:00,2011-03-01 10:38:00,306,306.0,United Kingdom,284,2,327.85,2,2,2,222,0,Lost,Very High
17196.0,1,154.0,327.75,3.52,,,2010-10-08 11:31:00,2010-10-08 11:31:00,0,,United Kingdom,428,1,327.75,1,1,2,112,0,Lost,Very High
15735.0,1,206.0,327.68,17.25,,,2010-10-14 13:38:00,2010-10-14 13:38:00,0,,United Kingdom,421,1,327.68,1,1,2,112,0,Lost,Very High
13498.0,1,362.0,327.38,19.26,,,2009-12-09 15:26:00,2009-12-09 15:26:00,0,,United Kingdom,730,1,327.38,1,1,2,112,0,Lost,Very High
16322.0,2,231.0,326.75,8.83,0.0571,17.65,2011-11-03 14:33:00,2011-12-08 15:41:00,35,35.0,United Kingdom,1,2,326.75,5,2,2,522,1,Regular,Low
12460.0,1,170.0,326.65,18.15,,,2010-09-09 13:51:00,2010-09-09 13:51:00,0,,Belgium,456,1,326.65,1,1,2,112,0,Lost,Very High
13646.0,2,79.0,326.25,5.62,,,2010-11-05 12:00:00,2010-11-05 12:13:00,0,0.0,United Kingdom,400,2,326.25,2,2,2,222,0,Lost,Very High
18047.0,2,130.0,326.09,3.93,,,2010-11-23 12:57:00,2010-11-23 13:11:00,0,0.0,United Kingdom,381,2,326.09,2,2,2,222,0,Lost,Very High
17439.0,1,370.0,325.74,40.72,,,2010-02-22 12:48:00,2010-02-22 12:48:00,0,,United Kingdom,656,1,325.74,1,1,2,112,0,Lost,Very High
12804.0,2,270.0,325.37,4.93,0.0571,9.85,2010-07-27 13:52:00,2010-08-31 11:58:00,35,35.0,Netherlands,466,2,325.37,1,2,2,122,0,Lost,Very High
13661.0,1,118.0,325.24,19.13,,,2010-04-15 14:58:00,2010-04-15 14:58:00,0,,United Kingdom,603,1,325.24,1,1,2,112,0,Lost,Very High
15670.0,2,132.0,325.2,17.12,0.0077,34.27,2010-06-01 15:34:00,2011-02-16 10:50:00,260,260.0,United Kingdom,297,2,325.2,2,2,2,222,0,Lost,Very High
13801.0,1,168.0,324.8,14.12,,,2011-10-04 10:15:00,2011-10-04 10:15:00,0,,United Kingdom,67,1,324.8,3,1,2,312,1,Regular,Medium
15982.0,1,131.0,324.51,7.21,,,2010-04-13 15:47:00,2010-04-13 15:47:00,0,,United Kingdom,605,1,324.51,1,1,2,112,0,Lost,Very High
12946.0,1,149.0,324.45,16.22,,,2010-09-29 10:14:00,2010-09-29 10:14:00,0,,United Kingdom,437,1,324.45,1,1,2,112,0,Lost,Very High
16685.0,2,396.0,324.24,5.23,,,2011-10-09 13:44:00,2011-10-09 13:58:00,0,0.0,United Kingdom,61,2,324.24,3,2,2,322,1,Regular,Medium
18261.0,2,146.0,324.24,15.44,0.0385,30.91,2011-09-05 09:34:00,2011-10-27 15:36:00,52,52.0,United Kingdom,43,2,324.24,4,2,2,422,1,Regular,Medium
13834.0,2,221.0,324.19,20.26,0.0215,40.51,2010-02-08 12:52:00,2010-05-12 10:27:00,93,93.0,United Kingdom,577,2,324.19,1,2,2,122,0,Lost,Very High
17440.0,4,282.0,323.58,53.93,0.0102,216.18,2010-06-08 14:40:00,2011-07-06 11:54:00,393,131.0,United Kingdom,157,4,323.58,3,4,2,342,1,Regular,High
13025.0,1,241.0,323.39,24.88,,,2009-12-08 10:02:00,2009-12-08 10:02:00,0,,United Kingdom,732,1,323.39,1,1,2,112,0,Lost,Very High
16195.0,1,123.0,323.25,20.2,,,2009-12-16 14:09:00,2009-12-16 14:09:00,0,,United Kingdom,723,1,323.25,1,1,2,112,0,Lost,Very High
14263.0,1,171.0,322.93,20.18,,,2010-10-12 14:09:00,2010-10-12 14:09:00,0,,United Kingdom,423,1,322.93,1,1,2,112,0,Lost,Very High
16627.0,1,162.0,322.8,16.14,,,2011-09-21 14:38:00,2011-09-21 14:38:00,0,,United Kingdom,79,1,322.8,3,1,2,312,1,Regular,Medium
14832.0,1,1.0,322.69,322.69,,,2010-03-19 15:14:00,2010-03-19 15:14:00,0,,United Kingdom,630,1,322.69,1,1,2,112,0,Lost,Very High
16342.0,4,157.0,322.41,21.49,0.0385,86.05,2011-06-13 10:10:00,2011-09-25 14:36:00,104,34.67,United Kingdom,75,4,322.41,3,4,2,342,1,Regular,Medium
14424.0,1,48.0,322.08,322.08,,,2011-11-22 11:48:00,2011-11-22 11:48:00,0,,United Kingdom,18,1,322.08,5,1,2,512,1,Regular,Low
15726.0,1,123.0,321.91,14.0,,,2010-11-14 16:12:00,2010-11-14 16:12:00,0,,United Kingdom,390,1,321.91,2,1,2,212,0,Lost,Very High
18090.0,1,307.0,321.9,5.96,,,2010-10-14 12:32:00,2010-10-14 12:32:00,0,,United Kingdom,422,1,321.9,1,1,2,112,0,Lost,Very High
13111.0,1,180.0,321.88,26.82,,,2009-12-21 09:00:00,2009-12-21 09:00:00,0,,United Kingdom,719,1,321.88,1,1,2,112,0,Lost,Very High
17976.0,1,93.0,321.79,5.65,,,2010-12-02 13:49:00,2010-12-02 13:49:00,0,,United Kingdom,372,1,321.79,2,1,2,212,0,Lost,Very High
17471.0,1,153.0,321.65,16.93,,,2010-08-22 11:53:00,2010-08-22 11:53:00,0,,United Kingdom,475,1,321.65,1,1,2,112,0,Lost,Very High
14070.0,1,85.0,321.6,7.84,,,2010-01-24 12:27:00,2010-01-24 12:27:00,0,,United Kingdom,685,1,321.6,1,1,2,112,0,Lost,Very High
15770.0,1,67.0,321.45,17.86,,,2010-04-06 11:47:00,2010-04-06 11:47:00,0,,United Kingdom,613,1,321.45,1,1,2,112,0,Lost,Very High
14823.0,3,88.0,321.43,4.59,0.2143,13.77,2011-05-29 12:48:00,2011-06-12 13:12:00,14,7.0,United Kingdom,180,3,321.43,3,3,2,332,1,Regular,High
17182.0,2,54.0,321.3,53.55,0.0068,107.79,2009-12-21 15:22:00,2010-10-13 10:09:00,296,296.0,United Kingdom,423,2,321.3,1,2,2,122,0,Lost,Very High
15869.0,3,273.0,321.11,9.44,0.0086,28.33,2010-03-23 16:50:00,2011-03-07 17:23:00,349,174.5,United Kingdom,277,3,321.11,2,3,2,232,0,Lost,Very High
15236.0,1,269.0,321.05,21.4,,,2011-02-14 10:52:00,2011-02-14 10:52:00,0,,United Kingdom,299,1,321.05,2,1,2,212,0,Lost,Very High
15432.0,2,92.0,320.76,20.05,0.0039,40.51,2010-06-16 14:34:00,2011-11-16 16:30:00,518,518.0,United Kingdom,23,2,320.76,4,2,2,422,1,Regular,Low
14622.0,1,146.0,320.58,15.27,,,2011-06-08 12:42:00,2011-06-08 12:42:00,0,,United Kingdom,185,1,320.58,3,1,2,312,1,Regular,Very High
13986.0,1,430.0,320.46,24.65,,,2011-11-22 15:00:00,2011-11-22 15:00:00,0,,United Kingdom,17,1,320.46,5,1,2,512,1,Regular,Low
17843.0,2,251.0,320.4,5.17,0.0185,10.33,2010-10-24 10:56:00,2011-02-09 15:33:00,108,108.0,United Kingdom,303,2,320.4,2,2,2,222,0,Lost,Very High
17309.0,3,181.0,320.39,8.9,0.0052,26.75,2010-02-04 15:49:00,2011-09-05 15:20:00,578,289.0,United Kingdom,95,3,320.39,3,3,2,332,1,Regular,High
16683.0,1,190.0,320.25,17.79,,,2010-06-24 10:36:00,2010-06-24 10:36:00,0,,United Kingdom,534,1,320.25,1,1,2,112,0,Lost,Very High
13942.0,1,1000.0,320.0,320.0,,,2010-06-23 12:35:00,2010-06-23 12:35:00,0,,United Kingdom,535,1,320.0,1,1,2,112,0,Lost,Very High
13843.0,1,145.0,319.75,17.76,,,2010-11-23 17:48:00,2010-11-23 17:48:00,0,,United Kingdom,381,1,319.75,2,1,2,212,0,Lost,Very High
16436.0,3,227.0,319.14,7.98,0.0462,23.96,2009-12-06 16:02:00,2010-02-09 13:19:00,65,32.5,United Kingdom,668,3,319.14,1,3,2,132,0,Lost,Very High
16967.0,1,333.0,319.02,15.19,,,2011-06-03 14:24:00,2011-06-03 14:24:00,0,,United Kingdom,189,1,319.02,2,1,2,212,1,Regular,Very High
17229.0,2,185.0,318.76,6.78,0.0435,13.57,2011-07-20 12:38:00,2011-09-04 13:56:00,46,46.0,United Kingdom,96,2,318.76,3,2,2,322,1,Regular,High
16273.0,2,40.0,318.34,21.22,0.25,42.44,2010-02-21 16:02:00,2010-03-01 13:24:00,8,8.0,United Kingdom,648,2,318.34,1,2,2,122,0,Lost,Very High
15682.0,2,222.0,318.24,12.73,0.0227,25.43,2010-01-21 14:37:00,2010-04-19 15:30:00,88,88.0,United Kingdom,599,2,318.24,1,2,2,122,0,Lost,Very High
14703.0,1,183.0,318.17,14.46,,,2011-11-25 09:23:00,2011-11-25 09:23:00,0,,United Kingdom,15,1,318.17,5,1,2,512,1,Regular,Low
17839.0,1,257.0,318.15,6.12,,,2011-10-28 17:27:00,2011-10-28 17:27:00,0,,United Kingdom,42,1,318.15,4,1,2,412,1,Regular,Medium
18253.0,1,128.0,317.88,45.41,,,2010-03-07 12:38:00,2010-03-07 12:38:00,0,,United Kingdom,643,1,317.88,1,1,2,112,0,Lost,Very High
17267.0,2,158.0,317.2,8.57,,,2011-08-04 17:19:00,2011-08-04 17:22:00,0,0.0,United Kingdom,127,2,317.2,3,2,2,322,1,Regular,High
15616.0,1,137.0,317.11,24.39,,,2010-09-27 13:10:00,2010-09-27 13:10:00,0,,United Kingdom,438,1,317.11,1,1,2,112,0,Lost,Very High
17689.0,2,300.0,317.08,14.41,0.0233,28.87,2010-08-22 13:54:00,2010-11-16 13:22:00,86,86.0,United Kingdom,388,2,317.08,2,2,2,222,0,Lost,Very High
16761.0,1,341.0,316.62,24.36,,,2011-09-04 11:15:00,2011-09-04 11:15:00,0,,United Kingdom,97,1,316.62,3,1,2,312,1,Regular,High
15204.0,1,258.0,316.58,35.18,,,2010-12-17 13:49:00,2010-12-17 13:49:00,0,,United Kingdom,357,1,316.58,2,1,2,212,0,Lost,Very High
12529.0,1,192.0,316.48,15.07,,,2010-06-29 13:10:00,2010-06-29 13:10:00,0,,France,528,1,316.48,1,1,2,112,0,Lost,Very High
13494.0,1,162.0,316.26,17.57,,,2011-02-01 11:58:00,2011-02-01 11:58:00,0,,United Kingdom,312,1,316.26,2,1,2,212,0,Lost,Very High
17408.0,3,163.0,316.09,39.51,0.0085,117.88,2010-07-13 14:02:00,2011-06-29 12:53:00,351,175.5,United Kingdom,163,3,316.09,3,3,2,332,1,Regular,High
18117.0,1,605.0,315.65,4.38,,,2011-11-14 12:47:00,2011-11-14 12:47:00,0,,United Kingdom,26,1,315.65,4,1,2,412,1,Regular,Low
12614.0,1,76.0,315.6,15.78,,,2011-03-07 10:22:00,2011-03-07 10:22:00,0,,Germany,278,1,315.6,2,1,2,212,0,Lost,Very High
15042.0,2,238.0,315.45,35.05,0.0051,70.79,2010-04-23 14:01:00,2011-05-24 16:25:00,396,396.0,United Kingdom,199,2,315.45,2,2,2,222,1,Regular,Very High
16091.0,2,154.0,315.06,17.5,0.0455,35.04,2011-05-25 09:18:00,2011-07-08 08:45:00,44,44.0,United Kingdom,155,2,315.06,3,2,2,322,1,Regular,High
17121.0,1,106.0,314.74,26.23,,,2010-11-02 11:47:00,2010-11-02 11:47:00,0,,United Kingdom,403,1,314.74,2,1,2,212,0,Lost,Very High
14991.0,1,191.0,314.67,14.98,,,2010-10-05 13:01:00,2010-10-05 13:01:00,0,,United Kingdom,430,1,314.67,1,1,2,112,0,Lost,Very High
18206.0,1,246.0,314.66,16.56,,,2010-06-04 13:47:00,2010-06-04 13:47:00,0,,United Kingdom,553,1,314.66,1,1,2,112,0,Lost,Very High
12650.0,1,254.0,314.44,15.72,,,2011-12-06 16:34:00,2011-12-06 16:34:00,0,,France,3,1,314.44,5,1,2,512,1,Regular,Low
18070.0,1,86.0,314.1,34.9,,,2010-02-08 13:28:00,2010-02-08 13:28:00,0,,United Kingdom,669,1,314.1,1,1,2,112,0,Lost,Very High
15873.0,4,1152.0,313.92,52.32,4.0,209.28,2010-07-27 11:58:00,2010-07-28 12:41:00,1,0.33,United Kingdom,500,4,313.92,1,4,2,142,0,Lost,Very High
15196.0,2,130.0,313.7,7.47,0.0068,14.93,2009-12-13 11:14:00,2010-10-03 10:50:00,294,294.0,United Kingdom,433,2,313.7,1,2,2,122,0,Lost,Very High
13087.0,1,86.0,313.64,20.91,,,2009-12-13 15:16:00,2009-12-13 15:16:00,0,,United Kingdom,726,1,313.64,1,1,2,112,0,Lost,Very High
16582.0,1,164.0,313.62,52.27,,,2011-08-18 17:02:00,2011-08-18 17:02:00,0,,United Kingdom,113,1,313.62,3,1,2,312,1,Regular,High
12665.0,3,165.0,313.6,18.45,0.0087,55.38,2010-02-08 15:11:00,2011-01-19 08:34:00,345,172.5,Germany,325,3,313.6,2,3,2,232,0,Lost,Very High
13845.0,1,182.0,312.98,34.78,,,2011-10-06 08:25:00,2011-10-06 08:25:00,0,,United Kingdom,65,1,312.98,3,1,2,312,1,Regular,Medium
15162.0,1,74.0,312.9,26.08,,,2009-12-08 13:14:00,2009-12-08 13:14:00,0,,United Kingdom,731,1,312.9,1,1,2,112,0,Lost,Very High
13905.0,1,135.0,312.65,26.05,,,2009-12-07 11:41:00,2009-12-07 11:41:00,0,,United Kingdom,733,1,312.65,1,1,2,112,0,Lost,Very High
15318.0,1,642.0,312.62,9.47,,,2011-12-06 11:30:00,2011-12-06 11:30:00,0,,United Kingdom,4,1,312.62,5,1,2,512,1,Regular,Low
13226.0,2,179.0,312.46,11.16,0.0167,22.36,2010-11-11 13:46:00,2011-03-11 14:35:00,120,120.0,United Kingdom,273,2,312.46,2,2,2,222,0,Lost,Very High
12834.0,1,110.0,312.38,17.35,,,2011-03-02 09:49:00,2011-03-02 09:49:00,0,,United Kingdom,283,1,312.38,2,1,2,212,0,Lost,Very High
17326.0,2,136.0,312.35,3.63,0.0165,7.25,2010-06-28 14:05:00,2010-10-27 15:38:00,121,121.0,United Kingdom,408,2,312.35,2,3,2,232,0,Lost,Very High
14094.0,1,158.0,311.77,7.25,,,2010-09-26 11:58:00,2010-09-26 11:58:00,0,,United Kingdom,440,1,311.77,1,1,2,112,0,Lost,Very High
14951.0,1,311.0,311.69,15.58,,,2011-09-21 15:15:00,2011-09-21 15:15:00,0,,United Kingdom,79,1,311.69,3,1,2,312,1,Regular,Medium
12852.0,1,149.0,311.55,18.33,,,2011-02-18 08:47:00,2011-02-18 08:47:00,0,,United Kingdom,295,1,311.55,2,1,2,212,0,Lost,Very High
13990.0,1,190.0,311.3,19.46,,,2011-05-10 15:19:00,2011-05-10 15:19:00,0,,United Kingdom,213,1,311.3,2,1,2,212,1,Regular,Very High
15724.0,3,117.0,310.85,18.29,0.0151,54.96,2010-11-04 10:22:00,2011-05-22 14:40:00,199,99.5,United Kingdom,201,3,310.85,2,3,2,232,1,Regular,Very High
16328.0,1,141.0,310.83,19.43,,,2010-05-25 14:02:00,2010-05-25 14:02:00,0,,United Kingdom,563,1,310.83,1,1,2,112,0,Lost,Very High
13400.0,1,284.0,310.83,13.51,,,2010-05-06 09:00:00,2010-05-06 09:00:00,0,,United Kingdom,583,1,310.83,1,1,2,112,0,Lost,Very High
13847.0,1,96.0,310.72,16.35,,,2009-12-20 10:41:00,2009-12-20 10:41:00,0,,United Kingdom,720,1,310.72,1,1,2,112,0,Lost,Very High
16439.0,1,74.0,310.7,34.52,,,2009-12-17 14:22:00,2009-12-17 14:22:00,0,,United Kingdom,722,1,310.7,1,1,2,112,0,Lost,Very High
15185.0,1,666.0,310.62,14.79,,,2011-09-30 14:06:00,2011-09-30 14:06:00,0,,United Kingdom,70,1,310.62,3,1,2,312,1,Regular,Medium
14848.0,1,260.0,310.56,28.23,,,2010-10-31 12:22:00,2010-10-31 12:22:00,0,,United Kingdom,405,1,310.56,2,1,2,212,0,Lost,Very High
15308.0,1,175.0,310.47,16.34,,,2011-03-10 13:08:00,2011-03-10 13:08:00,0,,United Kingdom,274,1,310.47,2,1,2,212,0,Lost,Very High
15188.0,1,233.0,310.43,13.5,,,2009-12-14 13:30:00,2009-12-14 13:30:00,0,,United Kingdom,725,1,310.43,1,1,2,112,0,Lost,Very High
13315.0,1,232.0,310.26,14.1,,,2010-01-19 15:34:00,2010-01-19 15:34:00,0,,United Kingdom,689,1,310.26,1,1,2,112,0,Lost,Very High
14749.0,1,403.0,310.15,17.23,,,2010-08-17 12:36:00,2010-08-17 12:36:00,0,,United Kingdom,480,1,310.15,1,1,2,112,0,Lost,Very High
13628.0,1,106.0,310.14,19.38,,,2010-02-01 14:44:00,2010-02-01 14:44:00,0,,United Kingdom,676,1,310.14,1,1,2,112,0,Lost,Very High
17181.0,3,268.0,309.85,11.07,0.0056,33.35,2010-04-23 11:21:00,2011-10-13 14:48:00,538,269.0,United Kingdom,57,3,309.85,4,3,2,432,1,Regular,Medium
15699.0,1,113.0,309.65,17.2,,,2011-11-22 08:26:00,2011-11-22 08:26:00,0,,United Kingdom,18,1,309.65,5,1,2,512,1,Regular,Low
16373.0,2,119.0,309.49,10.67,0.069,21.35,2010-10-24 13:10:00,2010-11-22 15:50:00,29,29.0,United Kingdom,382,2,309.49,2,3,2,232,0,Lost,Very High
12884.0,1,43.0,309.05,44.15,,,2011-09-12 13:10:00,2011-09-12 13:10:00,0,,United Kingdom,88,1,309.05,3,1,2,312,1,Regular,Medium
15010.0,1,184.0,308.94,15.45,,,2011-11-04 12:42:00,2011-11-04 12:42:00,0,,United Kingdom,36,1,308.94,4,1,2,412,1,Regular,Medium
16956.0,1,114.0,308.74,19.3,,,2011-11-22 08:56:00,2011-11-22 08:56:00,0,,United Kingdom,18,1,308.74,5,1,2,512,1,Regular,Low
16194.0,1,140.0,308.6,38.57,,,2010-11-29 13:28:00,2010-11-29 13:28:00,0,,United Kingdom,375,1,308.6,2,1,2,212,0,Lost,Very High
14181.0,2,120.0,308.35,5.93,0.0132,11.9,2010-05-26 12:32:00,2010-10-25 08:27:00,152,152.0,United Kingdom,411,2,308.35,1,3,2,132,0,Lost,Very High
13369.0,1,149.0,308.28,22.02,,,2010-12-09 11:30:00,2010-12-09 11:30:00,0,,United Kingdom,366,1,308.28,2,1,2,212,0,Lost,Very High
14927.0,1,196.0,308.2,15.41,,,2010-11-08 12:30:00,2010-11-08 12:30:00,0,,United Kingdom,397,1,308.2,2,1,2,212,0,Lost,Very High
15302.0,1,102.0,308.0,20.53,,,2009-12-09 13:11:00,2009-12-09 13:11:00,0,,United Kingdom,730,1,308.0,1,1,2,112,0,Lost,Very High
13289.0,1,119.0,307.95,19.25,,,2009-12-16 11:53:00,2009-12-16 11:53:00,0,,United Kingdom,724,1,307.95,1,1,2,112,0,Lost,Very High
15778.0,1,101.0,307.95,18.11,,,2010-10-04 15:10:00,2010-10-04 15:10:00,0,,United Kingdom,431,1,307.95,1,1,2,112,0,Lost,Very High
16123.0,1,170.0,307.78,19.24,,,2011-10-19 09:18:00,2011-10-19 09:18:00,0,,United Kingdom,52,1,307.78,4,1,2,412,1,Regular,Medium
13529.0,2,74.0,307.76,20.52,0.0159,41.11,2011-05-19 11:50:00,2011-09-22 09:15:00,126,126.0,United Kingdom,79,2,307.76,3,3,2,332,1,Regular,Medium
14777.0,1,212.0,307.56,19.22,,,2010-11-01 12:50:00,2010-11-01 12:50:00,0,,United Kingdom,404,1,307.56,2,1,2,212,0,Lost,Very High
13060.0,1,123.0,307.53,20.5,,,2011-03-31 11:37:00,2011-03-31 11:37:00,0,,United Kingdom,254,1,307.53,2,1,2,212,0,Lost,Very High
17120.0,1,120.0,307.46,17.08,,,2011-04-20 15:21:00,2011-04-20 15:21:00,0,,United Kingdom,233,1,307.46,2,1,2,212,1,Regular,Very High
13932.0,1,72.0,307.4,19.21,,,2011-02-18 12:02:00,2011-02-18 12:02:00,0,,United Kingdom,295,1,307.4,2,1,2,212,0,Lost,Very High
15374.0,2,290.0,307.32,30.73,0.004,60.97,2010-03-25 12:03:00,2011-08-03 09:59:00,496,496.0,United Kingdom,129,2,307.32,3,3,2,332,1,Regular,High
14783.0,1,262.0,307.3,18.08,,,2010-02-18 16:16:00,2010-02-18 16:16:00,0,,United Kingdom,659,1,307.3,1,1,2,112,0,Lost,Very High
17721.0,1,107.0,307.21,27.93,,,2010-02-18 15:18:00,2010-02-18 15:18:00,0,,United Kingdom,659,1,307.21,1,1,2,112,0,Lost,Very High
13036.0,1,38.0,307.1,51.18,,,2010-01-24 11:35:00,2010-01-24 11:35:00,0,,United Kingdom,685,1,307.1,1,1,2,112,0,Lost,Very High
13142.0,1,258.0,307.09,13.35,,,2011-11-20 16:07:00,2011-11-20 16:07:00,0,,United Kingdom,19,1,307.09,4,1,2,412,1,Regular,Low
15087.0,1,470.0,306.94,20.46,,,2011-03-03 10:34:00,2011-03-03 10:34:00,0,,United Kingdom,282,1,306.94,2,1,2,212,0,Lost,Very High
13660.0,1,136.0,306.64,7.67,,,2010-11-04 16:10:00,2010-11-04 16:10:00,0,,United Kingdom,400,1,306.64,2,1,2,212,0,Lost,Very High
16649.0,1,82.0,306.58,15.33,,,2010-07-07 15:41:00,2010-07-07 15:41:00,0,,United Kingdom,520,1,306.58,1,1,2,112,0,Lost,Very High
13718.0,2,173.0,306.55,25.55,0.0408,51.08,2011-02-17 11:58:00,2011-04-07 13:24:00,49,49.0,United Kingdom,246,2,306.55,2,3,2,232,1,Regular,Very High
18059.0,3,258.0,306.46,17.03,0.0682,51.1,2011-10-03 09:30:00,2011-11-16 16:49:00,44,22.0,United Kingdom,23,3,306.46,4,3,2,432,1,Regular,Low
16524.0,2,259.0,306.19,5.78,0.0082,11.61,2010-01-17 13:16:00,2010-09-19 13:37:00,245,245.0,United Kingdom,446,2,306.19,1,3,2,132,0,Lost,Very High
17077.0,1,36.0,306.0,306.0,,,2010-05-10 16:36:00,2010-05-10 16:36:00,0,,United Kingdom,578,1,306.0,1,1,2,112,0,Lost,Very High
15454.0,2,146.0,305.99,7.65,0.0078,15.28,2010-03-31 13:15:00,2010-12-12 14:21:00,256,256.0,United Kingdom,362,2,305.99,2,3,2,232,0,Lost,Very High
15135.0,2,84.0,305.68,15.28,0.0063,30.52,2010-06-01 13:33:00,2011-04-14 19:16:00,317,317.0,United Kingdom,239,2,305.68,2,3,2,232,1,Regular,Very High
16796.0,1,186.0,305.62,16.98,,,2011-09-11 14:01:00,2011-09-11 14:01:00,0,,United Kingdom,89,1,305.62,3,1,2,312,1,Regular,Medium
16181.0,1,152.0,305.54,27.78,,,2011-09-27 13:38:00,2011-09-27 13:38:00,0,,United Kingdom,73,1,305.54,3,1,2,312,1,Regular,Medium
15893.0,1,288.0,305.28,305.28,,,2010-08-15 11:12:00,2010-08-15 11:12:00,0,,United Kingdom,482,1,305.28,1,1,2,112,0,Lost,Very High
13383.0,1,288.0,305.28,305.28,,,2010-06-14 11:45:00,2010-06-14 11:45:00,0,,United Kingdom,544,1,305.28,1,1,2,112,0,Lost,Very High
15163.0,2,186.0,304.47,10.5,0.0115,21.01,2011-05-31 15:22:00,2011-11-21 13:10:00,174,174.0,United Kingdom,18,2,304.47,5,3,2,532,1,Regular,Low
16217.0,2,91.0,304.25,20.28,0.0426,40.6,2011-03-02 15:28:00,2011-04-18 13:31:00,47,47.0,United Kingdom,235,2,304.25,2,3,2,232,1,Regular,Very High
18185.0,1,183.0,304.25,17.9,,,2011-04-04 13:42:00,2011-04-04 13:42:00,0,,United Kingdom,249,1,304.25,2,1,2,212,1,Regular,Very High
16674.0,2,181.0,304.24,3.27,0.0455,6.55,2011-09-02 13:59:00,2011-10-16 11:31:00,44,44.0,United Kingdom,55,2,304.24,4,3,2,432,1,Regular,Medium
17688.0,1,114.0,304.2,16.01,,,2010-11-11 10:41:00,2010-11-11 10:41:00,0,,United Kingdom,394,1,304.2,2,1,2,212,0,Lost,Very High
14990.0,2,129.0,304.17,7.24,0.0169,14.44,2009-12-09 13:31:00,2010-04-06 13:54:00,118,118.0,United Kingdom,612,2,304.17,1,3,2,132,0,Lost,Very High
17383.0,2,160.0,304.09,5.96,0.0045,12.04,2010-09-12 14:54:00,2011-12-05 17:36:00,449,449.0,United Kingdom,4,2,304.09,5,3,2,532,1,Regular,Low
16489.0,2,38.0,303.7,50.62,0.0357,101.2,2010-09-29 15:02:00,2010-11-24 14:40:00,56,56.0,United Kingdom,380,2,303.7,2,3,2,232,0,Lost,Very High
14791.0,1,127.0,303.63,15.98,,,2010-04-12 10:24:00,2010-04-12 10:24:00,0,,United Kingdom,607,1,303.63,1,1,2,112,0,Lost,Very High
14806.0,2,423.0,303.43,15.17,0.0055,30.37,2010-09-26 15:50:00,2011-09-25 15:32:00,364,364.0,United Kingdom,75,2,303.43,3,3,2,332,1,Regular,Medium
18255.0,2,201.0,303.15,15.96,0.0054,31.63,2010-09-09 16:31:00,2011-09-11 13:16:00,367,367.0,United Kingdom,89,2,303.15,3,3,2,332,1,Regular,Medium
16425.0,1,199.0,302.7,14.41,,,2011-02-10 14:30:00,2011-02-10 14:30:00,0,,United Kingdom,302,1,302.7,2,1,2,212,0,Lost,Very High
14043.0,2,152.0,302.6,7.38,0.0084,14.75,2009-12-10 15:56:00,2010-08-05 18:18:00,238,238.0,United Kingdom,491,2,302.6,1,3,2,132,0,Lost,Very High
18165.0,1,254.0,302.46,30.25,,,2011-06-15 13:23:00,2011-06-15 13:23:00,0,,United Kingdom,177,1,302.46,3,1,2,312,1,Regular,High
17339.0,3,172.0,302.36,30.24,0.0072,90.36,2010-07-18 13:08:00,2011-09-06 13:29:00,415,207.5,United Kingdom,94,3,302.36,3,3,2,332,1,Regular,High
17506.0,1,139.0,302.2,21.59,,,2011-09-25 11:39:00,2011-09-25 11:39:00,0,,United Kingdom,76,1,302.2,3,1,2,312,1,Regular,Medium
15054.0,2,198.0,302.1,2.65,0.0714,5.3,2011-10-30 14:33:00,2011-11-27 15:02:00,28,28.0,United Kingdom,12,2,302.1,5,3,2,532,1,Regular,Low
15242.0,1,196.0,302.04,75.51,,,2010-10-13 15:33:00,2010-10-13 15:33:00,0,,United Kingdom,422,1,302.04,1,1,2,112,0,Lost,Very High
16297.0,1,206.0,301.9,15.1,,,2011-03-16 08:29:00,2011-03-16 08:29:00,0,,United Kingdom,269,1,301.9,2,1,2,212,0,Lost,Very High
13773.0,2,174.0,301.54,15.87,0.0076,31.72,2010-02-18 10:27:00,2010-11-08 11:49:00,263,263.0,United Kingdom,397,2,301.54,2,3,2,232,0,Lost,Very High
15667.0,1,240.0,301.32,23.18,,,2011-10-31 10:56:00,2011-10-31 10:56:00,0,,United Kingdom,40,1,301.32,4,1,2,412,1,Regular,Medium
15148.0,1,187.0,301.29,15.06,,,2011-11-29 08:21:00,2011-11-29 08:21:00,0,,United Kingdom,11,1,301.29,5,1,2,512,1,Regular,Low
13625.0,1,144.0,301.26,14.35,,,2010-04-22 10:50:00,2010-04-22 10:50:00,0,,United Kingdom,597,1,301.26,1,1,2,112,0,Lost,Very High
16437.0,2,197.0,301.25,14.35,0.0417,28.72,2010-10-06 12:34:00,2010-11-23 16:59:00,48,48.0,United Kingdom,381,2,301.25,2,3,2,232,0,Lost,Very High
12351.0,1,261.0,300.93,14.33,,,2010-11-29 15:23:00,2010-11-29 15:23:00,0,,Unspecified,375,1,300.93,2,1,2,212,0,Lost,Very High
16479.0,2,102.0,300.83,8.6,,,2011-11-29 13:04:00,2011-11-29 13:40:00,0,0.0,United Kingdom,10,2,300.83,5,3,2,532,1,Regular,Low
16050.0,3,388.0,300.7,14.32,0.0132,43.1,2010-11-03 15:55:00,2011-06-19 11:44:00,228,114.0,United Kingdom,174,3,300.7,3,3,2,332,1,Regular,High
17556.0,2,184.0,300.67,21.48,0.0115,42.98,2010-11-25 17:00:00,2011-05-18 10:48:00,174,174.0,United Kingdom,206,2,300.67,2,3,2,232,1,Regular,Very High
17793.0,1,226.0,300.34,5.78,,,2011-11-14 14:24:00,2011-11-14 14:24:00,0,,United Kingdom,25,1,300.34,4,1,2,412,1,Regular,Low
14797.0,1,99.0,300.31,18.77,,,2010-07-20 14:07:00,2010-07-20 14:07:00,0,,United Kingdom,507,1,300.31,1,1,2,112,0,Lost,Very High
17991.0,3,93.0,300.3,7.9,0.0082,23.71,2010-04-27 12:46:00,2011-04-28 15:58:00,366,183.0,United Kingdom,225,3,300.3,2,3,2,232,1,Regular,Very High
17766.0,2,155.0,299.61,13.62,,,2010-11-23 14:17:00,2010-11-23 14:29:00,0,0.0,United Kingdom,381,2,299.61,2,3,2,232,0,Lost,Very High
12864.0,2,447.0,299.57,42.8,0.0054,85.51,2010-07-19 17:22:00,2011-07-24 13:03:00,370,370.0,United Kingdom,138,2,299.57,3,3,2,332,1,Regular,High
13346.0,6,180.0,299.4,49.9,0.0448,299.56,2010-04-22 12:34:00,2010-09-03 11:41:00,134,26.8,United Kingdom,463,6,299.4,1,4,2,142,0,Lost,Very High
17898.0,4,251.0,299.18,5.98,0.0083,23.92,2010-05-21 17:22:00,2011-09-15 14:56:00,482,160.67,United Kingdom,85,4,299.18,3,4,2,342,1,Regular,Medium
13667.0,1,149.0,299.05,3.6,,,2011-07-13 15:42:00,2011-07-13 15:42:00,0,,United Kingdom,149,1,299.05,3,1,2,312,1,Regular,High
12595.0,1,271.0,299.02,15.74,,,2010-07-23 09:10:00,2010-07-23 09:10:00,0,,Germany,505,1,299.02,1,1,2,112,0,Lost,Very High
15609.0,1,148.0,298.48,18.66,,,2011-06-08 13:00:00,2011-06-08 13:00:00,0,,United Kingdom,184,1,298.48,3,1,2,312,1,Regular,Very High
17824.0,1,408.0,298.4,22.95,,,2011-10-19 14:14:00,2011-10-19 14:14:00,0,,United Kingdom,51,1,298.4,4,1,2,412,1,Regular,Medium
12881.0,1,21.0,298.0,42.57,,,2011-03-09 11:44:00,2011-03-09 11:44:00,0,,United Kingdom,276,1,298.0,2,1,2,212,0,Lost,Very High
18018.0,4,186.0,297.99,6.77,0.0128,27.04,2010-10-15 11:05:00,2011-08-23 17:37:00,312,104.0,United Kingdom,108,4,297.99,3,4,2,342,1,Regular,High
16583.0,2,153.0,297.95,16.55,0.0067,33.27,2010-02-04 12:18:00,2010-12-01 12:03:00,300,300.0,United Kingdom,374,2,297.95,2,3,2,232,0,Lost,Very High
14835.0,2,180.0,297.0,148.5,0.0225,297.37,2010-04-01 19:34:00,2010-06-29 10:08:00,89,89.0,United Kingdom,529,2,297.0,1,3,2,132,0,Lost,Very High
17627.0,1,676.0,296.36,29.64,,,2010-08-18 11:27:00,2010-08-18 11:27:00,0,,United Kingdom,479,1,296.36,1,1,2,112,0,Lost,Very High
13751.0,1,152.0,296.25,32.92,,,2011-02-24 15:56:00,2011-02-24 15:56:00,0,,United Kingdom,288,1,296.25,2,1,2,212,0,Lost,Very High
12898.0,2,235.0,296.21,10.97,0.0102,21.93,2010-02-18 12:36:00,2010-09-02 08:08:00,196,196.0,United Kingdom,464,2,296.21,1,3,2,132,0,Lost,Very High
13504.0,1,178.0,295.93,13.45,,,2011-10-06 13:20:00,2011-10-06 13:20:00,0,,United Kingdom,64,1,295.93,3,1,2,312,1,Regular,Medium
14269.0,1,123.0,295.73,18.48,,,2010-09-26 12:53:00,2010-09-26 12:53:00,0,,United Kingdom,439,1,295.73,1,1,2,112,0,Lost,Very High
14614.0,1,189.0,295.13,15.53,,,2010-11-18 13:04:00,2010-11-18 13:04:00,0,,United Kingdom,386,1,295.13,2,1,2,212,0,Lost,Very High
16252.0,1,158.0,295.09,14.05,,,2010-11-22 11:57:00,2010-11-22 11:57:00,0,,United Kingdom,383,1,295.09,2,1,2,212,0,Lost,Very High
16579.0,1,119.0,295.05,21.07,,,2010-10-10 11:58:00,2010-10-10 11:58:00,0,,United Kingdom,426,1,295.05,1,1,2,112,0,Lost,Very High
17057.0,1,129.0,294.74,5.89,,,2010-04-22 19:21:00,2010-04-22 19:21:00,0,,United Kingdom,596,1,294.74,1,1,2,112,0,Lost,Very High
17301.0,2,216.0,294.39,2.61,0.0033,5.19,2010-03-25 13:16:00,2011-11-18 13:43:00,603,603.0,United Kingdom,21,2,294.39,4,3,2,432,1,Regular,Low
15060.0,4,257.0,294.25,2.56,4.0,10.24,2011-11-30 14:03:00,2011-12-01 13:47:00,1,0.33,United Kingdom,8,4,294.25,5,4,2,542,1,Regular,Low
17124.0,1,129.0,294.24,9.49,,,2011-06-07 14:02:00,2011-06-07 14:02:00,0,,United Kingdom,185,1,294.24,3,1,2,312,1,Regular,Very High
17927.0,1,108.0,294.0,29.4,,,2009-12-18 11:03:00,2009-12-18 11:03:00,0,,United Kingdom,722,1,294.0,1,1,2,112,0,Lost,Very High
15718.0,1,95.0,293.79,16.32,,,2010-06-17 16:20:00,2010-06-17 16:20:00,0,,United Kingdom,540,1,293.79,1,1,2,112,0,Lost,Very High
14192.0,1,218.0,293.74,20.98,,,2010-11-16 17:44:00,2010-11-16 17:44:00,0,,United Kingdom,388,1,293.74,2,1,2,212,0,Lost,Very High
15928.0,1,164.0,293.53,26.68,,,2010-02-21 15:16:00,2010-02-21 15:16:00,0,,United Kingdom,656,1,293.53,1,1,2,112,0,Lost,Very High
17710.0,1,158.0,293.5,14.67,,,2010-10-12 07:49:00,2010-10-12 07:49:00,0,,United Kingdom,424,1,293.5,1,1,2,112,0,Lost,Very High
16402.0,2,146.0,293.45,5.15,0.019,10.27,2010-12-05 13:42:00,2011-03-20 12:25:00,105,105.0,United Kingdom,265,2,293.45,2,3,2,232,0,Lost,Very High
17441.0,1,245.0,293.35,13.97,,,2009-12-07 13:32:00,2009-12-07 13:32:00,0,,United Kingdom,732,1,293.35,1,1,2,112,0,Lost,Very High
17207.0,1,233.0,292.62,4.88,,,2010-02-25 19:08:00,2010-02-25 19:08:00,0,,United Kingdom,652,1,292.62,1,1,2,112,0,Lost,Very High
16721.0,1,172.0,292.47,7.9,,,2011-03-22 16:08:00,2011-03-22 16:08:00,0,,United Kingdom,262,1,292.47,2,1,2,212,0,Lost,Very High
16543.0,1,317.0,292.21,16.23,,,2010-04-27 11:38:00,2010-04-27 11:38:00,0,,United Kingdom,592,1,292.21,1,1,2,112,0,Lost,Very High
13739.0,2,76.0,292.2,48.7,0.0039,96.67,2010-06-30 10:25:00,2011-11-21 13:35:00,509,509.0,United Kingdom,18,2,292.2,5,3,2,532,1,Regular,Low
14985.0,2,256.0,292.01,3.52,0.0125,7.04,2010-12-16 19:51:00,2011-05-25 14:29:00,160,160.0,United Kingdom,198,2,292.01,2,3,2,232,1,Regular,Very High
13449.0,1,222.0,291.88,15.36,,,2011-11-16 08:28:00,2011-11-16 08:28:00,0,,United Kingdom,24,1,291.88,4,1,2,412,1,Regular,Low
17907.0,1,1046.0,291.76,22.44,,,2010-03-09 12:33:00,2010-03-09 12:33:00,0,,United Kingdom,641,1,291.76,1,1,2,112,0,Lost,Very High
17882.0,2,130.0,291.56,5.5,,,2010-11-25 14:35:00,2010-11-25 14:40:00,0,0.0,United Kingdom,379,2,291.56,2,3,2,232,0,Lost,Very High
16615.0,1,211.0,291.5,15.34,,,2010-03-23 15:13:00,2010-03-23 15:13:00,0,,United Kingdom,626,1,291.5,1,1,2,112,0,Lost,Very High
18182.0,1,167.0,291.13,29.11,,,2010-09-02 14:25:00,2010-09-02 14:25:00,0,,United Kingdom,463,1,291.13,1,1,2,112,0,Lost,Very High
17551.0,1,142.0,290.34,7.44,,,2010-12-15 14:12:00,2010-12-15 14:12:00,0,,United Kingdom,359,1,290.34,2,1,2,212,0,Lost,Very High
15391.0,1,109.0,289.87,24.16,,,2010-05-04 15:04:00,2010-05-04 15:04:00,0,,United Kingdom,584,1,289.87,1,1,2,112,0,Lost,Very High
16897.0,2,73.0,289.78,7.83,0.1429,15.66,2011-01-30 11:52:00,2011-02-13 15:02:00,14,14.0,United Kingdom,299,2,289.78,2,3,2,232,0,Lost,Very High
13796.0,1,218.0,289.7,13.17,,,2010-07-28 14:45:00,2010-07-28 14:45:00,0,,United Kingdom,499,1,289.7,1,1,2,112,0,Lost,Very High
15962.0,1,228.0,289.48,5.26,,,2010-09-16 13:48:00,2010-09-16 13:48:00,0,,United Kingdom,449,1,289.48,1,1,2,112,0,Lost,Very High
15041.0,2,194.0,289.4,2.78,0.0073,5.56,2010-09-21 13:16:00,2011-06-22 16:16:00,274,274.0,United Kingdom,170,2,289.4,3,3,2,332,1,Regular,High
14162.0,2,142.0,289.36,11.57,0.0168,23.13,2011-02-20 12:32:00,2011-06-19 11:36:00,119,119.0,United Kingdom,174,2,289.36,3,3,2,332,1,Regular,High
15545.0,2,162.0,288.97,3.61,0.0063,7.21,2010-12-03 17:28:00,2011-10-16 13:24:00,317,317.0,United Kingdom,54,2,288.97,4,3,2,432,1,Regular,Medium
17501.0,2,160.0,288.6,16.03,,,2011-05-03 09:46:00,2011-05-03 09:47:00,0,0.0,United Kingdom,221,2,288.6,2,3,2,232,1,Regular,Very High
16808.0,2,196.0,288.42,12.54,0.0114,25.02,2011-03-10 19:05:00,2011-09-01 19:34:00,175,175.0,United Kingdom,99,2,288.42,3,3,2,332,1,Regular,High
16432.0,1,276.0,287.4,35.92,,,2011-10-06 13:59:00,2011-10-06 13:59:00,0,,United Kingdom,64,1,287.4,3,1,2,312,1,Regular,Medium
17497.0,2,59.0,287.25,41.04,0.0091,82.16,2010-04-08 08:01:00,2010-11-14 14:17:00,220,220.0,United Kingdom,390,2,287.25,2,3,2,232,0,Lost,Very High
13508.0,2,180.0,287.05,10.25,0.005,20.45,2010-03-07 11:58:00,2011-04-10 11:58:00,399,399.0,United Kingdom,244,2,287.05,2,3,2,232,1,Regular,Very High
14660.0,2,228.0,285.74,9.52,0.1429,19.05,2011-08-31 10:40:00,2011-09-14 11:34:00,14,14.0,United Kingdom,87,2,285.74,3,3,2,332,1,Regular,Medium
14402.0,1,240.0,285.6,35.7,,,2010-02-25 13:20:00,2010-02-25 13:20:00,0,,United Kingdom,652,1,285.6,1,1,2,112,0,Lost,Very High
17636.0,1,182.0,285.56,14.28,,,2011-11-20 14:40:00,2011-11-20 14:40:00,0,,United Kingdom,19,1,285.56,4,1,1,411,1,Regular,Low
16890.0,3,243.0,285.41,15.02,0.0283,45.06,2010-05-06 16:27:00,2010-08-20 11:23:00,106,53.0,United Kingdom,477,3,285.41,1,3,1,131,0,Lost,Very High
13708.0,1,301.0,285.33,5.82,,,2011-03-13 13:46:00,2011-03-13 13:46:00,0,,United Kingdom,271,1,285.33,2,1,1,211,0,Lost,Very High
12487.0,1,174.0,285.3,142.65,,,2009-12-09 11:36:00,2009-12-09 11:36:00,0,,Sweden,731,1,285.3,1,1,1,111,0,Lost,Very High
16429.0,1,9.0,284.55,142.28,,,2011-08-25 13:54:00,2011-08-25 13:54:00,0,,United Kingdom,106,1,284.55,3,1,1,311,1,Regular,High
15445.0,2,118.0,284.5,20.32,0.0061,40.41,2010-04-28 15:00:00,2011-03-20 15:06:00,326,326.0,United Kingdom,264,2,284.5,2,3,1,231,0,Lost,Very High
17359.0,2,237.0,284.46,7.49,0.0031,14.79,2010-03-01 14:48:00,2011-11-28 14:37:00,637,637.0,United Kingdom,11,2,284.46,5,3,1,531,1,Regular,Low
15354.0,3,3.0,284.4,94.8,,,2010-04-15 16:17:00,2010-04-15 16:24:00,0,0.0,United Kingdom,603,3,284.4,1,3,1,131,0,Lost,Very High
13616.0,2,172.0,283.85,8.11,0.0163,16.26,2010-01-17 14:56:00,2010-05-20 12:59:00,123,123.0,United Kingdom,568,2,283.85,1,3,1,131,0,Lost,Very High
13121.0,1,252.0,283.73,5.67,,,2011-03-15 16:47:00,2011-03-15 16:47:00,0,,United Kingdom,269,1,283.73,2,1,1,211,0,Lost,Very High
15662.0,2,145.0,283.73,23.64,0.026,47.33,2009-12-01 13:49:00,2010-02-16 16:47:00,77,77.0,United Kingdom,661,2,283.73,1,3,1,131,0,Lost,Very High
13909.0,2,301.0,282.85,7.44,0.0204,14.87,2010-07-06 16:52:00,2010-10-12 17:22:00,98,98.0,United Kingdom,423,2,282.85,1,3,1,131,0,Lost,Very High
15936.0,2,211.0,282.79,14.88,0.0227,29.72,2010-08-29 11:42:00,2010-11-25 16:39:00,88,88.0,United Kingdom,379,2,282.79,2,3,1,231,0,Lost,Very High
13511.0,1,60.0,282.76,56.55,,,2010-02-01 12:10:00,2010-02-01 12:10:00,0,,United Kingdom,677,1,282.76,1,1,1,111,0,Lost,Very High
12771.0,1,104.0,282.3,18.82,,,2010-08-11 11:51:00,2010-08-11 11:51:00,0,,Portugal,486,1,282.3,1,1,1,111,0,Lost,Very High
16557.0,2,111.0,281.85,25.62,0.0177,51.24,2011-07-25 13:28:00,2011-11-15 14:04:00,113,113.0,United Kingdom,24,2,281.85,4,3,1,431,1,Regular,Low
13326.0,1,140.0,281.76,21.67,,,2010-10-03 16:00:00,2010-10-03 16:00:00,0,,United Kingdom,432,1,281.76,1,1,1,111,0,Lost,Very High
13679.0,3,102.0,281.26,5.63,0.0124,16.89,2009-12-04 16:52:00,2010-08-03 12:13:00,242,121.0,United Kingdom,494,3,281.26,1,3,1,131,0,Lost,Very High
18042.0,2,69.0,281.15,17.57,0.0041,35.15,2010-06-16 10:53:00,2011-10-17 11:49:00,488,488.0,United Kingdom,54,2,281.15,4,3,1,431,1,Regular,Medium
15772.0,1,110.0,280.88,17.56,,,2010-10-17 13:33:00,2010-10-17 13:33:00,0,,United Kingdom,418,1,280.88,1,1,1,111,0,Lost,Very High
12851.0,2,157.0,280.76,3.65,0.0052,7.23,2010-08-19 15:13:00,2011-09-04 12:41:00,381,381.0,United Kingdom,97,2,280.76,3,3,1,331,1,Regular,High
13080.0,4,193.0,280.73,14.78,0.0093,59.11,2010-04-09 13:07:00,2011-06-13 14:59:00,430,143.33,United Kingdom,179,4,280.73,3,4,1,341,1,Regular,High
14433.0,1,131.0,280.7,3.79,,,2010-08-31 12:35:00,2010-08-31 12:35:00,0,,United Kingdom,466,1,280.7,1,1,1,111,0,Lost,Very High
14242.0,2,123.0,280.55,17.53,0.022,35.1,2011-01-18 08:53:00,2011-04-19 11:46:00,91,91.0,United Kingdom,235,2,280.55,2,3,1,231,1,Regular,Very High
13581.0,2,119.0,280.53,8.5,0.019,16.96,2010-10-21 16:30:00,2011-02-03 14:41:00,105,105.0,United Kingdom,309,2,280.53,2,3,1,231,0,Lost,Very High
17247.0,1,105.0,280.09,5.19,,,2011-11-24 15:21:00,2011-11-24 15:21:00,0,,United Kingdom,15,1,280.09,5,1,1,511,1,Regular,Low
15556.0,1,236.0,279.77,9.02,,,2011-11-15 16:08:00,2011-11-15 16:08:00,0,,United Kingdom,24,1,279.77,4,1,1,411,1,Regular,Low
14183.0,2,60.0,278.34,8.19,0.0286,16.4,2010-08-15 15:36:00,2010-10-24 14:45:00,70,70.0,United Kingdom,411,2,278.34,1,3,1,131,0,Lost,Very High
14764.0,1,190.0,278.3,46.38,,,2011-10-24 11:54:00,2011-10-24 11:54:00,0,,United Kingdom,47,1,278.3,4,1,1,411,1,Regular,Medium
14303.0,2,218.0,277.94,12.63,0.0741,25.27,2010-10-01 10:31:00,2010-10-28 15:37:00,27,27.0,United Kingdom,407,2,277.94,2,3,1,231,0,Lost,Very High
15338.0,1,148.0,277.93,4.79,,,2010-01-31 14:25:00,2010-01-31 14:25:00,0,,United Kingdom,677,1,277.93,1,1,1,111,0,Lost,Very High
15355.0,2,45.0,277.05,19.79,0.0833,39.56,2011-10-17 15:22:00,2011-11-10 13:44:00,24,24.0,United Kingdom,29,2,277.05,4,3,1,431,1,Regular,Low
13606.0,3,276.0,276.75,6.92,0.0106,20.69,2011-02-01 11:42:00,2011-11-10 17:46:00,282,141.0,United Kingdom,29,3,276.75,4,3,1,431,1,Regular,Low
13272.0,2,96.0,276.56,18.44,0.0345,36.9,2011-09-11 12:06:00,2011-11-08 14:00:00,58,58.0,United Kingdom,31,2,276.56,4,3,1,431,1,Regular,Medium
12750.0,1,137.0,275.88,18.39,,,2011-08-03 09:13:00,2011-08-03 09:13:00,0,,Poland,129,1,275.88,3,1,1,311,1,Regular,High
13399.0,3,120.0,275.4,18.36,0.0545,55.03,2010-07-08 17:47:00,2010-09-01 13:59:00,55,27.5,United Kingdom,464,3,275.4,1,3,1,131,0,Lost,Very High
16313.0,2,165.0,274.15,17.13,0.0435,34.28,2011-10-21 09:04:00,2011-12-06 13:02:00,46,46.0,United Kingdom,3,2,274.15,5,3,1,531,1,Regular,Low
12789.0,3,36.0,273.35,34.17,0.0048,103.0,2010-01-15 12:06:00,2011-10-05 13:34:00,628,314.0,Netherlands,65,3,273.35,3,3,1,331,1,Regular,Medium
17072.0,1,212.0,273.35,13.02,,,2010-03-24 16:33:00,2010-03-24 16:33:00,0,,United Kingdom,625,1,273.35,1,1,1,111,0,Lost,Very High
13307.0,3,140.0,273.34,18.22,0.0064,55.04,2010-04-26 13:28:00,2011-08-11 17:14:00,472,236.0,United Kingdom,120,3,273.34,3,3,1,331,1,Regular,High
17355.0,1,249.0,273.31,8.28,,,2010-11-18 13:18:00,2010-11-18 13:18:00,0,,United Kingdom,386,1,273.31,2,1,1,211,0,Lost,Very High
13861.0,2,225.0,273.26,13.01,0.0198,26.02,2010-06-27 11:37:00,2010-10-06 14:20:00,101,101.0,United Kingdom,429,2,273.26,1,3,1,131,0,Lost,Very High
17498.0,1,394.0,272.22,16.01,,,2011-09-25 12:25:00,2011-09-25 12:25:00,0,,United Kingdom,76,1,272.22,3,1,1,311,1,Regular,Medium
13917.0,2,228.0,272.04,15.11,0.0141,30.25,2011-06-01 12:46:00,2011-10-21 09:56:00,142,142.0,United Kingdom,50,2,272.04,4,3,1,431,1,Regular,Medium
14816.0,1,5.0,271.85,67.96,,,2011-05-26 13:16:00,2011-05-26 13:16:00,0,,United Kingdom,197,1,271.85,2,1,1,211,1,Regular,Very High
17292.0,2,131.0,271.75,18.12,0.0187,36.26,2010-05-09 14:52:00,2010-08-24 17:14:00,107,107.0,United Kingdom,472,2,271.75,1,3,1,131,0,Lost,Very High
14436.0,2,297.0,271.7,24.7,0.0044,49.45,2010-06-04 11:32:00,2011-09-02 10:13:00,455,455.0,United Kingdom,99,2,271.7,3,3,1,331,1,Regular,High
13058.0,3,52.0,271.4,33.92,0.0236,101.67,2011-07-11 12:01:00,2011-11-15 12:43:00,127,63.5,United Kingdom,25,3,271.4,4,3,1,431,1,Regular,Low
15943.0,2,183.0,271.29,22.61,0.0714,45.2,2010-01-31 11:04:00,2010-02-28 12:49:00,28,28.0,United Kingdom,650,2,271.29,1,3,1,131,0,Lost,Very High
17278.0,2,195.0,271.24,15.96,0.0062,32.06,2010-05-23 13:49:00,2011-04-12 13:10:00,324,324.0,United Kingdom,241,2,271.24,2,3,1,231,1,Regular,Very High
18238.0,1,114.0,270.92,19.35,,,2010-07-12 12:51:00,2010-07-12 12:51:00,0,,United Kingdom,515,1,270.92,1,1,1,111,0,Lost,Very High
14520.0,2,146.0,270.6,67.65,0.0069,134.9,2011-02-22 09:15:00,2011-12-08 09:46:00,289,289.0,United Kingdom,2,2,270.6,5,3,1,531,1,Regular,Low
16757.0,2,180.0,270.48,18.03,0.022,36.1,2010-10-26 15:09:00,2011-01-25 11:59:00,91,91.0,United Kingdom,319,2,270.48,2,3,1,231,0,Lost,Very High
12558.0,1,196.0,269.96,24.54,,,2011-12-02 10:41:00,2011-12-02 10:41:00,0,,USA,8,1,269.96,5,1,1,511,1,Regular,Low
18267.0,1,135.0,269.37,15.85,,,2010-02-05 08:43:00,2010-02-05 08:43:00,0,,United Kingdom,673,1,269.37,1,1,1,111,0,Lost,Very High
15964.0,1,93.0,269.21,13.46,,,2010-02-14 15:30:00,2010-02-14 15:30:00,0,,United Kingdom,663,1,269.21,1,1,1,111,0,Lost,Very High
13533.0,3,202.0,269.09,3.59,0.0353,10.77,2011-03-17 12:47:00,2011-06-10 11:54:00,85,42.5,United Kingdom,183,3,269.09,3,3,1,331,1,Regular,Very High
17264.0,1,217.0,268.28,3.63,,,2010-10-11 12:52:00,2010-10-11 12:52:00,0,,United Kingdom,424,1,268.28,1,1,1,111,0,Lost,Very High
12751.0,1,189.0,268.27,4.33,,,2010-09-21 12:49:00,2010-09-21 12:49:00,0,,Brazil,445,1,268.27,1,1,1,111,0,Lost,Very High
18254.0,1,188.0,267.9,16.74,,,2010-05-07 14:37:00,2010-05-07 14:37:00,0,,United Kingdom,581,1,267.9,1,1,1,111,0,Lost,Very High
14039.0,2,192.0,267.28,26.73,0.0037,53.6,2010-05-13 10:15:00,2011-11-06 13:48:00,542,542.0,United Kingdom,33,2,267.28,4,3,1,431,1,Regular,Medium
15408.0,1,106.0,267.18,7.86,,,2011-03-20 15:02:00,2011-03-20 15:02:00,0,,United Kingdom,264,1,267.18,2,1,1,211,0,Lost,Very High
15320.0,1,326.0,267.13,7.42,,,2011-10-26 13:27:00,2011-10-26 13:27:00,0,,United Kingdom,44,1,267.13,4,1,1,411,1,Regular,Medium
15517.0,1,293.0,267.03,9.89,,,2011-04-20 14:02:00,2011-04-20 14:02:00,0,,United Kingdom,233,1,267.03,2,1,1,211,1,Regular,Very High
15423.0,3,198.0,266.89,19.06,0.0051,56.67,2010-03-28 13:42:00,2011-11-01 14:01:00,583,291.5,United Kingdom,38,3,266.89,4,3,1,431,1,Regular,Medium
17786.0,2,195.0,266.85,3.92,0.0086,7.82,2011-01-26 14:35:00,2011-09-15 12:51:00,232,232.0,United Kingdom,85,2,266.85,3,3,1,331,1,Regular,Medium
14863.0,1,132.0,266.76,24.25,,,2011-11-10 15:04:00,2011-11-10 15:04:00,0,,United Kingdom,29,1,266.76,4,1,1,411,1,Regular,Low
13837.0,2,182.0,266.59,14.81,0.0189,29.67,2011-01-26 12:15:00,2011-05-12 12:10:00,106,106.0,United Kingdom,212,2,266.59,2,3,1,231,1,Regular,Very High
14392.0,1,114.0,266.4,19.03,,,2010-10-03 12:56:00,2010-10-03 12:56:00,0,,United Kingdom,432,1,266.4,1,1,1,111,0,Lost,Very High
15119.0,1,88.0,266.4,19.03,,,2011-04-08 09:08:00,2011-04-08 09:08:00,0,,United Kingdom,246,1,266.4,2,1,1,211,1,Regular,Very High
12962.0,2,129.0,266.39,16.65,0.0189,33.36,2011-08-18 13:38:00,2011-12-02 15:55:00,106,106.0,United Kingdom,7,2,266.39,5,3,1,531,1,Regular,Low
13973.0,1,109.0,264.7,24.06,,,2011-02-25 15:21:00,2011-02-25 15:21:00,0,,United Kingdom,287,1,264.7,2,1,1,211,0,Lost,Very High
16334.0,1,206.0,263.73,4.88,,,2010-08-04 16:38:00,2010-08-04 16:38:00,0,,United Kingdom,492,1,263.73,1,1,1,111,0,Lost,Very High
13128.0,1,31.0,263.5,263.5,,,2010-03-18 15:08:00,2010-03-18 15:08:00,0,,United Kingdom,631,1,263.5,1,1,1,111,0,Lost,Very High
16089.0,2,119.0,263.49,5.61,0.0163,11.25,2010-07-18 15:51:00,2010-11-18 13:51:00,123,123.0,United Kingdom,386,2,263.49,2,3,1,231,0,Lost,Very High
12892.0,1,140.0,263.38,14.63,,,2010-11-08 09:51:00,2010-11-08 09:51:00,0,,United Kingdom,397,1,263.38,2,1,1,211,0,Lost,Very High
17808.0,4,143.0,262.64,7.96,0.1212,31.84,2010-05-07 16:26:00,2010-06-09 10:44:00,33,11.0,United Kingdom,549,4,262.64,1,4,1,141,0,Lost,Very High
13331.0,1,54.0,262.4,21.87,,,2010-11-03 08:04:00,2010-11-03 08:04:00,0,,United Kingdom,402,1,262.4,2,1,1,211,0,Lost,Very High
17910.0,1,121.0,261.7,10.07,,,2009-12-13 16:04:00,2009-12-13 16:04:00,0,,United Kingdom,726,1,261.7,1,1,1,111,0,Lost,Very High
14957.0,2,97.0,261.69,9.35,0.0051,18.64,2010-03-05 10:50:00,2011-03-31 17:59:00,391,391.0,United Kingdom,253,2,261.69,2,3,1,231,0,Lost,Very High
12655.0,1,80.0,261.35,16.33,,,2010-10-12 09:17:00,2010-10-12 09:17:00,0,,France,424,1,261.35,1,1,1,111,0,Lost,Very High
13189.0,2,842.0,260.68,8.99,0.0206,17.96,2011-08-16 13:12:00,2011-11-21 10:39:00,97,97.0,United Kingdom,19,2,260.68,4,3,1,431,1,Regular,Low
17901.0,3,38.0,260.08,11.82,0.0061,35.47,2010-07-06 10:54:00,2011-11-10 17:29:00,492,246.0,United Kingdom,29,3,260.08,4,3,1,431,1,Regular,Low
17022.0,2,180.0,260.0,16.25,0.005,32.58,2010-10-03 10:27:00,2011-11-08 17:09:00,401,401.0,United Kingdom,31,2,260.0,4,3,1,431,1,Regular,Medium
16733.0,1,112.0,259.68,21.64,,,2010-06-28 10:12:00,2010-06-28 10:12:00,0,,United Kingdom,530,1,259.68,1,1,1,111,0,Lost,Very High
13127.0,1,127.0,259.17,17.28,,,2011-09-23 10:26:00,2011-09-23 10:26:00,0,,United Kingdom,78,1,259.17,3,1,1,311,1,Regular,Medium
17558.0,1,54.0,259.17,9.26,,,2010-11-11 14:36:00,2010-11-11 14:36:00,0,,United Kingdom,393,1,259.17,2,1,1,211,0,Lost,Very High
17219.0,2,188.0,259.13,5.18,0.0052,10.37,2010-10-19 11:29:00,2011-11-08 11:25:00,385,385.0,United Kingdom,32,2,259.13,4,3,1,431,1,Regular,Medium
15536.0,1,242.0,259.09,16.19,,,2010-10-26 16:31:00,2010-10-26 16:31:00,0,,United Kingdom,409,1,259.09,2,1,1,211,0,Lost,Very High
14526.0,1,178.0,258.65,6.31,,,2010-11-15 13:32:00,2010-11-15 13:32:00,0,,United Kingdom,389,1,258.65,2,1,1,211,0,Lost,Very High
13683.0,1,180.0,258.6,25.86,,,2010-09-08 10:00:00,2010-09-08 10:00:00,0,,United Kingdom,458,1,258.6,1,1,1,111,0,Lost,Very High
16502.0,2,220.0,258.55,6.31,,,2010-03-29 13:39:00,2010-03-29 13:44:00,0,0.0,United Kingdom,620,2,258.55,1,3,1,131,0,Lost,Very High
15894.0,2,164.0,258.25,6.98,0.0172,13.93,2010-12-05 14:06:00,2011-03-31 13:50:00,116,116.0,United Kingdom,253,2,258.25,2,3,1,231,0,Lost,Very High
13227.0,1,99.0,257.7,28.63,,,2011-05-22 11:47:00,2011-05-22 11:47:00,0,,United Kingdom,202,1,257.7,2,1,1,211,1,Regular,Very High
15014.0,2,149.0,257.67,7.81,0.015,15.58,2011-06-16 19:40:00,2011-10-27 20:07:00,133,133.0,United Kingdom,43,2,257.67,4,3,1,431,1,Regular,Medium
16542.0,2,142.0,257.32,18.38,0.0057,36.46,2010-11-03 14:44:00,2011-10-17 10:47:00,348,348.0,United Kingdom,54,2,257.32,4,3,1,431,1,Regular,Medium
15503.0,2,130.0,257.3,2.2,0.0055,4.4,2009-12-13 11:34:00,2010-12-12 10:57:00,364,364.0,United Kingdom,363,2,257.3,2,3,1,231,0,Lost,Very High
15852.0,3,60.0,257.26,7.8,0.0088,23.34,2010-07-01 10:16:00,2011-06-06 11:22:00,340,170.0,United Kingdom,187,3,257.26,3,3,1,331,1,Regular,Very High
14483.0,2,193.0,257.1,19.78,0.0044,39.6,2009-12-03 10:16:00,2011-03-03 10:26:00,455,455.0,United Kingdom,282,2,257.1,2,3,1,231,0,Lost,Very High
15404.0,1,334.0,257.06,16.07,,,2010-11-29 11:03:00,2010-11-29 11:03:00,0,,United Kingdom,376,1,257.06,2,1,1,211,0,Lost,Very High
14876.0,2,162.0,256.7,19.75,0.05,39.5,2010-05-27 13:49:00,2010-07-06 14:57:00,40,40.0,United Kingdom,521,2,256.7,1,3,1,131,0,Lost,Very High
14274.0,1,178.0,256.6,17.11,,,2010-01-22 12:51:00,2010-01-22 12:51:00,0,,United Kingdom,686,1,256.6,1,1,1,111,0,Lost,Very High
12430.0,1,117.0,256.4,23.31,,,2011-10-27 15:09:00,2011-10-27 15:09:00,0,,Norway,43,1,256.4,4,1,1,411,1,Regular,Medium
13806.0,1,56.0,256.38,25.64,,,2011-10-07 11:43:00,2011-10-07 11:43:00,0,,United Kingdom,64,1,256.38,3,1,1,311,1,Regular,Medium
17896.0,1,288.0,256.32,128.16,,,2011-11-16 13:59:00,2011-11-16 13:59:00,0,,United Kingdom,23,1,256.32,4,1,1,411,1,Regular,Low
17385.0,1,197.0,256.11,5.69,,,2011-11-25 11:02:00,2011-11-25 11:02:00,0,,United Kingdom,15,1,256.11,5,1,1,511,1,Regular,Low
13825.0,2,182.0,255.59,6.39,0.0183,12.75,2009-12-09 14:30:00,2010-03-28 11:02:00,109,109.0,United Kingdom,622,2,255.59,1,3,1,131,0,Lost,Very High
14881.0,1,316.0,255.4,15.02,,,2011-11-20 11:06:00,2011-11-20 11:06:00,0,,United Kingdom,20,1,255.4,4,1,1,411,1,Regular,Low
16911.0,2,161.0,255.25,7.29,0.0769,14.58,2010-02-16 16:12:00,2010-03-14 12:18:00,26,26.0,United Kingdom,636,2,255.25,1,3,1,131,0,Lost,Very High
12746.0,1,97.0,254.55,14.97,,,2010-06-17 10:41:00,2010-06-17 10:41:00,0,,United Kingdom,541,1,254.55,1,1,1,111,0,Lost,Very High
12604.0,2,201.0,254.18,15.89,0.011,31.81,2011-03-23 12:06:00,2011-09-21 14:08:00,182,182.0,France,79,2,254.18,3,3,1,331,1,Regular,Medium
14765.0,3,135.0,254.11,6.52,0.0204,19.55,2011-06-16 19:49:00,2011-11-10 19:53:00,147,73.5,United Kingdom,29,3,254.11,4,3,1,431,1,Regular,Low
17626.0,1,202.0,254.0,14.11,,,2010-04-16 12:15:00,2010-04-16 12:15:00,0,,United Kingdom,603,1,254.0,1,1,1,111,0,Lost,Very High
16845.0,1,167.0,253.88,12.69,,,2010-03-31 13:09:00,2010-03-31 13:09:00,0,,United Kingdom,618,1,253.88,1,1,1,111,0,Lost,Very High
13250.0,2,107.0,253.09,13.32,0.0476,26.63,2010-07-25 14:01:00,2010-09-05 11:33:00,42,42.0,United Kingdom,461,2,253.09,1,3,1,131,0,Lost,Very High
17992.0,1,130.0,252.88,4.86,,,2010-11-15 13:04:00,2010-11-15 13:04:00,0,,United Kingdom,389,1,252.88,2,1,1,211,0,Lost,Very High
15019.0,1,150.0,252.81,3.83,,,2011-03-18 12:35:00,2011-03-18 12:35:00,0,,United Kingdom,267,1,252.81,2,1,1,211,0,Lost,Very High
15035.0,1,245.0,252.73,9.36,,,2011-09-11 11:08:00,2011-09-11 11:08:00,0,,United Kingdom,90,1,252.73,3,1,1,311,1,Regular,Medium
13251.0,1,215.0,252.68,10.11,,,2010-11-02 13:20:00,2010-11-02 13:20:00,0,,United Kingdom,402,1,252.68,2,1,1,211,0,Lost,Very High
16908.0,1,61.0,252.59,12.63,,,2009-12-17 13:35:00,2009-12-17 13:35:00,0,,United Kingdom,722,1,252.59,1,1,1,111,0,Lost,Very High
15552.0,2,166.0,252.52,8.42,0.0049,16.75,2010-03-26 16:17:00,2011-05-06 14:47:00,406,406.0,United Kingdom,217,2,252.52,2,3,1,231,1,Regular,Very High
16074.0,1,38.0,252.5,10.1,,,2010-11-14 13:19:00,2010-11-14 13:19:00,0,,United Kingdom,390,1,252.5,2,1,1,211,0,Lost,Very High
13404.0,2,111.0,252.49,22.95,0.0095,46.0,2011-05-11 11:57:00,2011-12-08 15:37:00,211,211.0,United Kingdom,1,2,252.49,5,3,1,531,1,Regular,Low
13645.0,1,158.0,252.1,50.42,,,2011-08-11 16:11:00,2011-08-11 16:11:00,0,,United Kingdom,120,1,252.1,3,1,1,311,1,Regular,High
17210.0,1,242.0,251.72,4.75,,,2010-11-12 12:15:00,2010-11-12 12:15:00,0,,United Kingdom,393,1,251.72,2,1,1,211,0,Lost,Very High
16453.0,2,139.0,251.71,16.78,0.1111,33.56,2010-06-09 13:15:00,2010-06-27 12:46:00,18,18.0,United Kingdom,531,2,251.71,1,3,1,131,0,Lost,Very High
16976.0,1,88.0,251.52,125.76,,,2011-03-17 16:33:00,2011-03-17 16:33:00,0,,United Kingdom,267,1,251.52,2,1,1,211,0,Lost,Very High
14501.0,2,161.0,251.21,25.12,0.0147,50.22,2011-01-24 10:43:00,2011-06-09 12:02:00,136,136.0,United Kingdom,184,2,251.21,3,3,1,331,1,Regular,Very High
14166.0,2,82.0,251.15,4.92,0.0165,9.82,2010-03-23 15:10:00,2010-07-22 19:42:00,121,121.0,United Kingdom,505,2,251.15,1,3,1,131,0,Lost,Very High
18266.0,1,138.0,251.1,17.94,,,2010-10-01 15:33:00,2010-10-01 15:33:00,0,,United Kingdom,434,1,251.1,1,1,1,111,0,Lost,Very High
16962.0,1,158.0,251.04,16.74,,,2010-10-26 11:36:00,2010-10-26 11:36:00,0,,United Kingdom,410,1,251.04,2,1,1,211,0,Lost,Very High
15231.0,1,190.0,250.26,17.88,,,2010-03-28 15:12:00,2010-03-28 15:12:00,0,,United Kingdom,621,1,250.26,1,1,1,111,0,Lost,Very High
17303.0,1,144.0,250.04,4.72,,,2010-12-13 13:32:00,2010-12-13 13:32:00,0,,United Kingdom,361,1,250.04,2,1,1,211,0,Lost,Very High
15510.0,1,2.0,250.0,250.0,,,2011-01-13 12:10:00,2011-01-13 12:10:00,0,,United Kingdom,331,1,250.0,2,1,1,211,0,Lost,Very High
16893.0,2,117.0,249.89,2.87,0.2,5.74,2010-11-28 15:14:00,2010-12-08 12:06:00,10,10.0,United Kingdom,367,2,249.89,2,3,1,231,0,Lost,Very High
12563.0,1,113.0,249.24,19.17,,,2010-10-27 09:52:00,2010-10-27 09:52:00,0,,Italy,409,1,249.24,2,1,1,211,0,Lost,Very High
13061.0,1,107.0,248.61,24.86,,,2011-09-28 16:04:00,2011-09-28 16:04:00,0,,United Kingdom,72,1,248.61,3,1,1,311,1,Regular,Medium
13592.0,4,84.0,247.96,15.5,0.0175,62.12,2011-03-20 14:01:00,2011-11-04 09:49:00,229,76.33,United Kingdom,36,4,247.96,4,4,1,441,1,Regular,Medium
16381.0,2,108.0,247.85,4.06,0.087,8.12,2010-10-17 13:06:00,2010-11-09 09:56:00,23,23.0,United Kingdom,396,2,247.85,2,3,1,231,0,Lost,Very High
15293.0,1,178.0,247.5,13.03,,,2010-02-12 11:54:00,2010-02-12 11:54:00,0,,United Kingdom,666,1,247.5,1,1,1,111,0,Lost,Very High
18072.0,1,288.0,247.44,13.75,,,2011-06-07 10:44:00,2011-06-07 10:44:00,0,,United Kingdom,186,1,247.44,3,1,1,311,1,Regular,Very High
13349.0,1,225.0,247.32,15.46,,,2011-11-29 08:07:00,2011-11-29 08:07:00,0,,United Kingdom,11,1,247.32,5,1,1,511,1,Regular,Low
14658.0,2,47.0,247.15,8.52,0.0179,17.08,2011-08-14 15:42:00,2011-12-04 15:35:00,112,112.0,United Kingdom,5,2,247.15,5,3,1,531,1,Regular,Low
14654.0,1,273.0,246.86,9.14,,,2009-12-01 12:57:00,2009-12-01 12:57:00,0,,United Kingdom,738,1,246.86,1,1,1,111,0,Lost,Very High
15697.0,1,127.0,246.75,17.63,,,2010-01-19 09:10:00,2010-01-19 09:10:00,0,,United Kingdom,690,1,246.75,1,1,1,111,0,Lost,Very High
13943.0,1,94.0,246.54,16.44,,,2010-05-11 11:30:00,2010-05-11 11:30:00,0,,United Kingdom,578,1,246.54,1,1,1,111,0,Lost,Very High
15378.0,2,130.0,246.5,20.54,0.0513,41.09,2010-07-26 08:47:00,2010-09-03 11:30:00,39,39.0,United Kingdom,463,2,246.5,1,3,1,131,0,Lost,Very High
15495.0,1,194.0,246.5,12.33,,,2010-11-25 13:46:00,2010-11-25 13:46:00,0,,United Kingdom,379,1,246.5,2,1,1,211,0,Lost,Very High
15783.0,1,212.0,246.3,17.59,,,2011-11-29 09:50:00,2011-11-29 09:50:00,0,,United Kingdom,11,1,246.3,5,1,1,511,1,Regular,Low
18153.0,1,200.0,246.22,14.48,,,2010-02-18 15:50:00,2010-02-18 15:50:00,0,,United Kingdom,659,1,246.22,1,1,1,111,0,Lost,Very High
16778.0,2,194.0,245.94,15.37,0.01,30.74,2011-03-10 15:21:00,2011-09-26 13:48:00,200,200.0,United Kingdom,74,2,245.94,3,3,1,331,1,Regular,Medium
14325.0,1,320.0,245.48,13.64,,,2010-05-19 09:20:00,2010-05-19 09:20:00,0,,United Kingdom,570,1,245.48,1,1,1,111,0,Lost,Very High
14281.0,1,45.0,245.15,35.02,,,2010-10-27 14:45:00,2010-10-27 14:45:00,0,,United Kingdom,408,1,245.15,2,1,1,211,0,Lost,Very High
12660.0,1,127.0,245.1,18.85,,,2011-11-28 13:26:00,2011-11-28 13:26:00,0,,France,11,1,245.1,5,1,1,511,1,Regular,Low
15118.0,1,1440.0,244.8,244.8,,,2011-07-28 14:54:00,2011-07-28 14:54:00,0,,United Kingdom,134,1,244.8,3,1,1,311,1,Regular,High
15884.0,2,152.0,244.6,17.47,0.0066,35.05,2009-12-03 18:23:00,2010-10-03 15:55:00,304,304.0,United Kingdom,432,2,244.6,1,3,1,131,0,Lost,Very High
16528.0,1,171.0,244.41,14.38,,,2011-12-06 12:45:00,2011-12-06 12:45:00,0,,United Kingdom,4,1,244.41,5,1,1,511,1,Regular,Low
18002.0,4,71.0,244.37,4.61,0.0112,18.38,2009-12-08 11:07:00,2010-11-29 10:57:00,356,118.67,United Kingdom,376,4,244.37,2,4,1,241,0,Lost,Very High
14694.0,1,193.0,244.31,16.29,,,2010-04-01 19:46:00,2010-04-01 19:46:00,0,,United Kingdom,617,1,244.31,1,1,1,111,0,Lost,Very High
13551.0,2,36.0,244.2,48.84,0.0058,98.3,2010-02-11 15:01:00,2011-01-24 14:46:00,347,347.0,United Kingdom,319,2,244.2,2,3,1,231,0,Lost,Very High
17892.0,3,109.0,244.1,8.72,0.0303,26.16,2011-07-07 12:56:00,2011-10-14 16:49:00,99,49.5,United Kingdom,56,3,244.1,4,3,1,431,1,Regular,Medium
17925.0,1,72.0,244.08,244.08,,,2010-12-02 10:10:00,2010-12-02 10:10:00,0,,United Kingdom,373,1,244.08,2,1,1,211,0,Lost,Very High
13676.0,2,104.0,243.9,18.76,0.025,37.52,2010-03-30 16:53:00,2010-06-18 17:30:00,80,80.0,United Kingdom,539,2,243.9,1,3,1,131,0,Lost,Very High
16793.0,1,146.0,243.84,15.24,,,2011-10-13 15:08:00,2011-10-13 15:08:00,0,,United Kingdom,57,1,243.84,4,1,1,411,1,Regular,Medium
13886.0,1,126.0,243.56,15.22,,,2011-09-29 13:17:00,2011-09-29 13:17:00,0,,United Kingdom,71,1,243.56,3,1,1,311,1,Regular,Medium
16215.0,1,104.0,242.35,17.31,,,2011-09-20 10:18:00,2011-09-20 10:18:00,0,,United Kingdom,81,1,242.35,3,1,1,311,1,Regular,Medium
15543.0,2,167.0,242.26,4.33,0.0117,8.66,2010-09-06 11:28:00,2011-02-24 15:26:00,171,171.0,United Kingdom,288,2,242.26,2,3,1,231,0,Lost,Very High
17009.0,1,336.0,242.06,22.01,,,2010-06-06 16:01:00,2010-06-06 16:01:00,0,,United Kingdom,551,1,242.06,1,1,1,111,0,Lost,Very High
13445.0,1,198.0,241.9,34.56,,,2010-03-23 15:34:00,2010-03-23 15:34:00,0,,United Kingdom,626,1,241.9,1,1,1,111,0,Lost,Very High
13582.0,2,106.0,241.68,21.97,0.0088,44.08,2010-04-01 11:38:00,2010-11-15 11:34:00,228,228.0,United Kingdom,390,2,241.68,2,3,1,231,0,Lost,Very High
15776.0,1,138.0,241.62,13.42,,,2011-07-29 13:46:00,2011-07-29 13:46:00,0,,United Kingdom,133,1,241.62,3,1,1,311,1,Regular,High
14774.0,1,99.0,241.45,18.57,,,2010-06-29 12:26:00,2010-06-29 12:26:00,0,,United Kingdom,529,1,241.45,1,1,1,111,0,Lost,Very High
14523.0,1,251.0,241.09,20.09,,,2011-08-23 13:13:00,2011-08-23 13:13:00,0,,United Kingdom,108,1,241.09,3,1,1,311,1,Regular,High
16427.0,2,156.0,241.06,26.78,0.0952,53.54,2011-02-28 15:18:00,2011-03-21 17:10:00,21,21.0,United Kingdom,263,2,241.06,2,3,1,231,0,Lost,Very High
16508.0,1,103.0,240.95,5.6,,,2010-03-19 13:41:00,2010-03-19 13:41:00,0,,United Kingdom,630,1,240.95,1,1,1,111,0,Lost,Very High
13674.0,1,102.0,240.68,17.19,,,2010-10-03 10:41:00,2010-10-03 10:41:00,0,,United Kingdom,433,1,240.68,1,1,1,111,0,Lost,Very High
15286.0,1,55.0,240.55,80.18,,,2011-10-21 11:08:00,2011-10-21 11:08:00,0,,United Kingdom,50,1,240.55,4,1,1,411,1,Regular,Medium
15336.0,1,84.0,240.5,16.03,,,2010-11-03 12:39:00,2010-11-03 12:39:00,0,,United Kingdom,402,1,240.5,2,1,1,211,0,Lost,Very High
15931.0,1,118.0,239.9,17.14,,,2010-10-07 16:46:00,2010-10-07 16:46:00,0,,United Kingdom,428,1,239.9,1,1,1,111,0,Lost,Very High
15690.0,2,408.0,239.76,12.62,0.0208,25.2,2011-08-31 11:40:00,2011-12-05 15:59:00,96,96.0,United Kingdom,4,2,239.76,5,3,1,531,1,Regular,Low
13570.0,1,161.0,239.49,8.87,,,2011-04-10 13:36:00,2011-04-10 13:36:00,0,,United Kingdom,243,1,239.49,2,1,1,211,1,Regular,Very High
13789.0,1,258.0,239.46,13.3,,,2010-11-16 15:31:00,2010-11-16 15:31:00,0,,United Kingdom,388,1,239.46,2,1,1,211,0,Lost,Very High
17684.0,1,145.0,239.41,15.96,,,2011-10-27 11:10:00,2011-10-27 11:10:00,0,,United Kingdom,44,1,239.41,4,1,1,411,1,Regular,Medium
12663.0,2,181.0,239.4,23.94,0.0455,47.93,2010-02-09 14:28:00,2010-03-25 09:40:00,44,44.0,Germany,625,2,239.4,1,3,1,131,0,Lost,Very High
17981.0,1,260.0,239.12,14.07,,,2010-10-25 10:40:00,2010-10-25 10:40:00,0,,United Kingdom,411,1,239.12,1,1,1,111,0,Lost,Very High
13275.0,2,138.0,238.86,4.98,0.008,9.92,2010-03-17 14:05:00,2010-11-21 12:09:00,249,249.0,United Kingdom,384,2,238.86,2,3,1,231,0,Lost,Very High
12561.0,1,177.0,238.85,14.93,,,2011-02-10 11:39:00,2011-02-10 11:39:00,0,,Germany,303,1,238.85,2,1,1,211,0,Lost,Very High
12718.0,1,203.0,238.25,12.54,,,2011-09-29 16:38:00,2011-09-29 16:38:00,0,,France,71,1,238.25,3,1,1,311,1,Regular,Medium
16280.0,1,101.0,238.05,14.88,,,2009-12-14 15:49:00,2009-12-14 15:49:00,0,,United Kingdom,725,1,238.05,1,1,1,111,0,Lost,Very High
14982.0,1,125.0,237.78,6.1,,,2010-05-16 15:52:00,2010-05-16 15:52:00,0,,United Kingdom,572,1,237.78,1,1,1,111,0,Lost,Very High
17877.0,1,98.0,237.61,19.8,,,2011-06-22 13:00:00,2011-06-22 13:00:00,0,,United Kingdom,170,1,237.61,3,1,1,311,1,Regular,High
14586.0,1,444.0,237.36,12.49,,,2011-03-08 10:04:00,2011-03-08 10:04:00,0,,United Kingdom,277,1,237.36,2,1,1,211,0,Lost,Very High
15457.0,1,132.0,237.07,4.09,,,2011-03-22 15:31:00,2011-03-22 15:31:00,0,,United Kingdom,262,1,237.07,2,1,1,211,0,Lost,Very High
12732.0,1,111.0,236.26,19.69,,,2011-06-13 11:33:00,2011-06-13 11:33:00,0,,France,180,1,236.26,3,1,1,311,1,Regular,High
13088.0,1,76.0,236.11,11.81,,,2010-10-18 15:35:00,2010-10-18 15:35:00,0,,United Kingdom,417,1,236.11,1,1,1,111,0,Lost,Very High
16026.0,1,243.0,236.09,7.38,,,2011-10-27 13:53:00,2011-10-27 13:53:00,0,,United Kingdom,43,1,236.09,4,1,1,411,1,Regular,Medium
17093.0,1,114.0,235.88,18.14,,,2010-04-26 10:22:00,2010-04-26 10:22:00,0,,United Kingdom,593,1,235.88,1,1,1,111,0,Lost,Very High
17872.0,1,176.0,235.87,15.72,,,2010-11-23 12:02:00,2010-11-23 12:02:00,0,,United Kingdom,382,1,235.87,2,1,1,211,0,Lost,Very High
16046.0,1,248.0,235.78,10.72,,,2010-05-26 13:18:00,2010-05-26 13:18:00,0,,United Kingdom,562,1,235.78,1,1,1,111,0,Lost,Very High
12392.0,1,73.0,234.75,33.54,,,2010-04-27 14:04:00,2010-04-27 14:04:00,0,,Australia,591,1,234.75,1,1,1,111,0,Lost,Very High
13114.0,1,74.0,234.38,14.65,,,2009-12-09 09:56:00,2009-12-09 09:56:00,0,,United Kingdom,731,1,234.38,1,1,1,111,0,Lost,Very High
14473.0,2,88.0,234.34,33.48,0.0096,66.85,2011-03-02 13:56:00,2011-09-26 15:10:00,208,208.0,United Kingdom,74,2,234.34,3,3,1,331,1,Regular,Medium
17060.0,1,216.0,234.24,46.85,,,2011-03-18 13:27:00,2011-03-18 13:27:00,0,,United Kingdom,266,1,234.24,2,1,1,211,0,Lost,Very High
12736.0,1,173.0,234.0,58.5,,,2011-01-11 07:57:00,2011-01-11 07:57:00,0,,France,333,1,234.0,2,1,1,211,0,Lost,Very High
13009.0,1,120.0,234.0,58.5,,,2010-02-05 12:22:00,2010-02-05 12:22:00,0,,United Kingdom,673,1,234.0,1,1,1,111,0,Lost,Very High
13348.0,1,136.0,233.76,16.7,,,2011-10-06 17:28:00,2011-10-06 17:28:00,0,,United Kingdom,64,1,233.76,3,1,1,311,1,Regular,Medium
14153.0,1,312.0,233.4,13.73,,,2010-08-13 14:35:00,2010-08-13 14:35:00,0,,United Kingdom,483,1,233.4,1,1,1,111,0,Lost,Very High
15294.0,1,97.0,233.35,15.56,,,2010-10-25 11:45:00,2010-10-25 11:45:00,0,,United Kingdom,411,1,233.35,1,1,1,111,0,Lost,Very High
13129.0,2,296.0,233.25,21.2,0.026,42.44,2010-06-28 11:54:00,2010-09-13 13:47:00,77,77.0,United Kingdom,452,2,233.25,1,3,1,131,0,Lost,Very High
16302.0,1,158.0,233.22,21.2,,,2011-08-05 09:44:00,2011-08-05 09:44:00,0,,United Kingdom,127,1,233.22,3,1,1,311,1,Regular,High
17055.0,1,83.0,232.85,8.96,,,2010-09-20 12:21:00,2010-09-20 12:21:00,0,,United Kingdom,446,1,232.85,1,1,1,111,0,Lost,Very High
13678.0,1,924.0,232.6,14.54,,,2011-07-11 10:14:00,2011-07-11 10:14:00,0,,United Kingdom,152,1,232.6,3,1,1,311,1,Regular,High
18213.0,1,232.0,232.48,15.5,,,2011-04-17 10:21:00,2011-04-17 10:21:00,0,,United Kingdom,237,1,232.48,2,1,1,211,1,Regular,Very High
13608.0,1,110.0,232.05,6.83,,,2010-06-17 12:28:00,2010-06-17 12:28:00,0,,United Kingdom,541,1,232.05,1,1,1,111,0,Lost,Very High
14995.0,2,102.0,231.98,3.87,0.0083,7.77,2011-03-04 13:14:00,2011-11-01 11:39:00,242,242.0,United Kingdom,39,2,231.98,4,3,1,431,1,Regular,Medium
16408.0,1,227.0,231.93,5.15,,,2010-04-27 14:08:00,2010-04-27 14:08:00,0,,United Kingdom,591,1,231.93,1,1,1,111,0,Lost,Very High
17151.0,1,42.0,231.9,57.98,,,2009-12-04 14:56:00,2009-12-04 14:56:00,0,,United Kingdom,735,1,231.9,1,1,1,111,0,Lost,Very High
17136.0,1,256.0,231.68,16.55,,,2010-02-15 13:13:00,2010-02-15 13:13:00,0,,United Kingdom,662,1,231.68,1,1,1,111,0,Lost,Very High
18279.0,1,630.0,231.34,17.8,,,2010-07-08 14:48:00,2010-07-08 14:48:00,0,,United Kingdom,519,1,231.34,1,1,1,111,0,Lost,Very High
15487.0,1,144.0,231.32,16.52,,,2010-01-29 12:07:00,2010-01-29 12:07:00,0,,United Kingdom,680,1,231.32,1,1,1,111,0,Lost,Very High
18030.0,2,67.0,230.65,25.63,0.0526,51.23,2011-10-28 13:55:00,2011-12-05 16:37:00,38,38.0,United Kingdom,4,2,230.65,5,3,1,531,1,Regular,Low
17125.0,1,281.0,230.5,6.59,,,2011-10-20 14:41:00,2011-10-20 14:41:00,0,,United Kingdom,50,1,230.5,4,1,1,411,1,Regular,Medium
13960.0,2,142.0,230.22,19.18,0.04,38.36,2011-09-29 12:39:00,2011-11-18 15:27:00,50,50.0,United Kingdom,21,2,230.22,4,3,1,431,1,Regular,Low
18197.0,1,166.0,230.1,25.57,,,2010-05-13 10:46:00,2010-05-13 10:46:00,0,,United Kingdom,576,1,230.1,1,1,1,111,0,Lost,Very High
14314.0,2,332.0,229.8,22.98,0.0062,46.16,2010-10-05 08:00:00,2011-08-25 10:39:00,324,324.0,United Kingdom,107,2,229.8,3,3,1,331,1,Regular,High
14017.0,1,73.0,229.75,16.41,,,2010-05-17 14:52:00,2010-05-17 14:52:00,0,,United Kingdom,571,1,229.75,1,1,1,111,0,Lost,Very High
12812.0,1,164.0,229.64,15.31,,,2011-10-26 09:54:00,2011-10-26 09:54:00,0,,Japan,45,1,229.64,4,1,1,411,1,Regular,Medium
13403.0,3,114.0,229.5,25.5,0.0042,75.61,2009-12-16 13:23:00,2011-11-22 08:28:00,706,353.0,United Kingdom,18,3,229.5,5,3,1,531,1,Regular,Low
17185.0,3,119.0,229.46,5.22,0.4286,15.66,2010-04-20 13:49:00,2010-04-27 12:15:00,7,3.5,United Kingdom,592,3,229.46,1,3,1,131,0,Lost,Very High
15528.0,1,123.0,229.33,8.82,,,2011-03-30 16:14:00,2011-03-30 16:14:00,0,,United Kingdom,254,1,229.33,2,1,1,211,0,Lost,Very High
17743.0,1,96.0,229.2,76.4,,,2010-09-17 14:54:00,2010-09-17 14:54:00,0,,United Kingdom,448,1,229.2,1,1,1,111,0,Lost,Very High
15273.0,1,216.0,228.96,228.96,,,2010-04-19 11:31:00,2010-04-19 11:31:00,0,,United Kingdom,600,1,228.96,1,1,1,111,0,Lost,Very High
17347.0,1,216.0,228.96,228.96,,,2011-09-14 13:12:00,2011-09-14 13:12:00,0,,United Kingdom,86,1,228.96,3,1,1,311,1,Regular,Medium
13146.0,1,154.0,228.91,13.47,,,2011-11-13 15:29:00,2011-11-13 15:29:00,0,,United Kingdom,26,1,228.91,4,1,1,411,1,Regular,Low
17066.0,1,93.0,228.34,12.69,,,2009-12-13 13:24:00,2009-12-13 13:24:00,0,,United Kingdom,726,1,228.34,1,1,1,111,0,Lost,Very High
14458.0,1,317.0,228.07,4.85,,,2010-11-24 12:43:00,2010-11-24 12:43:00,0,,United Kingdom,381,1,228.07,2,1,1,211,0,Lost,Very High
16760.0,1,168.0,228.0,13.41,,,2010-10-05 15:55:00,2010-10-05 15:55:00,0,,United Kingdom,430,1,228.0,1,1,1,111,0,Lost,Very High
15566.0,2,153.0,227.87,18.99,0.006,37.83,2009-12-15 14:53:00,2010-11-12 12:11:00,332,332.0,United Kingdom,393,2,227.87,2,3,1,231,0,Lost,Very High
14363.0,2,105.0,227.47,28.43,0.0408,56.84,2010-09-14 14:39:00,2010-11-02 17:01:00,49,49.0,United Kingdom,402,2,227.47,2,3,1,231,0,Lost,Very High
17868.0,1,85.0,227.15,12.62,,,2010-11-18 18:55:00,2010-11-18 18:55:00,0,,United Kingdom,386,1,227.15,2,1,1,211,0,Lost,Very High
16740.0,1,110.0,226.91,7.09,,,2010-11-09 13:34:00,2010-11-09 13:34:00,0,,United Kingdom,395,1,226.91,2,1,1,211,0,Lost,Very High
15451.0,2,76.0,226.86,3.78,0.0121,7.55,2010-04-19 14:08:00,2010-10-01 13:40:00,165,165.0,United Kingdom,434,2,226.86,1,3,1,131,0,Lost,Very High
13651.0,3,62.0,226.85,16.2,0.0087,48.77,2010-11-23 09:44:00,2011-11-04 14:59:00,346,173.0,United Kingdom,35,3,226.85,4,3,1,431,1,Regular,Medium
18005.0,2,86.0,226.47,4.27,0.0455,8.55,2011-10-23 14:40:00,2011-12-06 11:51:00,44,44.0,United Kingdom,4,2,226.47,5,3,1,531,1,Regular,Low
14718.0,1,202.0,226.42,20.58,,,2010-10-25 13:07:00,2010-10-25 13:07:00,0,,United Kingdom,410,1,226.42,2,1,1,211,0,Lost,Very High
17993.0,1,108.0,225.99,3.77,,,2010-04-01 14:23:00,2010-04-01 14:23:00,0,,United Kingdom,617,1,225.99,1,1,1,111,0,Lost,Very High
14069.0,2,58.0,225.81,5.51,0.0426,11.03,2010-05-27 12:30:00,2010-07-13 12:12:00,47,47.0,United Kingdom,515,2,225.81,1,3,1,131,0,Lost,Very High
17915.0,1,184.0,225.78,7.79,,,2010-06-06 13:22:00,2010-06-06 13:22:00,0,,United Kingdom,551,1,225.78,1,1,1,111,0,Lost,Very High
16622.0,1,44.0,225.4,18.78,,,2010-06-14 10:44:00,2010-06-14 10:44:00,0,,United Kingdom,544,1,225.4,1,1,1,111,0,Lost,Very High
16587.0,1,71.0,225.15,17.32,,,2011-04-21 15:51:00,2011-04-21 15:51:00,0,,United Kingdom,232,1,225.15,2,1,1,211,1,Regular,Very High
14357.0,1,147.0,225.12,5.63,,,2011-10-27 16:23:00,2011-10-27 16:23:00,0,,United Kingdom,43,1,225.12,4,1,1,411,1,Regular,Medium
13619.0,2,79.0,224.94,5.0,0.0154,10.01,2010-02-03 14:16:00,2010-06-13 11:39:00,130,130.0,United Kingdom,545,2,224.94,1,3,1,131,0,Lost,Very High
16346.0,1,289.0,224.51,14.97,,,2010-11-19 15:55:00,2010-11-19 15:55:00,0,,United Kingdom,385,1,224.51,2,1,1,211,0,Lost,Very High
15175.0,1,454.0,224.14,9.75,,,2011-09-29 11:31:00,2011-09-29 11:31:00,0,,United Kingdom,72,1,224.14,3,1,1,311,1,Regular,Medium
12914.0,1,336.0,223.98,24.89,,,2010-11-04 12:28:00,2010-11-04 12:28:00,0,,United Kingdom,401,1,223.98,2,1,1,211,0,Lost,Very High
16753.0,1,189.0,223.92,6.59,,,2011-10-12 13:14:00,2011-10-12 13:14:00,0,,United Kingdom,58,1,223.92,4,1,1,411,1,Regular,Medium
14928.0,1,268.0,223.91,10.66,,,2010-03-22 09:14:00,2010-03-22 09:14:00,0,,United Kingdom,628,1,223.91,1,1,1,111,0,Lost,Very High
16562.0,1,264.0,223.86,6.58,,,2010-08-20 11:45:00,2010-08-20 11:45:00,0,,United Kingdom,477,1,223.86,1,1,1,111,0,Lost,Very High
13926.0,1,104.0,223.85,20.35,,,2011-11-16 13:16:00,2011-11-16 13:16:00,0,,United Kingdom,23,1,223.85,4,1,1,411,1,Regular,Low
17967.0,2,111.0,223.42,3.66,0.0444,7.31,2010-10-19 13:19:00,2010-12-03 11:19:00,45,45.0,United Kingdom,372,2,223.42,2,3,1,231,0,Lost,Very High
18131.0,1,552.0,222.96,55.74,,,2010-03-18 08:48:00,2010-03-18 08:48:00,0,,United Kingdom,632,1,222.96,1,1,1,111,0,Lost,Very High
12887.0,1,100.0,222.4,17.11,,,2010-11-21 11:18:00,2010-11-21 11:18:00,0,,United Kingdom,384,1,222.4,2,1,1,211,0,Lost,Very High
14596.0,1,75.0,222.22,4.19,,,2010-03-23 12:13:00,2010-03-23 12:13:00,0,,United Kingdom,627,1,222.22,1,1,1,111,0,Lost,Very High
15788.0,1,115.0,221.83,15.85,,,2010-07-19 12:48:00,2010-07-19 12:48:00,0,,United Kingdom,509,1,221.83,1,1,1,111,0,Lost,Very High
14445.0,1,83.0,221.65,6.93,,,2010-09-10 11:09:00,2010-09-10 11:09:00,0,,United Kingdom,456,1,221.65,1,1,1,111,0,Lost,Very High
17261.0,1,95.0,221.59,5.15,,,2010-07-18 11:49:00,2010-07-18 11:49:00,0,,United Kingdom,510,1,221.59,1,1,1,111,0,Lost,Very High
17087.0,1,113.0,221.53,18.46,,,2009-12-02 10:41:00,2009-12-02 10:41:00,0,,United Kingdom,738,1,221.53,1,1,1,111,0,Lost,Very High
14960.0,2,221.0,221.27,8.2,0.0123,16.44,2011-06-21 13:38:00,2011-12-01 12:54:00,163,163.0,United Kingdom,8,2,221.27,5,3,1,531,1,Regular,Low
13419.0,1,275.0,221.06,13.82,,,2011-10-07 12:49:00,2011-10-07 12:49:00,0,,United Kingdom,64,1,221.06,3,1,1,311,1,Regular,Medium
12821.0,2,162.0,220.8,16.98,0.005,33.71,2010-04-07 15:14:00,2011-05-09 15:51:00,397,397.0,United Kingdom,214,2,220.8,2,3,1,231,1,Regular,Very High
16482.0,1,346.0,220.62,12.26,,,2011-11-24 12:33:00,2011-11-24 12:33:00,0,,United Kingdom,16,1,220.62,5,1,1,511,1,Regular,Low
13033.0,2,98.0,220.55,16.97,0.0278,33.97,2010-10-06 09:37:00,2010-12-17 14:23:00,72,72.0,United Kingdom,357,2,220.55,2,3,1,231,0,Lost,Very High
18132.0,1,212.0,220.13,3.55,,,2010-07-23 16:54:00,2010-07-23 16:54:00,0,,United Kingdom,504,1,220.13,1,1,1,111,0,Lost,Very High
18114.0,1,55.0,220.1,7.86,,,2011-02-22 13:20:00,2011-02-22 13:20:00,0,,United Kingdom,290,1,220.1,2,1,1,211,0,Lost,Very High
13454.0,1,198.0,219.87,9.56,,,2010-03-08 14:40:00,2010-03-08 14:40:00,0,,United Kingdom,641,1,219.87,1,1,1,111,0,Lost,Very High
13992.0,3,154.0,219.5,19.95,0.0069,59.6,2010-09-02 17:04:00,2011-11-09 15:23:00,433,216.5,United Kingdom,30,3,219.5,4,3,1,431,1,Regular,Low
14074.0,1,228.0,219.4,36.57,,,2010-03-26 13:55:00,2010-03-26 13:55:00,0,,United Kingdom,623,1,219.4,1,1,1,111,0,Lost,Very High
15096.0,1,120.0,219.39,19.94,,,2011-10-28 10:27:00,2011-10-28 10:27:00,0,,United Kingdom,43,1,219.39,4,1,1,411,1,Regular,Medium
12799.0,1,137.0,219.35,14.62,,,2010-06-28 15:57:00,2010-06-28 15:57:00,0,,Japan,529,1,219.35,1,1,1,111,0,Lost,Very High
12702.0,1,53.0,219.0,18.25,,,2011-11-20 10:36:00,2011-11-20 10:36:00,0,,Germany,20,1,219.0,4,1,1,411,1,Regular,Low
15790.0,1,113.0,218.75,6.43,,,2011-11-29 14:53:00,2011-11-29 14:53:00,0,,United Kingdom,10,1,218.75,5,1,1,511,1,Regular,Low
15086.0,2,95.0,218.53,19.87,0.0328,39.76,2010-03-24 13:56:00,2010-05-24 12:27:00,61,61.0,United Kingdom,565,2,218.53,1,3,1,131,0,Lost,Very High
12574.0,1,61.0,218.45,19.86,,,2011-01-28 09:20:00,2011-01-28 09:20:00,0,,France,316,1,218.45,2,1,1,211,0,Lost,Very High
15591.0,3,58.0,217.9,31.13,0.033,93.48,2010-02-04 09:20:00,2010-05-06 09:23:00,91,45.5,United Kingdom,583,3,217.9,1,3,1,131,0,Lost,Very High
16035.0,1,33.0,217.73,10.37,,,2010-05-28 15:09:00,2010-05-28 15:09:00,0,,United Kingdom,560,1,217.73,1,1,1,111,0,Lost,Very High
16666.0,2,354.0,217.71,4.54,0.0033,9.02,2010-03-28 15:13:00,2011-11-20 14:01:00,602,602.0,United Kingdom,19,2,217.71,4,3,1,431,1,Regular,Low
15554.0,1,74.0,217.2,15.51,,,2011-03-07 09:00:00,2011-03-07 09:00:00,0,,United Kingdom,278,1,217.2,2,1,1,211,0,Lost,Very High
13423.0,1,141.0,217.03,18.09,,,2010-10-07 09:02:00,2010-10-07 09:02:00,0,,United Kingdom,429,1,217.03,1,1,1,111,0,Lost,Very High
15401.0,2,93.0,216.95,15.5,0.0172,30.93,2010-05-20 10:56:00,2010-09-13 13:42:00,116,116.0,United Kingdom,452,2,216.95,1,3,1,131,0,Lost,Very High
18021.0,2,168.0,216.41,6.76,0.6667,13.52,2010-07-15 18:47:00,2010-07-18 10:52:00,3,3.0,United Kingdom,510,2,216.41,1,3,1,131,0,Lost,Very High
17902.0,1,526.0,216.4,9.02,,,2010-06-11 12:25:00,2010-06-11 12:25:00,0,,United Kingdom,547,1,216.4,1,1,1,111,0,Lost,Very High
15604.0,1,159.0,216.39,12.73,,,2011-10-18 14:47:00,2011-10-18 14:47:00,0,,United Kingdom,52,1,216.39,4,1,1,411,1,Regular,Medium
13858.0,1,75.0,216.17,19.65,,,2011-10-13 16:17:00,2011-10-13 16:17:00,0,,United Kingdom,57,1,216.17,4,1,1,411,1,Regular,Medium
16179.0,1,99.0,215.83,19.62,,,2011-10-10 09:41:00,2011-10-10 09:41:00,0,,United Kingdom,61,1,215.83,3,1,1,311,1,Regular,Medium
16189.0,2,134.0,215.48,19.59,0.0286,39.22,2011-09-15 15:21:00,2011-11-24 11:47:00,70,70.0,United Kingdom,16,2,215.48,5,3,1,531,1,Regular,Low
14376.0,1,50.0,215.46,11.97,,,2010-01-25 15:36:00,2010-01-25 15:36:00,0,,United Kingdom,683,1,215.46,1,1,1,111,0,Lost,Very High
14635.0,1,118.0,215.22,14.35,,,2010-09-12 10:47:00,2010-09-12 10:47:00,0,,United Kingdom,454,1,215.22,1,1,1,111,0,Lost,Very High
18007.0,1,246.0,215.22,4.3,,,2010-11-12 11:08:00,2010-11-12 11:08:00,0,,United Kingdom,393,1,215.22,2,1,1,211,0,Lost,Very High
14106.0,1,24.0,214.8,214.8,,,2009-12-02 14:09:00,2009-12-02 14:09:00,0,,United Kingdom,737,1,214.8,1,1,1,111,0,Lost,Very High
16338.0,1,94.0,214.8,19.53,,,2011-07-05 13:56:00,2011-07-05 13:56:00,0,,United Kingdom,157,1,214.8,3,1,1,311,1,Regular,High
14361.0,1,251.0,214.71,15.34,,,2010-05-10 12:29:00,2010-05-10 12:29:00,0,,United Kingdom,579,1,214.71,1,1,1,111,0,Lost,Very High
17619.0,1,124.0,214.37,2.9,,,2011-01-31 14:18:00,2011-01-31 14:18:00,0,,United Kingdom,312,1,214.37,2,1,1,211,0,Lost,Very High
15460.0,1,107.0,214.26,3.83,,,2010-12-20 16:08:00,2010-12-20 16:08:00,0,,United Kingdom,354,1,214.26,2,1,1,211,0,Lost,Very High
14271.0,2,148.0,214.18,5.64,0.0109,11.31,2010-10-26 17:01:00,2011-04-28 12:47:00,184,184.0,United Kingdom,226,2,214.18,2,3,1,231,1,Regular,Very High
14601.0,1,168.0,213.96,30.57,,,2011-11-29 09:48:00,2011-11-29 09:48:00,0,,United Kingdom,11,1,213.96,5,1,1,511,1,Regular,Low
18157.0,1,145.0,213.9,8.56,,,2010-05-17 14:09:00,2010-05-17 14:09:00,0,,United Kingdom,571,1,213.9,1,1,1,111,0,Lost,Very High
13621.0,1,343.0,213.85,11.26,,,2011-08-15 08:26:00,2011-08-15 08:26:00,0,,United Kingdom,117,1,213.85,3,1,1,311,1,Regular,High
17153.0,1,104.0,213.78,15.27,,,2011-11-15 13:42:00,2011-11-15 13:42:00,0,,United Kingdom,24,1,213.78,4,1,1,411,1,Regular,Low
13411.0,1,72.0,213.55,11.86,,,2011-08-24 13:57:00,2011-08-24 13:57:00,0,,United Kingdom,107,1,213.55,3,1,1,311,1,Regular,High
16591.0,1,41.0,213.5,21.35,,,2011-10-02 10:43:00,2011-10-02 10:43:00,0,,United Kingdom,69,1,213.5,3,1,1,311,1,Regular,Medium
13724.0,1,130.0,213.01,5.07,,,2010-03-12 15:28:00,2010-03-12 15:28:00,0,,United Kingdom,637,1,213.01,1,1,1,111,0,Lost,Very High
13691.0,1,145.0,212.78,3.94,,,2010-11-08 17:34:00,2010-11-08 17:34:00,0,,United Kingdom,396,1,212.78,2,1,1,211,0,Lost,Very High
12961.0,1,180.0,211.99,5.3,,,2010-11-25 16:44:00,2010-11-25 16:44:00,0,,United Kingdom,379,1,211.99,2,1,1,211,0,Lost,Very High
12470.0,1,95.0,211.95,9.22,,,2010-01-19 11:01:00,2010-01-19 11:01:00,0,,Unspecified,690,1,211.95,1,1,1,111,0,Lost,Very High
15866.0,1,124.0,211.89,4.93,,,2011-08-30 14:09:00,2011-08-30 14:09:00,0,,United Kingdom,101,1,211.89,3,1,1,311,1,Regular,High
14843.0,1,132.0,211.8,23.53,,,2010-09-29 12:39:00,2010-09-29 12:39:00,0,,United Kingdom,437,1,211.8,1,1,1,111,0,Lost,Very High
15703.0,1,66.0,211.5,42.3,,,2011-03-20 10:51:00,2011-03-20 10:51:00,0,,United Kingdom,265,1,211.5,2,1,1,211,0,Lost,Very High
13271.0,1,240.0,211.49,2.43,,,2011-11-02 14:31:00,2011-11-02 14:31:00,0,,United Kingdom,37,1,211.49,4,1,1,411,1,Regular,Medium
12995.0,1,108.0,211.32,70.44,,,2011-09-15 15:44:00,2011-09-15 15:44:00,0,,United Kingdom,85,1,211.32,3,1,1,311,1,Regular,Medium
15490.0,1,82.0,210.85,8.43,,,2010-10-05 13:11:00,2010-10-05 13:11:00,0,,United Kingdom,430,1,210.85,1,1,1,111,0,Lost,Very High
14992.0,1,145.0,210.5,7.8,,,2010-09-23 17:48:00,2010-09-23 17:48:00,0,,United Kingdom,442,1,210.5,1,1,1,111,0,Lost,Very High
13532.0,1,129.0,210.31,3.19,,,2011-11-06 12:25:00,2011-11-06 12:25:00,0,,United Kingdom,34,1,210.31,4,1,1,411,1,Regular,Medium
17217.0,2,93.0,210.1,7.78,0.0052,15.58,2010-03-30 13:35:00,2011-04-19 17:19:00,385,385.0,United Kingdom,234,2,210.1,2,3,1,231,1,Regular,Very High
16874.0,1,78.0,209.89,6.77,,,2010-11-25 13:08:00,2010-11-25 13:08:00,0,,United Kingdom,379,1,209.89,2,1,1,211,0,Lost,Very High
17484.0,2,339.0,209.57,14.97,0.0417,29.96,2010-03-25 16:17:00,2010-05-12 15:41:00,48,48.0,United Kingdom,576,2,209.57,1,3,1,131,0,Lost,Very High
13828.0,1,311.0,209.49,13.97,,,2011-11-17 16:02:00,2011-11-17 16:02:00,0,,United Kingdom,22,1,209.49,4,1,1,411,1,Regular,Low
13056.0,1,158.0,209.48,11.03,,,2010-06-06 14:10:00,2010-06-06 14:10:00,0,,United Kingdom,551,1,209.48,1,1,1,111,0,Lost,Very High
14003.0,1,149.0,209.41,13.09,,,2009-12-07 08:53:00,2009-12-07 08:53:00,0,,United Kingdom,733,1,209.41,1,1,1,111,0,Lost,Very High
15112.0,1,72.0,209.4,29.91,,,2010-04-07 14:17:00,2010-04-07 14:17:00,0,,United Kingdom,611,1,209.4,1,1,1,111,0,Lost,Very High
16487.0,2,163.0,209.4,5.98,0.0244,11.96,2010-02-18 17:36:00,2010-05-11 13:38:00,82,82.0,United Kingdom,577,2,209.4,1,3,1,131,0,Lost,Very High
17855.0,1,197.0,208.97,12.29,,,2010-12-02 09:44:00,2010-12-02 09:44:00,0,,United Kingdom,373,1,208.97,2,1,1,211,0,Lost,Very High
15327.0,1,116.0,208.75,20.88,,,2011-10-18 11:55:00,2011-10-18 11:55:00,0,,United Kingdom,53,1,208.75,4,1,1,411,1,Regular,Medium
13290.0,1,1.0,208.63,208.63,,,2010-09-27 16:29:00,2010-09-27 16:29:00,0,,United Kingdom,438,1,208.63,1,1,1,111,0,Lost,Very High
15741.0,2,70.0,208.62,17.39,0.0125,34.78,2010-03-31 11:55:00,2010-09-07 16:21:00,160,160.0,United Kingdom,458,2,208.62,1,3,1,131,0,Lost,Very High
15897.0,2,223.0,208.59,9.48,,,2011-05-29 13:32:00,2011-05-29 13:50:00,0,0.0,United Kingdom,194,2,208.59,2,3,1,231,1,Regular,Very High
16457.0,1,140.0,208.36,23.15,,,2011-05-05 13:19:00,2011-05-05 13:19:00,0,,United Kingdom,218,1,208.36,2,1,1,211,1,Regular,Very High
15212.0,2,84.0,208.28,20.83,0.0148,41.62,2010-11-28 10:45:00,2011-04-12 13:45:00,135,135.0,United Kingdom,241,2,208.28,2,3,1,231,1,Regular,Very High
12848.0,1,58.0,208.0,13.0,,,2010-02-02 12:45:00,2010-02-02 12:45:00,0,,United Kingdom,676,1,208.0,1,1,1,111,0,Lost,Very High
16964.0,2,49.0,207.85,34.64,,,2009-12-06 12:51:00,2009-12-06 12:53:00,0,0.0,United Kingdom,733,2,207.85,1,3,1,131,0,Lost,Very High
16866.0,3,60.0,207.74,18.89,0.1429,56.69,2011-07-01 12:34:00,2011-07-22 10:06:00,21,10.5,United Kingdom,141,3,207.74,3,3,1,331,1,Regular,High
15052.0,1,79.0,207.73,7.42,,,2011-01-24 15:52:00,2011-01-24 15:52:00,0,,United Kingdom,319,1,207.73,2,1,1,211,0,Lost,Very High
16752.0,1,54.0,207.5,23.06,,,2010-12-02 12:18:00,2010-12-02 12:18:00,0,,United Kingdom,373,1,207.5,2,1,1,211,0,Lost,Very High
13099.0,1,288.0,207.36,207.36,,,2011-09-01 17:40:00,2011-09-01 17:40:00,0,,United Kingdom,99,1,207.36,3,1,1,311,1,Regular,High
17989.0,1,300.0,207.33,7.15,,,2010-11-25 13:49:00,2010-11-25 13:49:00,0,,United Kingdom,379,1,207.33,2,1,1,211,0,Lost,Very High
15925.0,1,93.0,207.15,17.26,,,2011-05-29 15:35:00,2011-05-29 15:35:00,0,,United Kingdom,194,1,207.15,2,1,1,211,1,Regular,Very High
15295.0,1,139.0,207.04,3.98,,,2010-02-23 13:03:00,2010-02-23 13:03:00,0,,United Kingdom,654,1,207.04,1,1,1,111,0,Lost,Very High
15820.0,1,128.0,206.98,12.18,,,2011-01-24 12:00:00,2011-01-24 12:00:00,0,,United Kingdom,320,1,206.98,2,1,1,211,0,Lost,Very High
17166.0,2,78.0,206.34,17.19,0.0121,34.32,2011-05-20 08:18:00,2011-11-01 09:46:00,165,165.0,United Kingdom,39,2,206.34,4,3,1,431,1,Regular,Medium
14964.0,1,143.0,206.21,15.86,,,2011-04-06 14:13:00,2011-04-06 14:13:00,0,,United Kingdom,247,1,206.21,2,1,1,211,1,Regular,Very High
15914.0,2,149.0,205.99,15.85,,,2010-11-26 16:09:00,2010-11-26 16:10:00,0,0.0,United Kingdom,378,2,205.99,2,3,1,231,0,Lost,Very High
14278.0,1,131.0,205.83,15.83,,,2010-10-26 12:07:00,2010-10-26 12:07:00,0,,United Kingdom,410,1,205.83,2,1,1,211,0,Lost,Very High
16540.0,1,105.0,205.75,7.09,,,2010-10-21 17:22:00,2010-10-21 17:22:00,0,,United Kingdom,414,1,205.75,1,1,1,111,0,Lost,Very High
17670.0,1,110.0,205.7,18.7,,,2011-04-26 09:12:00,2011-04-26 09:12:00,0,,United Kingdom,228,1,205.7,2,1,1,211,1,Regular,Very High
16490.0,1,113.0,205.41,15.8,,,2010-09-29 16:30:00,2010-09-29 16:30:00,0,,United Kingdom,436,1,205.41,1,1,1,111,0,Lost,Very High
14602.0,1,80.0,205.36,6.62,,,2010-02-21 15:47:00,2010-02-21 15:47:00,0,,United Kingdom,656,1,205.36,1,1,1,111,0,Lost,Very High
15307.0,1,37.0,205.3,17.11,,,2011-09-05 11:38:00,2011-09-05 11:38:00,0,,United Kingdom,96,1,205.3,3,1,1,311,1,Regular,High
15758.0,1,47.0,205.25,22.81,,,2011-11-15 10:48:00,2011-11-15 10:48:00,0,,United Kingdom,25,1,205.25,4,1,1,411,1,Regular,Low
12400.0,1,91.0,205.25,18.66,,,2010-10-21 13:45:00,2010-10-21 13:45:00,0,,Australia,414,1,205.25,1,1,1,111,0,Lost,Very High
15319.0,1,175.0,204.5,12.78,,,2011-03-01 12:48:00,2011-03-01 12:48:00,0,,United Kingdom,284,1,204.5,2,1,1,211,0,Lost,Very High
17271.0,1,113.0,204.3,4.26,,,2009-12-03 13:49:00,2009-12-03 13:49:00,0,,United Kingdom,736,1,204.3,1,1,1,111,0,Lost,Very High
16901.0,1,42.0,204.26,8.88,,,2009-12-10 16:30:00,2009-12-10 16:30:00,0,,United Kingdom,729,1,204.26,1,1,1,111,0,Lost,Very High
14468.0,1,164.0,204.24,17.02,,,2009-12-06 12:21:00,2009-12-06 12:21:00,0,,United Kingdom,734,1,204.24,1,1,1,111,0,Lost,Very High
17206.0,1,76.0,204.24,29.18,,,2011-10-17 13:25:00,2011-10-17 13:25:00,0,,United Kingdom,53,1,204.24,4,1,1,411,1,Regular,Medium
13017.0,1,48.0,204.0,204.0,,,2011-12-02 15:53:00,2011-12-02 15:53:00,0,,United Kingdom,7,1,204.0,5,1,1,511,1,Regular,Low
17394.0,1,241.0,203.87,50.97,,,2011-05-04 13:22:00,2011-05-04 13:22:00,0,,United Kingdom,219,1,203.87,2,1,1,211,1,Regular,Very High
17891.0,1,393.0,203.86,6.0,,,2011-06-30 20:08:00,2011-06-30 20:08:00,0,,United Kingdom,162,1,203.86,3,1,1,311,1,Regular,High
14519.0,2,81.0,203.14,5.35,0.0444,10.69,2009-12-11 10:40:00,2010-01-25 11:18:00,45,45.0,United Kingdom,684,2,203.14,1,3,1,131,0,Lost,Very High
17074.0,1,19.0,203.05,50.76,,,2010-05-26 12:04:00,2010-05-26 12:04:00,0,,United Kingdom,563,1,203.05,1,1,1,111,0,Lost,Very High
15459.0,2,121.0,202.83,28.98,0.025,57.96,2010-07-30 14:31:00,2010-10-18 15:25:00,80,80.0,United Kingdom,417,2,202.83,1,3,1,131,0,Lost,Very High
15558.0,1,73.0,202.68,8.81,,,2010-03-10 15:25:00,2010-03-10 15:25:00,0,,United Kingdom,639,1,202.68,1,1,1,111,0,Lost,Very High
18169.0,1,61.0,202.65,22.52,,,2011-10-10 12:18:00,2011-10-10 12:18:00,0,,United Kingdom,61,1,202.65,3,1,1,311,1,Regular,Medium
12416.0,1,132.0,202.56,18.41,,,2010-02-21 10:19:00,2010-02-21 10:19:00,0,,Australia,657,1,202.56,1,1,1,111,0,Lost,Very High
14892.0,1,79.0,202.35,15.57,,,2010-01-18 08:58:00,2010-01-18 08:58:00,0,,United Kingdom,691,1,202.35,1,1,1,111,0,Lost,Very High
14385.0,3,159.0,202.11,14.44,0.2143,43.32,2011-11-16 11:55:00,2011-11-30 15:36:00,14,7.0,United Kingdom,9,3,202.11,5,3,1,531,1,Regular,Low
13284.0,1,91.0,201.19,15.48,,,2011-01-13 09:23:00,2011-01-13 09:23:00,0,,United Kingdom,331,1,201.19,2,1,1,211,0,Lost,Very High
16965.0,1,291.0,201.19,7.74,,,2011-04-27 12:08:00,2011-04-27 12:08:00,0,,United Kingdom,227,1,201.19,2,1,1,211,1,Regular,Very High
18281.0,2,146.0,201.14,11.83,0.005,23.48,2010-05-11 10:49:00,2011-06-12 10:53:00,397,397.0,United Kingdom,181,2,201.14,3,3,1,331,1,Regular,Very High
18126.0,1,135.0,200.92,3.86,,,2011-10-10 12:19:00,2011-10-10 12:19:00,0,,United Kingdom,61,1,200.92,3,1,1,311,1,Regular,Medium
13556.0,2,134.0,200.82,22.31,0.3333,44.62,2010-09-30 09:01:00,2010-10-06 16:44:00,6,6.0,United Kingdom,429,2,200.82,1,3,1,131,0,Lost,Very High
14330.0,1,103.0,200.63,15.43,,,2010-03-26 09:10:00,2010-03-26 09:10:00,0,,United Kingdom,624,1,200.63,1,1,1,111,0,Lost,Very High
17693.0,1,231.0,200.47,12.53,,,2011-07-25 15:48:00,2011-07-25 15:48:00,0,,United Kingdom,137,1,200.47,3,1,1,311,1,Regular,High
13133.0,3,55.0,200.45,16.7,0.0161,50.01,2010-09-06 15:30:00,2011-03-11 10:31:00,186,93.0,United Kingdom,274,3,200.45,2,3,1,231,0,Lost,Very High
13944.0,1,153.0,200.43,5.73,,,2010-02-24 15:02:00,2010-02-24 15:02:00,0,,United Kingdom,653,1,200.43,1,1,1,111,0,Lost,Very High
14782.0,1,114.0,200.1,33.35,,,2011-01-24 11:12:00,2011-01-24 11:12:00,0,,United Kingdom,320,1,200.1,2,1,1,211,0,Lost,Very High
15593.0,1,60.0,199.8,39.96,,,2011-09-30 11:46:00,2011-09-30 11:46:00,0,,United Kingdom,71,1,199.8,3,1,1,311,1,Regular,Medium
13322.0,1,117.0,199.48,7.98,,,2011-11-22 14:21:00,2011-11-22 14:21:00,0,,United Kingdom,17,1,199.48,5,1,1,511,1,Regular,Low
14521.0,1,211.0,199.45,11.73,,,2010-08-05 16:35:00,2010-08-05 16:35:00,0,,United Kingdom,491,1,199.45,1,1,1,111,0,Lost,Very High
15001.0,2,70.0,199.11,4.33,,,2010-11-10 13:31:00,2010-11-10 13:51:00,0,0.0,United Kingdom,394,2,199.11,2,3,1,231,0,Lost,Very High
15020.0,1,111.0,198.47,7.35,,,2010-11-25 13:29:00,2010-11-25 13:29:00,0,,United Kingdom,379,1,198.47,2,1,1,211,0,Lost,Very High
17184.0,2,73.0,198.41,14.17,0.0124,28.29,2009-12-09 14:17:00,2010-05-19 14:24:00,161,161.0,United Kingdom,569,2,198.41,1,3,1,131,0,Lost,Very High
12581.0,1,161.0,197.71,13.18,,,2011-10-31 08:56:00,2011-10-31 08:56:00,0,,Germany,40,1,197.71,4,1,1,411,1,Regular,Medium
17778.0,1,214.0,197.7,19.77,,,2010-02-16 12:44:00,2010-02-16 12:44:00,0,,United Kingdom,662,1,197.7,1,1,1,111,0,Lost,Very High
14185.0,1,6.0,197.65,65.88,,,2011-01-12 13:52:00,2011-01-12 13:52:00,0,,United Kingdom,331,1,197.65,2,1,1,211,0,Lost,Very High
14789.0,1,116.0,197.64,32.94,,,2011-11-11 08:59:00,2011-11-11 08:59:00,0,,United Kingdom,29,1,197.64,4,1,1,411,1,Regular,Low
17112.0,1,130.0,197.57,4.2,,,2010-07-25 11:14:00,2010-07-25 11:14:00,0,,United Kingdom,503,1,197.57,1,1,1,111,0,Lost,Very High
12927.0,1,145.0,197.31,17.94,,,2010-11-10 10:02:00,2010-11-10 10:02:00,0,,United Kingdom,395,1,197.31,2,1,1,211,0,Lost,Very High
15234.0,1,196.0,197.0,14.07,,,2011-03-08 08:53:00,2011-03-08 08:53:00,0,,United Kingdom,277,1,197.0,2,1,1,211,0,Lost,Very High
13436.0,1,76.0,196.89,16.41,,,2011-12-08 10:33:00,2011-12-08 10:33:00,0,,United Kingdom,2,1,196.89,5,1,1,511,1,Regular,Low
15746.0,1,178.0,196.88,7.03,,,2011-07-28 15:21:00,2011-07-28 15:21:00,0,,United Kingdom,134,1,196.88,3,1,1,311,1,Regular,High
13978.0,2,315.0,196.79,13.12,0.0645,26.23,2011-10-25 15:04:00,2011-11-25 11:36:00,31,31.0,United Kingdom,15,2,196.79,5,3,1,531,1,Regular,Low
16937.0,1,123.0,196.25,4.01,,,2010-07-28 17:56:00,2010-07-28 17:56:00,0,,United Kingdom,499,1,196.25,1,1,1,111,0,Lost,Very High
16112.0,4,574.0,195.74,12.23,0.0205,48.89,2011-01-05 11:47:00,2011-07-19 14:28:00,195,65.0,United Kingdom,143,4,195.74,3,4,1,341,1,Regular,High
13757.0,1,54.0,195.55,24.44,,,2010-02-03 12:37:00,2010-02-03 12:37:00,0,,United Kingdom,675,1,195.55,1,1,1,111,0,Lost,Very High
17010.0,1,118.0,195.36,17.76,,,2011-11-21 14:49:00,2011-11-21 14:49:00,0,,United Kingdom,18,1,195.36,5,1,1,511,1,Regular,Low
14666.0,1,161.0,195.25,13.95,,,2011-11-15 12:57:00,2011-11-15 12:57:00,0,,United Kingdom,24,1,195.25,4,1,1,411,1,Regular,Low
15612.0,2,52.0,195.15,32.53,0.08,65.06,2011-10-09 12:49:00,2011-11-03 14:52:00,25,25.0,United Kingdom,36,2,195.15,4,3,1,431,1,Regular,Medium
14405.0,1,100.0,195.0,97.5,,,2010-11-18 11:40:00,2010-11-18 11:40:00,0,,United Kingdom,387,1,195.0,2,1,1,211,0,Lost,Very High
17468.0,3,184.0,194.8,24.35,0.0082,72.88,2010-11-29 17:25:00,2011-11-29 15:33:00,365,182.5,United Kingdom,10,3,194.8,5,3,1,531,1,Regular,Low
17065.0,2,82.0,194.7,16.22,,,2010-03-12 11:40:00,2010-03-12 11:41:00,0,0.0,United Kingdom,638,2,194.7,1,3,1,131,0,Lost,Very High
17475.0,1,178.0,194.37,13.88,,,2011-09-21 14:55:00,2011-09-21 14:55:00,0,,United Kingdom,79,1,194.37,3,1,1,311,1,Regular,Medium
16299.0,1,107.0,193.65,16.14,,,2010-08-19 17:46:00,2010-08-19 17:46:00,0,,United Kingdom,477,1,193.65,1,1,1,111,0,Lost,Very High
14476.0,1,110.0,193.0,11.35,,,2011-03-27 15:39:00,2011-03-27 15:39:00,0,,United Kingdom,257,1,193.0,2,1,1,211,0,Lost,Very High
12522.0,2,194.0,192.72,16.06,0.1667,32.13,2011-10-19 14:41:00,2011-10-31 15:30:00,12,12.0,Germany,39,2,192.72,4,3,1,431,1,Regular,Medium
14768.0,2,52.0,192.6,38.52,0.0182,77.12,2011-08-04 13:25:00,2011-11-22 12:54:00,110,110.0,United Kingdom,17,2,192.6,5,3,1,531,1,Regular,Low
15729.0,3,47.0,192.55,17.5,0.0157,52.48,2010-11-01 13:44:00,2011-05-11 12:36:00,191,95.5,United Kingdom,213,3,192.55,2,3,1,231,1,Regular,Very High
18028.0,1,133.0,192.05,48.01,,,2010-05-05 13:28:00,2010-05-05 13:28:00,0,,United Kingdom,583,1,192.05,1,1,1,111,0,Lost,Very High
14100.0,1,63.0,191.95,7.68,,,2011-07-25 11:01:00,2011-07-25 11:01:00,0,,United Kingdom,138,1,191.95,3,1,1,311,1,Regular,High
15909.0,1,98.0,191.94,27.42,,,2011-06-19 10:38:00,2011-06-19 10:38:00,0,,United Kingdom,174,1,191.94,3,1,1,311,1,Regular,High
16695.0,2,184.0,191.9,5.48,,,2010-05-27 12:24:00,2010-05-27 12:36:00,0,0.0,United Kingdom,562,2,191.9,1,3,1,131,0,Lost,Very High
14279.0,2,46.0,191.86,63.95,0.0124,127.67,2010-01-27 16:34:00,2010-07-07 08:42:00,161,161.0,United Kingdom,521,2,191.86,1,3,1,131,0,Lost,Very High
15692.0,1,138.0,191.04,15.92,,,2011-11-11 14:12:00,2011-11-11 14:12:00,0,,United Kingdom,28,1,191.04,4,1,1,411,1,Regular,Low
15954.0,1,119.0,190.75,9.54,,,2010-04-29 13:35:00,2010-04-29 13:35:00,0,,United Kingdom,589,1,190.75,1,1,1,111,0,Lost,Very High
14728.0,1,68.0,190.58,13.61,,,2010-10-22 15:57:00,2010-10-22 15:57:00,0,,United Kingdom,413,1,190.58,1,1,1,111,0,Lost,Very High
15688.0,1,95.0,190.57,7.06,,,2010-10-17 12:06:00,2010-10-17 12:06:00,0,,United Kingdom,419,1,190.57,1,1,1,111,0,Lost,Very High
15412.0,1,108.0,190.53,19.05,,,2011-06-21 15:24:00,2011-06-21 15:24:00,0,,United Kingdom,171,1,190.53,3,1,1,311,1,Regular,High
18020.0,1,67.0,190.48,15.87,,,2010-06-14 12:31:00,2010-06-14 12:31:00,0,,United Kingdom,544,1,190.48,1,1,1,111,0,Lost,Very High
14617.0,2,81.0,190.47,21.16,0.1538,42.31,2010-10-20 10:40:00,2010-11-02 11:41:00,13,13.0,United Kingdom,403,2,190.47,2,3,1,231,0,Lost,Very High
13766.0,1,137.0,190.35,11.2,,,2010-08-01 14:25:00,2010-08-01 14:25:00,0,,United Kingdom,495,1,190.35,1,1,1,111,0,Lost,Very High
13972.0,2,187.0,190.25,12.68,0.0153,25.41,2011-05-22 11:34:00,2011-09-30 11:54:00,131,131.0,United Kingdom,71,2,190.25,3,3,1,331,1,Regular,Medium
17257.0,2,187.0,189.78,13.56,,,2010-09-29 12:49:00,2010-09-29 12:51:00,0,0.0,United Kingdom,436,2,189.78,1,3,1,131,0,Lost,Very High
18046.0,1,44.0,189.63,7.29,,,2010-02-28 11:36:00,2010-02-28 11:36:00,0,,United Kingdom,650,1,189.63,1,1,1,111,0,Lost,Very High
13826.0,1,82.0,189.5,18.95,,,2011-06-16 13:48:00,2011-06-16 13:48:00,0,,United Kingdom,176,1,189.5,3,1,1,311,1,Regular,High
14801.0,1,173.0,189.34,3.32,,,2011-10-09 15:24:00,2011-10-09 15:24:00,0,,United Kingdom,61,1,189.34,3,1,1,311,1,Regular,Medium
14830.0,1,164.0,188.88,4.84,,,2011-10-17 14:29:00,2011-10-17 14:29:00,0,,United Kingdom,53,1,188.88,4,1,1,411,1,Regular,Medium
16277.0,1,33.0,188.69,8.2,,,2009-12-06 11:27:00,2009-12-06 11:27:00,0,,United Kingdom,734,1,188.69,1,1,1,111,0,Lost,Very High
14697.0,2,181.0,188.61,8.57,,,2011-05-05 15:29:00,2011-05-05 15:39:00,0,0.0,United Kingdom,218,2,188.61,2,3,1,231,1,Regular,Very High
17283.0,1,179.0,188.46,12.56,,,2010-11-26 11:53:00,2010-11-26 11:53:00,0,,United Kingdom,379,1,188.46,2,1,1,211,0,Lost,Very High
16051.0,1,80.0,188.44,15.7,,,2010-01-27 09:38:00,2010-01-27 09:38:00,0,,United Kingdom,682,1,188.44,1,1,1,111,0,Lost,Very High
13063.0,1,116.0,188.4,15.7,,,2010-08-16 12:27:00,2010-08-16 12:27:00,0,,United Kingdom,481,1,188.4,1,1,1,111,0,Lost,Very High
17781.0,2,34.0,188.02,15.67,0.0213,31.37,2011-03-31 19:54:00,2011-07-03 16:00:00,94,94.0,United Kingdom,159,2,188.02,3,3,1,331,1,Regular,High
17279.0,1,48.0,187.83,20.87,,,2011-10-13 11:58:00,2011-10-13 11:58:00,0,,United Kingdom,58,1,187.83,4,1,1,411,1,Regular,Medium
15072.0,1,164.0,187.52,14.42,,,2010-08-17 15:46:00,2010-08-17 15:46:00,0,,United Kingdom,479,1,187.52,1,1,1,111,0,Lost,Very High
13852.0,1,85.0,187.35,17.03,,,2010-04-08 09:06:00,2010-04-08 09:06:00,0,,United Kingdom,611,1,187.35,1,1,1,111,0,Lost,Very High
18013.0,2,285.0,187.29,6.04,,,2011-07-07 14:08:00,2011-07-07 14:11:00,0,0.0,United Kingdom,155,2,187.29,3,3,1,331,1,Regular,High
13568.0,1,66.0,187.05,4.35,,,2011-06-19 14:42:00,2011-06-19 14:42:00,0,,United Kingdom,173,1,187.05,3,1,1,311,1,Regular,High
13387.0,1,123.0,186.94,2.63,,,2010-10-18 14:07:00,2010-10-18 14:07:00,0,,United Kingdom,417,1,186.94,1,1,1,111,0,Lost,Very High
16267.0,1,198.0,186.66,26.67,,,2010-04-27 14:10:00,2010-04-27 14:10:00,0,,United Kingdom,591,1,186.66,1,1,1,111,0,Lost,Very High
18063.0,2,48.0,186.6,62.2,0.0082,123.94,2010-03-16 13:05:00,2010-11-14 10:46:00,243,243.0,United Kingdom,391,2,186.6,2,3,1,231,0,Lost,Very High
17215.0,1,104.0,186.15,16.92,,,2010-09-01 13:39:00,2010-09-01 13:39:00,0,,United Kingdom,464,1,186.15,1,1,1,111,0,Lost,Very High
16388.0,1,83.0,186.05,14.31,,,2010-02-24 10:20:00,2010-02-24 10:20:00,0,,United Kingdom,654,1,186.05,1,1,1,111,0,Lost,Very High
15567.0,1,223.0,186.01,26.57,,,2011-11-21 10:48:00,2011-11-21 10:48:00,0,,United Kingdom,19,1,186.01,4,1,1,411,1,Regular,Low
12641.0,1,72.0,185.9,18.59,,,2011-08-16 13:26:00,2011-08-16 13:26:00,0,,Sweden,115,1,185.9,3,1,1,311,1,Regular,High
17574.0,1,77.0,185.65,23.21,,,2011-04-11 09:47:00,2011-04-11 09:47:00,0,,United Kingdom,243,1,185.65,2,1,1,211,1,Regular,Very High
14879.0,1,104.0,185.06,6.85,,,2010-01-24 11:35:00,2010-01-24 11:35:00,0,,United Kingdom,685,1,185.06,1,1,1,111,0,Lost,Very High
16097.0,1,87.0,185.05,18.51,,,2011-04-13 13:47:00,2011-04-13 13:47:00,0,,United Kingdom,240,1,185.05,2,1,1,211,1,Regular,Very High
14677.0,1,139.0,184.91,13.21,,,2010-04-26 09:48:00,2010-04-26 09:48:00,0,,United Kingdom,593,1,184.91,1,1,1,111,0,Lost,Very High
17803.0,1,98.0,184.66,6.84,,,2010-11-12 13:53:00,2010-11-12 13:53:00,0,,United Kingdom,392,1,184.66,2,1,1,211,0,Lost,Very High
16914.0,1,112.0,183.76,6.13,,,2011-11-03 15:27:00,2011-11-03 15:27:00,0,,United Kingdom,36,1,183.76,4,1,1,411,1,Regular,Medium
14059.0,1,128.0,183.6,22.95,,,2011-03-18 10:06:00,2011-03-18 10:06:00,0,,United Kingdom,267,1,183.6,2,1,1,211,0,Lost,Very High
13460.0,2,286.0,183.44,10.79,0.1,21.58,2011-10-21 09:50:00,2011-11-10 17:17:00,20,20.0,United Kingdom,29,2,183.44,4,3,1,431,1,Regular,Low
14119.0,2,177.0,183.37,16.67,0.0058,33.16,2009-12-21 14:52:00,2010-11-29 10:33:00,343,343.0,United Kingdom,376,2,183.37,2,3,1,231,0,Lost,Very High
14983.0,1,90.0,183.2,6.11,,,2010-01-19 17:32:00,2010-01-19 17:32:00,0,,United Kingdom,689,1,183.2,1,1,1,111,0,Lost,Very High
16819.0,2,253.0,182.59,10.74,,,2010-08-31 17:31:00,2010-08-31 17:37:00,0,0.0,United Kingdom,465,2,182.59,1,3,1,131,0,Lost,Very High
14941.0,1,80.0,182.1,26.01,,,2010-05-10 11:30:00,2010-05-10 11:30:00,0,,United Kingdom,579,1,182.1,1,1,1,111,0,Lost,Very High
12934.0,1,31.0,181.65,90.83,,,2009-12-03 10:51:00,2009-12-03 10:51:00,0,,United Kingdom,737,1,181.65,1,1,1,111,0,Lost,Very High
16822.0,1,171.0,181.39,16.49,,,2010-01-22 14:22:00,2010-01-22 14:22:00,0,,United Kingdom,686,1,181.39,1,1,1,111,0,Lost,Very High
15359.0,8,145.0,181.35,11.33,0.2581,90.65,2010-01-15 11:30:00,2010-02-15 10:47:00,31,4.43,United Kingdom,663,8,181.35,1,5,1,151,0,Lost,Very High
16594.0,1,64.0,181.09,3.42,,,2011-09-25 14:08:00,2011-09-25 14:08:00,0,,United Kingdom,75,1,181.09,3,1,1,311,1,Regular,Medium
17904.0,1,59.0,181.07,5.33,,,2011-11-18 12:57:00,2011-11-18 12:57:00,0,,United Kingdom,21,1,181.07,4,1,1,411,1,Regular,Low
14858.0,1,105.0,180.75,16.43,,,2010-07-22 10:51:00,2010-07-22 10:51:00,0,,United Kingdom,506,1,180.75,1,1,1,111,0,Lost,Very High
18119.0,1,124.0,180.7,6.23,,,2010-12-07 11:59:00,2010-12-07 11:59:00,0,,United Kingdom,368,1,180.7,2,1,1,211,0,Lost,Very High
17820.0,1,111.0,180.61,4.41,,,2010-11-30 17:43:00,2010-11-30 17:43:00,0,,United Kingdom,374,1,180.61,2,1,1,211,0,Lost,Very High
16090.0,1,58.0,180.56,10.03,,,2010-03-25 13:05:00,2010-03-25 13:05:00,0,,United Kingdom,624,1,180.56,1,1,1,111,0,Lost,Very High
12622.0,1,69.0,180.1,16.37,,,2011-04-21 16:39:00,2011-04-21 16:39:00,0,,Germany,232,1,180.1,2,1,1,211,1,Regular,Very High
18234.0,1,80.0,179.6,5.99,,,2010-06-06 11:22:00,2010-06-06 11:22:00,0,,United Kingdom,552,1,179.6,1,1,1,111,0,Lost,Very High
16640.0,1,146.0,179.4,13.8,,,2010-11-07 10:48:00,2010-11-07 10:48:00,0,,United Kingdom,398,1,179.4,2,1,1,211,0,Lost,Very High
14945.0,1,156.0,179.4,16.31,,,2010-10-22 11:26:00,2010-10-22 11:26:00,0,,United Kingdom,414,1,179.4,1,1,1,111,0,Lost,Very High
18147.0,2,203.0,179.34,25.62,0.0317,51.17,2011-08-23 12:22:00,2011-10-25 11:46:00,63,63.0,United Kingdom,46,2,179.34,4,3,1,431,1,Regular,Medium
15895.0,1,94.0,179.17,16.29,,,2011-07-13 10:27:00,2011-07-13 10:27:00,0,,United Kingdom,150,1,179.17,3,1,1,311,1,Regular,High
14705.0,1,100.0,179.0,179.0,,,2011-05-25 12:39:00,2011-05-25 12:39:00,0,,United Kingdom,199,1,179.0,2,1,1,211,1,Regular,Very High
15209.0,1,94.0,178.98,13.77,,,2009-12-09 17:26:00,2009-12-09 17:26:00,0,,United Kingdom,730,1,178.98,1,1,1,111,0,Lost,Very High
15139.0,2,208.0,178.96,13.77,0.0206,27.52,2011-01-07 12:44:00,2011-04-14 11:39:00,97,97.0,United Kingdom,240,2,178.96,2,3,1,231,1,Regular,Very High
14812.0,1,135.0,178.85,4.97,,,2010-04-20 12:13:00,2010-04-20 12:13:00,0,,United Kingdom,599,1,178.85,1,1,1,111,0,Lost,Very High
16691.0,2,92.0,178.83,16.26,0.014,32.55,2010-05-27 14:55:00,2010-10-17 15:03:00,143,143.0,United Kingdom,418,2,178.83,1,3,1,131,0,Lost,Very High
17170.0,2,152.0,178.68,17.87,0.1333,35.73,2010-11-15 16:23:00,2010-11-30 15:55:00,15,15.0,United Kingdom,374,2,178.68,2,3,1,231,0,Lost,Very High
17879.0,1,45.0,178.52,29.75,,,2011-06-19 12:36:00,2011-06-19 12:36:00,0,,United Kingdom,174,1,178.52,3,1,1,311,1,Regular,High
15292.0,1,55.0,178.39,7.43,,,2011-05-22 15:00:00,2011-05-22 15:00:00,0,,United Kingdom,201,1,178.39,2,1,1,211,1,Regular,Very High
18045.0,1,138.0,178.34,4.15,,,2011-10-25 13:07:00,2011-10-25 13:07:00,0,,United Kingdom,45,1,178.34,4,1,1,411,1,Regular,Medium
17253.0,1,43.0,178.26,9.9,,,2011-11-21 12:59:00,2011-11-21 12:59:00,0,,United Kingdom,18,1,178.26,5,1,1,511,1,Regular,Low
17798.0,1,138.0,178.07,3.96,,,2010-05-07 11:42:00,2010-05-07 11:42:00,0,,United Kingdom,582,1,178.07,1,1,1,111,0,Lost,Very High
18282.0,2,103.0,178.05,14.84,0.0168,29.67,2011-08-05 13:35:00,2011-12-02 11:43:00,119,119.0,United Kingdom,8,2,178.05,5,3,1,531,1,Regular,Low
16403.0,1,114.0,177.5,17.75,,,2011-01-31 13:39:00,2011-01-31 13:39:00,0,,United Kingdom,312,1,177.5,2,1,1,211,0,Lost,Very High
13618.0,1,246.0,177.34,13.64,,,2011-06-19 11:09:00,2011-06-19 11:09:00,0,,United Kingdom,174,1,177.34,3,1,1,311,1,Regular,High
12618.0,1,96.0,177.31,16.12,,,2011-11-18 11:10:00,2011-11-18 11:10:00,0,,Italy,22,1,177.31,4,1,1,411,1,Regular,Low
13072.0,1,69.0,177.15,25.31,,,2011-03-18 08:12:00,2011-03-18 08:12:00,0,,United Kingdom,267,1,177.15,2,1,1,211,0,Lost,Very High
16285.0,1,60.0,176.9,5.71,,,2010-03-03 16:03:00,2010-03-03 16:03:00,0,,United Kingdom,646,1,176.9,1,1,1,111,0,Lost,Very High
17036.0,1,76.0,176.9,14.74,,,2010-11-21 14:26:00,2010-11-21 14:26:00,0,,United Kingdom,383,1,176.9,2,1,1,211,0,Lost,Very High
17587.0,1,67.0,176.71,4.21,,,2010-03-21 14:16:00,2010-03-21 14:16:00,0,,United Kingdom,628,1,176.71,1,1,1,111,0,Lost,Very High
13746.0,1,83.0,176.69,19.63,,,2010-10-22 11:55:00,2010-10-22 11:55:00,0,,United Kingdom,414,1,176.69,1,1,1,111,0,Lost,Very High
17947.0,1,168.0,176.68,19.63,,,2011-11-02 13:05:00,2011-11-02 13:05:00,0,,United Kingdom,37,1,176.68,4,1,1,411,1,Regular,Medium
14287.0,3,261.0,176.63,19.63,0.0158,58.93,2011-05-25 11:41:00,2011-12-01 13:25:00,190,95.0,United Kingdom,8,3,176.63,5,3,1,531,1,Regular,Low
12893.0,1,90.0,176.55,5.7,,,2011-11-09 12:34:00,2011-11-09 12:34:00,0,,United Kingdom,31,1,176.55,4,1,1,411,1,Regular,Medium
12509.0,1,55.0,176.5,25.21,,,2011-02-28 14:45:00,2011-02-28 14:45:00,0,,France,284,1,176.5,2,1,1,211,0,Lost,Very High
18054.0,1,96.0,176.5,16.05,,,2010-11-12 08:18:00,2010-11-12 08:18:00,0,,United Kingdom,393,1,176.5,2,1,1,211,0,Lost,Very High
18175.0,1,70.0,176.1,25.16,,,2010-02-02 10:25:00,2010-02-02 10:25:00,0,,United Kingdom,676,1,176.1,1,1,1,111,0,Lost,Very High
18274.0,1,88.0,175.92,15.99,,,2011-11-09 17:03:00,2011-11-09 17:03:00,0,,United Kingdom,30,1,175.92,4,1,1,411,1,Regular,Low
17840.0,1,128.0,175.9,3.52,,,2010-09-22 12:24:00,2010-09-22 12:24:00,0,,United Kingdom,444,1,175.9,1,1,1,111,0,Lost,Very High
17026.0,3,107.0,175.83,35.17,0.0129,105.26,2010-10-18 15:22:00,2011-06-07 14:28:00,232,116.0,United Kingdom,185,3,175.83,3,3,1,331,1,Regular,Very High
18166.0,1,90.0,175.5,17.55,,,2010-03-26 12:26:00,2010-03-26 12:26:00,0,,United Kingdom,624,1,175.5,1,1,1,111,0,Lost,Very High
14486.0,2,90.0,175.5,29.25,0.0476,58.48,2010-06-04 10:30:00,2010-07-16 09:42:00,42,42.0,United Kingdom,512,2,175.5,1,3,1,131,0,Lost,Very High
13007.0,1,59.0,175.25,15.93,,,2010-05-09 10:38:00,2010-05-09 10:38:00,0,,United Kingdom,580,1,175.25,1,1,1,111,0,Lost,Very High
16144.0,1,16.0,175.2,175.2,,,2011-04-07 10:09:00,2011-04-07 10:09:00,0,,United Kingdom,247,1,175.2,2,1,1,211,1,Regular,Very High
17331.0,1,16.0,175.2,175.2,,,2011-08-08 11:55:00,2011-08-08 11:55:00,0,,United Kingdom,124,1,175.2,3,1,1,311,1,Regular,High
16559.0,1,61.0,175.0,10.29,,,2010-11-07 13:52:00,2010-11-07 13:52:00,0,,United Kingdom,397,1,175.0,2,1,1,211,0,Lost,Very High
17108.0,1,31.0,174.95,19.44,,,2010-02-14 12:22:00,2010-02-14 12:22:00,0,,United Kingdom,664,1,174.95,1,1,1,111,0,Lost,Very High
18010.0,1,60.0,174.8,12.49,,,2011-03-28 12:27:00,2011-03-28 12:27:00,0,,United Kingdom,257,1,174.8,2,1,1,211,0,Lost,Very High
14495.0,3,68.0,174.8,24.97,0.0049,74.51,2010-02-18 08:49:00,2011-10-20 12:28:00,609,304.5,United Kingdom,51,3,174.8,4,3,1,431,1,Regular,Medium
14518.0,1,278.0,174.37,10.9,,,2011-10-06 14:43:00,2011-10-06 14:43:00,0,,United Kingdom,64,1,174.37,3,1,1,311,1,Regular,Medium
15684.0,3,77.0,173.95,15.81,0.016,47.56,2009-12-04 16:13:00,2010-06-10 18:51:00,188,94.0,United Kingdom,547,3,173.95,1,3,1,131,0,Lost,Very High
14674.0,1,103.0,173.66,12.4,,,2010-07-18 14:25:00,2010-07-18 14:25:00,0,,United Kingdom,509,1,173.66,1,1,1,111,0,Lost,Very High
12441.0,1,121.0,173.55,15.78,,,2010-12-08 10:45:00,2010-12-08 10:45:00,0,,France,367,1,173.55,2,1,1,211,0,Lost,Very High
15565.0,2,60.0,173.16,21.64,0.1,43.28,2011-09-30 10:44:00,2011-10-20 14:33:00,20,20.0,United Kingdom,50,2,173.16,4,3,1,431,1,Regular,Medium
16741.0,1,81.0,173.06,15.73,,,2010-03-24 15:15:00,2010-03-24 15:15:00,0,,United Kingdom,625,1,173.06,1,1,1,111,0,Lost,Very High
16599.0,1,159.0,172.8,14.4,,,2010-11-19 12:45:00,2010-11-19 12:45:00,0,,United Kingdom,386,1,172.8,2,1,1,211,0,Lost,Very High
13671.0,1,95.0,172.6,2.7,,,2010-11-10 10:50:00,2010-11-10 10:50:00,0,,United Kingdom,395,1,172.6,2,1,1,211,0,Lost,Very High
13690.0,1,67.0,172.25,19.14,,,2011-10-11 15:03:00,2011-10-11 15:03:00,0,,United Kingdom,59,1,172.25,3,1,1,311,1,Regular,Medium
12442.0,1,182.0,172.06,14.34,,,2011-12-06 14:22:00,2011-12-06 14:22:00,0,,Spain,3,1,172.06,5,1,1,511,1,Regular,Low
15515.0,1,131.0,171.81,24.54,,,2010-11-17 13:39:00,2010-11-17 13:39:00,0,,United Kingdom,387,1,171.81,2,1,1,211,0,Lost,Very High
17983.0,1,108.0,171.71,7.15,,,2010-11-09 13:23:00,2010-11-09 13:24:00,0,,United Kingdom,395,1,171.71,2,1,1,211,0,Lost,Very High
17575.0,1,72.0,171.7,34.34,,,2010-02-10 13:48:00,2010-02-10 13:48:00,0,,United Kingdom,667,1,171.7,1,1,1,111,0,Lost,Very High
13560.0,1,63.0,171.42,5.36,,,2011-12-02 13:11:00,2011-12-02 13:11:00,0,,United Kingdom,7,1,171.42,5,1,1,511,1,Regular,Low
16312.0,1,53.0,171.15,17.11,,,2010-10-03 14:15:00,2010-10-03 14:15:00,0,,United Kingdom,432,1,171.15,1,1,1,111,0,Lost,Very High
16673.0,1,95.0,171.13,9.01,,,2010-01-29 14:22:00,2010-01-29 14:22:00,0,,United Kingdom,679,1,171.13,1,1,1,111,0,Lost,Very High
14536.0,1,39.0,170.95,9.5,,,2011-03-25 12:21:00,2011-03-25 12:21:00,0,,United Kingdom,260,1,170.95,2,1,1,211,0,Lost,Very High
15403.0,2,492.0,170.88,21.36,0.0084,42.88,2009-12-09 12:45:00,2010-08-05 12:21:00,239,239.0,United Kingdom,492,2,170.88,1,3,1,131,0,Lost,Very High
14811.0,1,74.0,170.5,6.09,,,2010-11-17 13:09:00,2010-11-17 13:09:00,0,,United Kingdom,387,1,170.5,2,1,1,211,0,Lost,Very High
15256.0,2,92.0,170.4,17.04,0.0048,33.78,2010-05-27 11:41:00,2011-07-14 11:47:00,413,413.0,United Kingdom,149,2,170.4,3,3,1,331,1,Regular,High
17922.0,1,49.0,170.4,21.3,,,2010-06-14 16:32:00,2010-06-14 16:32:00,0,,United Kingdom,543,1,170.4,1,1,1,111,0,Lost,Very High
14860.0,1,232.0,170.32,15.48,,,2011-11-20 14:17:00,2011-11-20 14:17:00,0,,United Kingdom,19,1,170.32,4,1,1,411,1,Regular,Low
16731.0,1,124.0,170.3,4.05,,,2010-03-01 15:05:00,2010-03-01 15:05:00,0,,United Kingdom,648,1,170.3,1,1,1,111,0,Lost,Very High
15335.0,1,79.0,170.22,4.86,,,2011-10-17 12:50:00,2011-10-17 12:50:00,0,,United Kingdom,54,1,170.22,4,1,1,411,1,Regular,Medium
13747.0,2,60.0,169.8,33.96,0.0392,67.89,2010-10-11 09:15:00,2010-12-01 10:37:00,51,51.0,United Kingdom,374,2,169.8,2,3,1,231,0,Lost,Very High
14218.0,1,160.0,169.48,14.12,,,2011-10-28 10:00:00,2011-10-28 10:00:00,0,,United Kingdom,43,1,169.48,4,1,1,411,1,Regular,Medium
16002.0,1,70.0,169.21,4.03,,,2010-03-24 13:08:00,2010-03-24 13:08:00,0,,United Kingdom,625,1,169.21,1,1,1,111,0,Lost,Very High
15647.0,1,124.0,169.0,15.36,,,2010-10-20 15:09:00,2010-10-20 15:09:00,0,,United Kingdom,415,1,169.0,1,1,1,111,0,Lost,Very High
12367.0,1,173.0,168.9,15.35,,,2011-12-05 16:48:00,2011-12-05 16:48:00,0,,Denmark,4,1,168.9,5,1,1,511,1,Regular,Low
12768.0,1,102.0,168.69,16.87,,,2010-09-15 12:08:00,2010-09-15 12:08:00,0,,Korea,451,1,168.69,1,1,1,111,0,Lost,Very High
14578.0,1,240.0,168.63,7.03,,,2011-12-06 17:18:00,2011-12-06 17:18:00,0,,United Kingdom,3,1,168.63,5,1,1,511,1,Regular,Low
18269.0,1,76.0,168.6,24.09,,,2010-12-08 13:53:00,2010-12-08 13:53:00,0,,United Kingdom,366,1,168.6,2,1,1,211,0,Lost,Very High
18099.0,1,149.0,168.31,8.86,,,2011-08-04 15:52:00,2011-08-04 15:52:00,0,,United Kingdom,127,1,168.31,3,1,1,311,1,Regular,High
17737.0,2,108.0,168.24,16.82,0.0408,33.63,2011-10-12 14:42:00,2011-11-30 15:16:00,49,49.0,United Kingdom,9,2,168.24,5,3,1,531,1,Regular,Low
14131.0,1,105.0,168.22,3.66,,,2010-03-01 11:59:00,2010-03-01 11:59:00,0,,United Kingdom,649,1,168.22,1,1,1,111,0,Lost,Very High
12551.0,1,100.0,168.0,16.8,,,2010-12-17 11:23:00,2010-12-17 11:23:00,0,,Spain,358,1,168.0,2,1,1,211,0,Lost,Very High
17559.0,1,270.0,167.62,13.97,,,2010-07-15 12:02:00,2010-07-15 12:02:00,0,,United Kingdom,513,1,167.62,1,1,1,111,0,Lost,Very High
17367.0,1,149.0,167.55,5.08,,,2011-04-15 14:21:00,2011-04-15 14:21:00,0,,United Kingdom,238,1,167.55,2,1,1,211,1,Regular,Very High
18037.0,15,37.0,167.42,5.07,0.0257,76.09,2009-12-01 13:48:00,2011-07-08 13:39:00,584,41.71,United Kingdom,154,15,167.42,3,5,1,351,1,Regular,High
17586.0,1,68.0,167.4,20.93,,,2010-03-30 13:12:00,2010-03-30 13:12:00,0,,United Kingdom,619,1,167.4,1,1,1,111,0,Lost,Very High
13609.0,1,19.0,167.35,23.91,,,2010-04-25 13:26:00,2010-04-25 13:26:00,0,,United Kingdom,593,1,167.35,1,1,1,111,0,Lost,Very High
16405.0,2,187.0,167.25,33.45,0.25,66.9,2011-02-02 17:08:00,2011-02-10 15:24:00,8,8.0,United Kingdom,302,2,167.25,2,3,1,231,0,Lost,Very High
15166.0,1,140.0,167.16,13.93,,,2010-08-29 12:31:00,2010-08-29 12:31:00,0,,United Kingdom,468,1,167.16,1,1,1,111,0,Lost,Very High
17875.0,1,98.0,167.1,6.43,,,2010-01-20 15:30:00,2010-01-20 15:30:00,0,,United Kingdom,688,1,167.1,1,1,1,111,0,Lost,Very High
13547.0,1,79.0,167.08,3.8,,,2010-10-27 14:14:00,2010-10-27 14:14:00,0,,United Kingdom,408,1,167.08,2,1,1,211,0,Lost,Very High
13967.0,2,66.0,166.3,27.72,0.008,55.66,2010-11-08 13:24:00,2011-07-17 12:02:00,251,251.0,United Kingdom,146,2,166.3,3,3,1,331,1,Regular,High
17650.0,1,150.0,166.08,20.76,,,2011-11-18 14:52:00,2011-11-18 14:52:00,0,,United Kingdom,21,1,166.08,4,1,1,411,1,Regular,Low
18088.0,1,107.0,166.03,4.49,,,2011-10-09 13:41:00,2011-10-09 13:41:00,0,,United Kingdom,61,1,166.03,3,1,1,311,1,Regular,Medium
18107.0,1,65.0,165.88,4.37,,,2010-09-23 13:03:00,2010-09-23 13:03:00,0,,United Kingdom,442,1,165.88,1,1,1,111,0,Lost,Very High
13903.0,1,103.0,165.45,16.55,,,2010-11-04 17:44:00,2010-11-04 17:44:00,0,,United Kingdom,400,1,165.45,2,1,1,211,0,Lost,Very High
13470.0,2,100.0,165.0,16.5,0.125,33.0,2011-08-16 17:06:00,2011-09-01 14:57:00,16,16.0,United Kingdom,99,2,165.0,3,3,1,331,1,Regular,High
16663.0,1,100.0,165.0,165.0,,,2009-12-10 13:12:00,2009-12-10 13:12:00,0,,United Kingdom,729,1,165.0,1,1,1,111,0,Lost,Very High
15316.0,1,100.0,165.0,165.0,,,2011-01-17 11:34:00,2011-01-17 11:34:00,0,,United Kingdom,327,1,165.0,2,1,1,211,0,Lost,Very High
13191.0,1,115.0,164.69,2.79,,,2010-02-19 17:02:00,2010-02-19 17:02:00,0,,United Kingdom,658,1,164.69,1,1,1,111,0,Lost,Very High
15904.0,1,84.0,164.68,5.49,,,2011-12-01 14:50:00,2011-12-01 14:50:00,0,,United Kingdom,8,1,164.68,5,1,1,511,1,Regular,Low
17535.0,1,136.0,164.4,12.65,,,2011-03-04 15:20:00,2011-03-04 15:20:00,0,,United Kingdom,280,1,164.4,2,1,1,211,0,Lost,Very High
13603.0,1,164.0,164.34,6.09,,,2011-11-13 15:57:00,2011-11-13 15:57:00,0,,United Kingdom,26,1,164.34,4,1,1,411,1,Regular,Low
17417.0,1,76.0,164.18,10.26,,,2010-06-09 10:00:00,2010-06-09 10:00:00,0,,United Kingdom,549,1,164.18,1,1,1,111,0,Lost,Very High
14955.0,1,74.0,163.77,5.28,,,2009-12-07 11:35:00,2009-12-07 11:35:00,0,,United Kingdom,733,1,163.77,1,1,1,111,0,Lost,Very High
14354.0,2,210.0,163.62,18.18,0.08,36.36,2011-11-09 15:36:00,2011-12-04 11:32:00,25,25.0,United Kingdom,6,2,163.62,5,3,1,531,1,Regular,Low
14485.0,1,70.0,162.8,3.54,,,2011-11-01 12:25:00,2011-11-01 12:25:00,0,,United Kingdom,39,1,162.8,4,1,1,411,1,Regular,Medium
16517.0,1,96.0,162.7,9.57,,,2011-03-07 13:50:00,2011-03-07 13:50:00,0,,United Kingdom,277,1,162.7,2,1,1,211,0,Lost,Very High
18174.0,2,80.0,162.5,81.25,0.0034,164.65,2010-04-15 12:17:00,2011-12-02 16:56:00,596,596.0,United Kingdom,7,2,162.5,5,3,1,531,1,Regular,Low
12954.0,1,83.0,162.45,16.24,,,2010-03-11 10:16:00,2010-03-11 10:16:00,0,,United Kingdom,639,1,162.45,1,1,1,111,0,Lost,Very High
15733.0,1,62.0,162.3,16.23,,,2011-03-02 09:05:00,2011-03-02 09:05:00,0,,United Kingdom,283,1,162.3,2,1,1,211,0,Lost,Very High
15534.0,1,63.0,162.25,20.28,,,2009-12-14 12:48:00,2009-12-14 12:48:00,0,,United Kingdom,726,1,162.25,1,1,1,111,0,Lost,Very High
16443.0,1,96.0,162.24,162.24,,,2010-07-07 11:57:00,2010-07-07 11:57:00,0,,United Kingdom,521,1,162.24,1,1,1,111,0,Lost,Very High
18014.0,1,66.0,162.22,5.41,,,2011-11-11 15:28:00,2011-11-11 15:28:00,0,,United Kingdom,28,1,162.22,4,1,1,411,1,Regular,Low
12661.0,1,216.0,162.0,14.73,,,2010-09-29 16:46:00,2010-09-29 16:46:00,0,,Sweden,436,1,162.0,1,1,1,111,0,Lost,Very High
17971.0,1,62.0,161.94,7.71,,,2010-06-09 14:04:00,2010-06-09 14:04:00,0,,United Kingdom,548,1,161.94,1,1,1,111,0,Lost,Very High
17600.0,1,144.0,161.67,12.44,,,2011-11-22 09:43:00,2011-11-22 09:43:00,0,,United Kingdom,18,1,161.67,5,1,1,511,1,Regular,Low
16113.0,1,176.0,161.38,5.38,,,2011-06-09 16:16:00,2011-06-09 16:16:00,0,,United Kingdom,183,1,161.38,3,1,1,311,1,Regular,Very High
13714.0,1,50.0,161.35,5.38,,,2010-08-31 13:57:00,2010-08-31 13:57:00,0,,United Kingdom,465,1,161.35,1,1,1,111,0,Lost,Very High
13779.0,1,53.0,161.13,5.97,,,2010-07-12 11:24:00,2010-07-12 11:24:00,0,,United Kingdom,516,1,161.13,1,1,1,111,0,Lost,Very High
13701.0,1,80.0,161.0,17.89,,,2010-09-19 12:39:00,2010-09-19 12:39:00,0,,United Kingdom,447,1,161.0,1,1,1,111,0,Lost,Very High
13229.0,1,63.0,160.95,16.1,,,2011-04-28 12:07:00,2011-04-28 12:07:00,0,,United Kingdom,226,1,160.95,2,1,1,211,1,Regular,Very High
17605.0,1,71.0,160.75,12.37,,,2010-04-28 14:45:00,2010-04-28 14:45:00,0,,United Kingdom,590,1,160.75,1,1,1,111,0,Lost,Very High
17202.0,1,55.0,160.65,20.08,,,2010-10-15 11:25:00,2010-10-15 11:25:00,0,,United Kingdom,421,1,160.65,1,1,1,111,0,Lost,Very High
17487.0,1,37.0,160.55,20.07,,,2009-12-11 15:06:00,2009-12-11 15:06:00,0,,United Kingdom,728,1,160.55,1,1,1,111,0,Lost,Very High
15229.0,1,114.0,160.5,17.83,,,2010-05-02 13:50:00,2010-05-02 13:50:00,0,,United Kingdom,586,1,160.5,1,1,1,111,0,Lost,Very High
16645.0,1,117.0,160.39,11.46,,,2009-12-04 09:49:00,2009-12-04 09:49:00,0,,United Kingdom,736,1,160.39,1,1,1,111,0,Lost,Very High
18146.0,2,153.0,160.35,16.04,0.025,32.08,2011-05-03 16:35:00,2011-07-22 12:08:00,80,80.0,United Kingdom,141,2,160.35,3,3,1,331,1,Regular,High
12966.0,1,75.0,160.18,16.02,,,2011-11-30 12:38:00,2011-11-30 12:38:00,0,,United Kingdom,10,1,160.18,5,1,1,511,1,Regular,Low
14571.0,1,56.0,160.0,5.33,,,2010-10-10 15:06:00,2010-10-10 15:06:00,0,,United Kingdom,425,1,160.0,1,1,1,111,0,Lost,Very High
13420.0,2,101.0,159.85,19.98,0.0952,39.94,2011-06-22 11:35:00,2011-07-13 08:48:00,21,21.0,United Kingdom,150,2,159.85,3,3,1,331,1,Regular,High
13302.0,2,12.0,159.2,53.07,0.0054,106.32,2010-07-01 12:32:00,2011-07-07 17:56:00,371,371.0,United Kingdom,155,2,159.2,3,3,1,331,1,Regular,High
17953.0,1,98.0,159.17,7.96,,,2010-06-17 15:08:00,2010-06-17 15:08:00,0,,United Kingdom,540,1,159.17,1,1,1,111,0,Lost,Very High
16213.0,1,48.0,159.0,26.5,,,2011-09-22 10:03:00,2011-09-22 10:03:00,0,,United Kingdom,79,1,159.0,3,1,1,311,1,Regular,Medium
18224.0,1,69.0,158.95,15.9,,,2011-03-21 10:30:00,2011-03-21 10:30:00,0,,United Kingdom,264,1,158.95,2,1,1,211,0,Lost,Very High
14089.0,1,133.0,158.75,12.21,,,2011-10-14 10:38:00,2011-10-14 10:38:00,0,,United Kingdom,57,1,158.75,4,1,1,411,1,Regular,Medium
15499.0,1,59.0,158.65,3.87,,,2009-12-16 12:17:00,2009-12-16 12:17:00,0,,United Kingdom,724,1,158.65,1,1,1,111,0,Lost,Very High
15548.0,1,64.0,158.09,6.87,,,2010-04-23 12:20:00,2010-04-23 12:20:00,0,,United Kingdom,596,1,158.09,1,1,1,111,0,Lost,Very High
15348.0,1,84.0,158.04,17.56,,,2011-09-28 13:17:00,2011-09-28 13:17:00,0,,United Kingdom,72,1,158.04,3,1,1,311,1,Regular,Medium
14318.0,1,152.0,158.02,17.56,,,2010-09-05 15:32:00,2010-09-05 15:32:00,0,,United Kingdom,460,1,158.02,1,1,1,111,0,Lost,Very High
18004.0,1,75.0,157.92,4.27,,,2010-12-12 13:47:00,2010-12-12 13:47:00,0,,United Kingdom,362,1,157.92,2,1,1,211,0,Lost,Very High
17751.0,1,147.0,157.86,4.93,,,2010-10-14 13:57:00,2010-10-14 13:57:00,0,,United Kingdom,421,1,157.86,1,1,1,111,0,Lost,Very High
14207.0,1,36.0,157.8,78.9,,,2010-01-21 09:33:00,2010-01-21 09:33:00,0,,United Kingdom,688,1,157.8,1,1,1,111,0,Lost,Very High
14822.0,1,94.0,157.7,17.52,,,2010-08-11 12:52:00,2010-08-11 12:52:00,0,,United Kingdom,485,1,157.7,1,1,1,111,0,Lost,Very High
16687.0,1,141.0,157.63,19.7,,,2010-11-14 11:46:00,2010-11-14 11:46:00,0,,United Kingdom,391,1,157.63,2,1,1,211,0,Lost,Very High
12894.0,1,33.0,157.35,7.49,,,2010-05-13 14:47:00,2010-05-13 14:47:00,0,,United Kingdom,575,1,157.35,1,1,1,111,0,Lost,Very High
17318.0,1,59.0,157.33,9.25,,,2009-12-14 13:11:00,2009-12-14 13:11:00,0,,United Kingdom,725,1,157.33,1,1,1,111,0,Lost,Very High
16371.0,1,108.0,157.2,14.29,,,2010-09-17 12:09:00,2010-09-17 12:09:00,0,,United Kingdom,449,1,157.2,1,1,1,111,0,Lost,Very High
17128.0,1,76.0,157.09,11.22,,,2011-01-09 12:02:00,2011-01-09 12:02:00,0,,United Kingdom,335,1,157.09,2,1,1,211,0,Lost,Very High
17118.0,1,154.0,157.02,15.7,,,2011-01-26 12:19:00,2011-01-26 12:19:00,0,,United Kingdom,318,1,157.02,2,1,1,211,0,Lost,Very High
15007.0,1,69.0,156.91,13.08,,,2011-07-03 16:00:00,2011-07-03 16:00:00,0,,United Kingdom,159,1,156.91,3,1,1,311,1,Regular,High
15742.0,1,51.0,156.87,3.83,,,2010-03-30 15:25:00,2010-03-30 15:25:00,0,,United Kingdom,619,1,156.87,1,1,1,111,0,Lost,Very High
13830.0,1,47.0,156.85,14.26,,,2010-05-07 12:24:00,2010-05-07 12:24:00,0,,United Kingdom,582,1,156.85,1,1,1,111,0,Lost,Very High
14406.0,1,77.0,156.75,19.59,,,2011-08-12 16:54:00,2011-08-12 16:54:00,0,,United Kingdom,119,1,156.75,3,1,1,311,1,Regular,High
16578.0,1,108.0,156.6,17.4,,,2010-03-23 15:11:00,2010-03-23 15:11:00,0,,United Kingdom,626,1,156.6,1,1,1,111,0,Lost,Very High
15438.0,1,59.0,156.58,6.26,,,2011-07-31 14:19:00,2011-07-31 14:19:00,0,,United Kingdom,131,1,156.58,3,1,1,311,1,Regular,High
15263.0,1,89.0,156.51,13.04,,,2011-08-25 10:26:00,2011-08-25 10:26:00,0,,United Kingdom,107,1,156.51,3,1,1,311,1,Regular,High
17885.0,1,110.0,156.34,2.95,,,2011-11-27 14:40:00,2011-11-27 14:40:00,0,,United Kingdom,12,1,156.34,5,1,1,511,1,Regular,Low
13051.0,2,72.0,155.8,38.95,0.0488,77.93,2010-03-30 11:11:00,2010-05-10 09:14:00,41,41.0,United Kingdom,579,2,155.8,1,3,1,131,0,Lost,Very High
17832.0,1,208.0,155.37,2.55,,,2011-10-21 11:43:00,2011-10-21 11:43:00,0,,United Kingdom,50,1,155.37,4,1,1,411,1,Regular,Medium
12738.0,1,148.0,155.35,14.12,,,2010-12-02 18:27:00,2010-12-02 18:27:00,0,,Germany,372,1,155.35,2,1,1,211,0,Lost,Very High
14368.0,1,36.0,155.0,19.38,,,2011-01-24 09:52:00,2011-01-24 09:52:00,0,,United Kingdom,320,1,155.0,2,1,1,211,0,Lost,Very High
14046.0,1,460.0,154.99,11.07,,,2011-02-28 14:48:00,2011-02-28 14:48:00,0,,United Kingdom,284,1,154.99,2,1,1,211,0,Lost,Very High
17698.0,1,93.0,154.95,19.37,,,2011-03-24 11:34:00,2011-03-24 11:34:00,0,,United Kingdom,261,1,154.95,2,1,1,211,0,Lost,Very High
15740.0,1,152.0,154.88,17.21,,,2011-10-21 14:29:00,2011-10-21 14:29:00,0,,United Kingdom,49,1,154.88,4,1,1,411,1,Regular,Medium
17899.0,1,170.0,154.55,4.99,,,2011-07-03 14:58:00,2011-07-03 14:58:00,0,,United Kingdom,159,1,154.55,3,1,1,311,1,Regular,High
15226.0,1,71.0,154.41,19.3,,,2011-02-02 11:41:00,2011-02-02 11:41:00,0,,United Kingdom,311,1,154.41,2,1,1,211,0,Lost,Very High
13490.0,1,25.0,154.25,19.28,,,2010-02-23 14:48:00,2010-02-23 14:48:00,0,,United Kingdom,654,1,154.25,1,1,1,111,0,Lost,Very High
14814.0,1,93.0,154.21,5.14,,,2010-05-07 14:10:00,2010-05-07 14:10:00,0,,United Kingdom,581,1,154.21,1,1,1,111,0,Lost,Very High
17517.0,1,102.0,153.94,13.99,,,2011-02-04 11:48:00,2011-02-04 11:48:00,0,,United Kingdom,309,1,153.94,2,1,1,211,0,Lost,Very High
15560.0,2,72.0,153.52,15.35,,,2010-11-07 10:14:00,2010-11-07 10:15:00,0,0.0,United Kingdom,398,2,153.52,2,3,1,231,0,Lost,Very High
15431.0,1,84.0,153.24,76.62,,,2010-07-25 12:44:00,2010-07-25 12:44:00,0,,United Kingdom,503,1,153.24,1,1,1,111,0,Lost,Very High
12602.0,1,162.0,153.12,12.76,,,2011-10-12 11:22:00,2011-10-12 11:22:00,0,,France,59,1,153.12,3,1,1,311,1,Regular,Medium
16248.0,1,78.0,152.94,21.85,,,2011-10-09 11:32:00,2011-10-09 11:32:00,0,,United Kingdom,62,1,152.94,3,1,1,311,1,Regular,Medium
18138.0,1,38.0,152.65,19.08,,,2011-02-17 14:51:00,2011-02-17 14:51:00,0,,United Kingdom,295,1,152.65,2,1,1,211,0,Lost,Very High
14066.0,1,45.0,152.55,21.79,,,2011-03-18 12:21:00,2011-03-18 12:21:00,0,,United Kingdom,267,1,152.55,2,1,1,211,0,Lost,Very High
15509.0,1,58.0,152.41,5.86,,,2010-11-24 14:48:00,2010-11-24 14:48:00,0,,United Kingdom,380,1,152.41,2,1,1,211,0,Lost,Very High
17327.0,2,59.0,152.35,38.09,0.0131,76.34,2010-05-26 11:20:00,2010-10-26 09:54:00,153,153.0,United Kingdom,410,2,152.35,1,3,1,131,0,Lost,Very High
13653.0,1,72.0,152.2,16.91,,,2010-08-09 08:19:00,2010-08-09 08:19:00,0,,United Kingdom,488,1,152.2,1,1,1,111,0,Lost,Very High
16617.0,1,91.0,151.85,30.37,,,2011-04-18 10:35:00,2011-04-18 10:35:00,0,,United Kingdom,236,1,151.85,2,1,1,211,1,Regular,Very High
14362.0,1,96.0,151.5,4.09,,,2011-11-17 15:08:00,2011-11-17 15:08:00,0,,United Kingdom,22,1,151.5,4,1,1,411,1,Regular,Low
18076.0,1,164.0,151.49,18.94,,,2010-11-24 14:02:00,2010-11-24 14:02:00,0,,United Kingdom,380,1,151.49,2,1,1,211,0,Lost,Very High
13697.0,1,177.0,151.3,12.61,,,2011-11-01 09:14:00,2011-11-01 09:14:00,0,,United Kingdom,39,1,151.3,4,1,1,411,1,Regular,Medium
14516.0,1,63.0,151.17,4.32,,,2010-07-11 14:07:00,2010-07-11 14:07:00,0,,United Kingdom,516,1,151.17,1,1,1,111,0,Lost,Very High
16337.0,1,87.0,151.05,15.11,,,2011-11-03 10:03:00,2011-11-03 10:03:00,0,,United Kingdom,37,1,151.05,4,1,1,411,1,Regular,Medium
16662.0,1,35.0,151.05,5.39,,,2010-11-10 16:56:00,2010-11-10 16:56:00,0,,United Kingdom,394,1,151.05,2,1,1,211,0,Lost,Very High
14073.0,1,130.0,151.04,11.62,,,2011-11-07 15:49:00,2011-11-07 15:49:00,0,,United Kingdom,32,1,151.04,4,1,1,411,1,Regular,Medium
12959.0,1,109.0,150.95,18.87,,,2010-08-12 17:20:00,2010-08-12 17:20:00,0,,United Kingdom,484,1,150.95,1,1,1,111,0,Lost,Very High
14980.0,1,79.0,150.68,6.28,,,2009-12-02 14:09:00,2009-12-02 14:09:00,0,,United Kingdom,737,1,150.68,1,1,1,111,0,Lost,Very High
15991.0,1,41.0,150.55,25.09,,,2010-06-23 15:50:00,2010-06-23 15:50:00,0,,United Kingdom,534,1,150.55,1,1,1,111,0,Lost,Very High
14084.0,1,306.0,150.5,21.5,,,2010-07-15 14:36:00,2010-07-15 14:36:00,0,,United Kingdom,512,1,150.5,1,1,1,111,0,Lost,Very High
15775.0,2,260.0,150.5,16.72,0.0052,33.56,2010-03-18 07:32:00,2011-04-08 12:56:00,386,386.0,United Kingdom,245,2,150.5,2,3,1,231,1,Regular,Very High
15474.0,1,55.0,150.35,7.91,,,2010-04-23 11:14:00,2010-04-23 11:14:00,0,,United Kingdom,596,1,150.35,1,1,1,111,0,Lost,Very High
18200.0,1,104.0,150.35,5.01,,,2011-08-25 18:45:00,2011-08-25 18:45:00,0,,United Kingdom,106,1,150.35,3,1,1,311,1,Regular,High
14845.0,1,600.0,150.0,150.0,,,2010-04-19 10:19:00,2010-04-19 10:19:00,0,,United Kingdom,600,1,150.0,1,1,1,111,0,Lost,Very High
17234.0,1,55.0,149.89,10.71,,,2011-06-10 11:20:00,2011-06-10 11:20:00,0,,United Kingdom,183,1,149.89,3,1,1,311,1,Regular,Very High
13257.0,1,33.0,149.75,21.39,,,2010-09-29 14:58:00,2010-09-29 14:58:00,0,,United Kingdom,436,1,149.75,1,1,1,111,0,Lost,Very High
17946.0,2,75.0,149.58,7.48,0.0769,14.96,2011-03-25 14:34:00,2011-04-20 17:00:00,26,26.0,United Kingdom,233,2,149.58,2,3,1,231,1,Regular,Very High
17390.0,1,49.0,149.3,12.44,,,2010-10-15 11:29:00,2010-10-15 11:29:00,0,,United Kingdom,421,1,149.3,1,1,1,111,0,Lost,Very High
15435.0,1,54.0,149.29,5.15,,,2011-11-17 16:39:00,2011-11-17 16:39:00,0,,United Kingdom,22,1,149.29,4,1,1,411,1,Regular,Low
13003.0,3,103.0,149.05,24.84,0.0275,74.46,2011-05-09 08:23:00,2011-08-26 10:50:00,109,54.5,United Kingdom,106,3,149.05,3,3,1,331,1,Regular,High
17549.0,2,210.0,148.86,24.81,0.0714,49.6,2011-10-19 10:05:00,2011-11-16 09:59:00,28,28.0,United Kingdom,24,2,148.86,4,3,1,431,1,Regular,Low
13125.0,1,53.0,148.62,7.43,,,2010-07-04 11:58:00,2010-07-04 11:58:00,0,,United Kingdom,524,1,148.62,1,1,1,111,0,Lost,Very High
15526.0,2,24.0,148.44,37.11,,,2011-11-06 15:01:00,2011-11-06 15:04:00,0,0.0,United Kingdom,33,2,148.44,4,3,1,431,1,Regular,Medium
15283.0,3,27.0,148.33,16.48,0.0234,49.36,2010-07-09 15:46:00,2010-11-14 14:54:00,128,64.0,United Kingdom,390,3,148.33,2,3,1,231,0,Lost,Very High
17592.0,1,38.0,148.3,11.41,,,2009-12-01 10:49:00,2009-12-01 10:49:00,0,,United Kingdom,739,1,148.3,1,1,1,111,0,Lost,Very High
13457.0,2,96.0,148.22,16.47,0.0408,32.93,2009-12-02 12:46:00,2010-01-20 08:48:00,49,49.0,United Kingdom,689,2,148.22,1,3,1,131,0,Lost,Very High
13578.0,1,127.0,147.66,16.41,,,2010-10-26 13:44:00,2010-10-26 13:44:00,0,,United Kingdom,409,1,147.66,2,1,1,211,0,Lost,Very High
15479.0,1,38.0,147.4,16.38,,,2009-12-06 15:08:00,2009-12-06 15:08:00,0,,United Kingdom,733,1,147.4,1,1,1,111,0,Lost,Very High
16724.0,1,69.0,147.35,8.67,,,2010-10-31 11:40:00,2010-10-31 11:40:00,0,,United Kingdom,405,1,147.35,2,1,1,211,0,Lost,Very High
14098.0,1,104.0,147.35,7.02,,,2011-11-03 10:13:00,2011-11-03 10:13:00,0,,United Kingdom,37,1,147.35,4,1,1,411,1,Regular,Medium
17794.0,2,46.0,147.3,21.04,1.0,42.08,2010-01-20 12:17:00,2010-01-22 10:18:00,2,2.0,United Kingdom,687,2,147.3,1,3,1,131,0,Lost,Very High
12858.0,1,51.0,147.27,3.98,,,2010-11-21 12:55:00,2010-11-21 12:55:00,0,,United Kingdom,383,1,147.27,2,1,1,211,0,Lost,Very High
17030.0,1,146.0,146.87,13.35,,,2011-10-07 08:49:00,2011-10-07 08:49:00,0,,United Kingdom,64,1,146.87,3,1,1,311,1,Regular,Medium
14683.0,1,386.0,146.56,6.98,,,2010-04-30 17:18:00,2010-04-30 17:18:00,0,,United Kingdom,588,1,146.56,1,1,1,111,0,Lost,Very High
15496.0,1,98.0,146.14,6.64,,,2010-03-18 13:16:00,2010-03-18 13:16:00,0,,United Kingdom,631,1,146.14,1,1,1,111,0,Lost,Very High
18137.0,2,59.0,145.99,5.03,,,2010-06-06 13:45:00,2010-06-06 14:18:00,0,0.0,United Kingdom,551,2,145.99,1,3,1,131,0,Lost,Very High
12565.0,1,80.0,145.92,16.21,,,2011-02-24 10:34:00,2011-02-24 10:34:00,0,,Saudi Arabia,289,1,145.92,2,1,1,211,0,Lost,Very High
13866.0,1,57.0,145.67,20.81,,,2011-09-26 14:54:00,2011-09-26 14:54:00,0,,United Kingdom,74,1,145.67,3,1,1,311,1,Regular,Medium
15937.0,1,73.0,145.35,20.76,,,2011-10-06 15:48:00,2011-10-06 15:48:00,0,,United Kingdom,64,1,145.35,3,1,1,311,1,Regular,Medium
14972.0,2,40.0,145.07,7.25,0.0079,14.49,2010-11-23 16:17:00,2011-08-03 14:54:00,253,253.0,United Kingdom,128,2,145.07,3,3,1,331,1,Regular,High
16598.0,1,73.0,145.05,14.51,,,2011-02-27 11:42:00,2011-02-27 11:42:00,0,,United Kingdom,286,1,145.05,2,2,1,221,0,Lost,Very High
15902.0,1,124.0,145.01,8.06,,,2010-11-24 16:57:00,2010-11-24 16:57:00,0,,United Kingdom,380,1,145.01,2,2,1,221,0,Lost,Very High
16852.0,2,56.0,144.91,16.1,0.012,32.07,2011-06-16 15:49:00,2011-11-29 13:22:00,166,166.0,United Kingdom,10,2,144.91,5,3,1,531,1,Regular,Low
17938.0,1,53.0,144.29,4.98,,,2010-10-15 14:27:00,2010-10-15 14:27:00,0,,United Kingdom,420,1,144.29,1,2,1,121,0,Lost,Very High
14109.0,1,88.0,144.2,16.02,,,2011-09-28 10:18:00,2011-09-28 10:18:00,0,,United Kingdom,73,1,144.2,3,2,1,321,1,Regular,Medium
15816.0,2,54.0,144.15,13.1,,,2010-06-15 12:54:00,2010-06-15 13:36:00,0,0.0,United Kingdom,542,2,144.15,1,3,1,131,0,Lost,Very High
17186.0,2,200.0,144.0,72.0,0.1429,144.04,2011-10-10 12:52:00,2011-10-24 10:20:00,14,14.0,United Kingdom,47,2,144.0,4,3,1,431,1,Regular,Medium
12587.0,1,51.0,144.0,36.0,,,2011-12-02 12:47:00,2011-12-02 12:47:00,0,,Finland,8,1,144.0,5,2,1,521,1,Regular,Low
12387.0,1,134.0,143.94,15.99,,,2010-10-20 16:27:00,2010-10-20 16:27:00,0,,Australia,415,1,143.94,1,2,1,121,0,Lost,Very High
14604.0,1,88.0,143.86,6.25,,,2010-03-16 13:00:00,2010-03-16 13:00:00,0,,United Kingdom,633,1,143.86,1,2,1,121,0,Lost,Very High
14574.0,1,63.0,143.7,13.06,,,2009-12-07 12:42:00,2009-12-07 12:42:00,0,,United Kingdom,733,1,143.7,1,2,1,121,0,Lost,Very High
15705.0,1,62.0,143.1,23.85,,,2011-05-22 15:37:00,2011-05-22 15:37:00,0,,United Kingdom,201,1,143.1,2,2,1,221,1,Regular,Very High
17149.0,1,18.0,143.1,23.85,,,2010-09-14 14:56:00,2010-09-14 14:56:00,0,,United Kingdom,451,1,143.1,1,2,1,121,0,Lost,Very High
15761.0,1,31.0,143.05,28.61,,,2010-09-23 09:33:00,2010-09-23 09:33:00,0,,United Kingdom,443,1,143.05,1,2,1,121,0,Lost,Very High
16507.0,1,111.0,142.71,3.76,,,2010-05-16 12:56:00,2010-05-16 12:56:00,0,,United Kingdom,572,1,142.71,1,2,1,121,0,Lost,Very High
14386.0,1,54.0,142.4,20.34,,,2011-02-16 09:45:00,2011-02-16 09:45:00,0,,United Kingdom,297,1,142.4,2,2,1,221,0,Lost,Very High
17859.0,1,102.0,141.92,6.17,,,2011-02-08 10:32:00,2011-02-08 10:32:00,0,,United Kingdom,305,1,141.92,2,2,1,221,0,Lost,Very High
18038.0,1,80.0,141.48,5.24,,,2010-06-01 15:59:00,2010-06-01 15:59:00,0,,United Kingdom,556,1,141.48,1,2,1,121,0,Lost,Very High
14041.0,1,94.0,141.41,6.73,,,2011-03-18 13:25:00,2011-03-18 13:25:00,0,,United Kingdom,266,1,141.41,2,2,1,221,0,Lost,Very High
17273.0,1,133.0,141.12,11.76,,,2010-10-11 15:57:00,2010-10-11 15:57:00,0,,United Kingdom,424,1,141.12,1,2,1,121,0,Lost,Very High
12636.0,1,1.0,141.0,141.0,,,2009-12-01 09:55:00,2009-12-01 09:55:00,0,,USA,739,1,141.0,1,2,1,121,0,Lost,Very High
17959.0,1,49.0,140.75,70.38,,,2010-04-26 14:12:00,2010-04-26 14:12:00,0,,United Kingdom,592,1,140.75,1,2,1,121,0,Lost,Very High
14773.0,1,53.0,140.55,14.06,,,2010-04-26 10:29:00,2010-04-26 10:29:00,0,,United Kingdom,593,1,140.55,1,2,1,121,0,Lost,Very High
15388.0,1,88.0,140.54,14.05,,,2011-03-14 13:53:00,2011-03-14 13:53:00,0,,Canada,270,1,140.54,2,2,1,221,0,Lost,Very High
15702.0,2,103.0,140.39,4.68,0.0097,9.35,2010-01-26 17:23:00,2010-08-20 14:50:00,206,206.0,Nigeria,476,2,140.39,1,3,1,131,0,Lost,Very High
13483.0,1,160.0,140.34,14.03,,,2011-10-05 11:53:00,2011-10-05 11:53:00,0,,United Kingdom,66,1,140.34,3,2,1,321,1,Regular,Medium
15324.0,1,74.0,140.22,17.53,,,2010-01-07 14:37:00,2010-01-07 14:37:00,0,,United Kingdom,701,1,140.22,1,2,1,121,0,Lost,Very High
13839.0,1,25.0,139.95,19.99,,,2010-08-10 13:52:00,2010-08-10 13:52:00,0,,United Kingdom,486,1,139.95,1,2,1,121,0,Lost,Very High
16840.0,2,117.0,139.85,15.54,0.0282,31.11,2010-02-03 12:42:00,2010-04-15 15:48:00,71,71.0,United Kingdom,603,2,139.85,1,3,1,131,0,Lost,Very High
16483.0,1,44.0,139.35,7.33,,,2011-05-31 13:08:00,2011-05-31 13:08:00,0,,United Kingdom,192,1,139.35,2,2,1,221,1,Regular,Very High
14772.0,1,82.0,139.26,15.47,,,2011-08-19 15:04:00,2011-08-19 15:04:00,0,,United Kingdom,112,1,139.26,3,2,1,321,1,Regular,High
14707.0,2,96.0,139.2,69.6,0.0142,139.35,2010-05-12 11:07:00,2010-09-30 11:37:00,141,141.0,United Kingdom,436,2,139.2,1,3,1,131,0,Lost,Very High
18209.0,1,58.0,139.1,17.39,,,2011-11-11 12:07:00,2011-11-11 12:07:00,0,,United Kingdom,29,1,139.1,4,2,1,421,1,Regular,Low
13273.0,1,153.0,138.98,8.69,,,2011-08-18 14:02:00,2011-08-18 14:02:00,0,,United Kingdom,113,1,138.98,3,2,1,321,1,Regular,High
12902.0,1,66.0,138.68,13.87,,,2011-03-20 12:06:00,2011-03-20 12:06:00,0,,United Kingdom,265,1,138.68,2,2,1,221,0,Lost,Very High
13716.0,1,138.0,138.28,6.58,,,2011-03-15 13:49:00,2011-03-15 13:49:00,0,,United Kingdom,269,1,138.28,2,2,1,221,0,Lost,Very High
17982.0,1,117.0,138.18,10.63,,,2010-01-28 09:38:00,2010-01-28 09:38:00,0,,United Kingdom,681,1,138.18,1,2,1,121,0,Lost,Very High
15663.0,1,106.0,138.14,15.35,,,2011-08-25 15:50:00,2011-08-25 15:50:00,0,,United Kingdom,106,1,138.14,3,2,1,321,1,Regular,High
15848.0,1,45.0,137.99,4.06,,,2010-03-28 10:54:00,2010-03-28 10:54:00,0,,United Kingdom,622,1,137.99,1,2,1,121,0,Lost,Very High
16396.0,1,80.0,137.8,17.23,,,2010-08-20 14:17:00,2010-08-20 14:17:00,0,,United Kingdom,476,1,137.8,1,2,1,121,0,Lost,Very High
13279.0,1,73.0,137.75,15.31,,,2011-09-22 17:24:00,2011-09-22 17:24:00,0,,United Kingdom,78,1,137.75,3,2,1,321,1,Regular,Medium
15836.0,1,26.0,137.37,13.74,,,2011-10-20 17:13:00,2011-10-20 17:13:00,0,,United Kingdom,50,1,137.37,4,2,1,421,1,Regular,Medium
13907.0,1,68.0,136.8,34.2,,,2010-01-17 12:22:00,2010-01-17 12:22:00,0,,United Kingdom,692,1,136.8,1,2,1,121,0,Lost,Very High
13195.0,1,70.0,136.73,2.97,,,2010-10-21 13:07:00,2010-10-21 13:07:00,0,,United Kingdom,414,1,136.73,1,2,1,121,0,Lost,Very High
16237.0,1,57.0,136.65,19.52,,,2010-09-28 17:02:00,2010-09-28 17:02:00,0,,United Kingdom,437,1,136.65,1,2,1,121,0,Lost,Very High
16289.0,1,97.0,136.31,6.49,,,2010-09-03 14:02:00,2010-09-03 14:02:00,0,,United Kingdom,462,1,136.31,1,2,1,121,0,Lost,Very High
16651.0,1,60.0,136.2,22.7,,,2010-05-02 11:46:00,2010-05-02 11:46:00,0,,United Kingdom,587,1,136.2,1,2,1,121,0,Lost,Very High
16876.0,1,181.0,136.01,4.25,,,2010-11-01 11:59:00,2010-11-01 11:59:00,0,,United Kingdom,404,1,136.01,2,2,1,221,0,Lost,Very High
16462.0,3,16.0,136.0,45.33,0.0143,136.13,2011-03-01 08:58:00,2011-09-27 10:24:00,210,105.0,United Kingdom,74,3,136.0,3,3,1,331,1,Regular,Medium
14366.0,1,16.0,136.0,136.0,,,2010-07-02 17:23:00,2010-07-02 17:23:00,0,,United Kingdom,525,1,136.0,1,2,1,121,0,Lost,Very High
12968.0,1,73.0,135.95,27.19,,,2011-08-19 15:44:00,2011-08-19 15:44:00,0,,United Kingdom,112,1,135.95,3,2,1,321,1,Regular,High
17583.0,1,55.0,135.95,19.42,,,2010-05-28 14:24:00,2010-05-28 14:24:00,0,,United Kingdom,560,1,135.95,1,2,1,121,0,Lost,Very High
14889.0,1,90.0,135.9,13.59,,,2011-01-07 15:19:00,2011-01-07 15:19:00,0,,United Kingdom,336,1,135.9,2,2,1,221,0,Lost,Very High
15419.0,1,230.0,135.86,16.98,,,2011-11-15 09:23:00,2011-11-15 09:23:00,0,,United Kingdom,25,1,135.86,4,2,1,421,1,Regular,Low
16114.0,1,43.0,135.75,16.97,,,2011-06-22 10:13:00,2011-06-22 10:13:00,0,,United Kingdom,171,1,135.75,3,2,1,321,1,Regular,High
14391.0,1,168.0,135.6,9.69,,,2010-05-12 09:42:00,2010-05-12 09:42:00,0,,United Kingdom,577,1,135.6,1,2,1,121,0,Lost,Very High
16665.0,1,59.0,135.4,15.04,,,2010-12-12 14:03:00,2010-12-12 14:03:00,0,,United Kingdom,362,1,135.4,2,2,1,221,0,Lost,Very High
13076.0,1,44.0,135.4,15.04,,,2010-09-08 10:27:00,2010-09-08 10:27:00,0,,United Kingdom,458,1,135.4,1,2,1,121,0,Lost,Very High
14588.0,1,62.0,135.39,8.46,,,2010-05-10 15:08:00,2010-05-10 15:08:00,0,,United Kingdom,578,1,135.39,1,2,1,121,0,Lost,Very High
13144.0,2,29.0,135.35,22.56,0.0202,45.12,2010-10-04 14:14:00,2011-01-11 11:15:00,99,99.0,United Kingdom,333,2,135.35,2,3,1,231,0,Lost,Very High
17972.0,1,36.0,135.19,4.51,,,2011-04-12 12:16:00,2011-04-12 12:16:00,0,,United Kingdom,242,1,135.19,2,2,1,221,1,Regular,Very High
13702.0,1,74.0,135.18,27.04,,,2010-09-20 11:40:00,2010-09-20 11:40:00,0,,United Kingdom,446,1,135.18,1,2,1,121,0,Lost,Very High
17960.0,3,60.0,135.08,3.65,0.0064,10.98,2010-03-08 12:22:00,2011-06-21 14:15:00,470,235.0,United Kingdom,171,3,135.08,3,3,1,331,1,Regular,High
17199.0,1,232.0,135.04,16.88,,,2010-05-06 13:53:00,2010-05-06 13:53:00,0,,United Kingdom,582,1,135.04,1,2,1,121,0,Lost,Very High
13364.0,1,71.0,134.96,13.5,,,2011-09-29 18:13:00,2011-09-29 18:13:00,0,,United Kingdom,71,1,134.96,3,2,1,321,1,Regular,Medium
13119.0,1,110.0,134.9,12.26,,,2010-02-09 08:38:00,2010-02-09 08:38:00,0,,United Kingdom,669,1,134.9,1,2,1,121,0,Lost,Very High
16055.0,1,22.0,134.8,16.85,,,2011-05-03 09:26:00,2011-05-03 09:26:00,0,,United Kingdom,221,1,134.8,2,2,1,221,1,Regular,Very High
14340.0,1,58.0,134.7,22.45,,,2011-05-05 09:44:00,2011-05-05 09:44:00,0,,United Kingdom,219,1,134.7,2,2,1,221,1,Regular,Very High
14174.0,1,94.0,134.46,5.17,,,2011-11-06 13:17:00,2011-11-06 13:17:00,0,,United Kingdom,33,1,134.46,4,2,1,421,1,Regular,Medium
15926.0,1,155.0,134.44,19.21,,,2010-06-15 15:23:00,2010-06-15 15:23:00,0,,United Kingdom,542,1,134.44,1,2,1,121,0,Lost,Very High
16486.0,1,24.0,134.36,19.19,,,2010-06-20 12:16:00,2010-06-20 12:16:00,0,,United Kingdom,538,1,134.36,1,2,1,121,0,Lost,Very High
14280.0,1,52.0,134.04,16.76,,,2011-05-27 10:37:00,2011-05-27 10:37:00,0,,United Kingdom,197,1,134.04,2,2,1,221,1,Regular,Very High
16886.0,1,48.0,134.0,16.75,,,2010-09-09 15:08:00,2010-09-09 15:08:00,0,,United Kingdom,456,1,134.0,1,2,1,121,0,Lost,Very High
14349.0,1,86.0,133.5,4.31,,,2011-11-29 15:39:00,2011-11-29 15:39:00,0,,United Kingdom,10,1,133.5,5,2,1,521,1,Regular,Low
17881.0,1,32.0,133.35,16.67,,,2011-02-08 17:16:00,2011-02-08 17:16:00,0,,United Kingdom,304,1,133.35,2,2,1,221,0,Lost,Very High
17826.0,1,84.0,133.34,4.04,,,2010-11-30 13:23:00,2010-11-30 13:23:00,0,,United Kingdom,374,1,133.34,2,2,1,221,0,Lost,Very High
12467.0,1,129.0,132.8,14.76,,,2010-10-12 15:41:00,2010-10-12 15:41:00,0,,USA,423,1,132.8,1,2,1,121,0,Lost,Very High
12964.0,1,56.0,132.24,5.09,,,2010-09-28 17:47:00,2010-09-28 17:47:00,0,,United Kingdom,437,1,132.24,1,2,1,121,0,Lost,Very High
12512.0,2,96.0,132.18,4.26,,,2011-10-04 14:53:00,2011-10-04 14:55:00,0,0.0,Israel,66,2,132.18,3,3,1,331,1,Regular,Medium
14438.0,1,82.0,131.9,14.66,,,2011-02-06 14:56:00,2011-02-06 14:56:00,0,,United Kingdom,306,1,131.9,2,2,1,221,0,Lost,Very High
17565.0,1,67.0,131.83,4.39,,,2010-05-02 11:54:00,2010-05-02 11:54:00,0,,United Kingdom,587,1,131.83,1,2,1,121,0,Lost,Very High
17455.0,1,66.0,131.7,16.46,,,2011-05-20 12:31:00,2011-05-20 12:31:00,0,,United Kingdom,204,1,131.7,2,2,1,221,1,Regular,Very High
14795.0,1,17.0,131.45,21.91,,,2011-06-26 13:04:00,2011-06-26 13:04:00,0,,United Kingdom,166,1,131.45,3,2,1,321,1,Regular,High
15409.0,1,59.0,131.25,14.58,,,2009-12-18 15:35:00,2009-12-18 15:35:00,0,,United Kingdom,721,1,131.25,1,2,1,121,0,Lost,Very High
14378.0,1,57.0,131.25,14.58,,,2010-03-28 12:22:00,2010-03-28 12:22:00,0,,United Kingdom,622,1,131.25,1,2,1,121,0,Lost,Very High
17225.0,1,36.0,131.15,26.23,,,2010-05-07 11:38:00,2010-05-07 11:38:00,0,,United Kingdom,582,1,131.15,1,2,1,121,0,Lost,Very High
16865.0,1,157.0,130.95,8.18,,,2010-11-03 11:34:00,2010-11-03 11:34:00,0,,United Kingdom,402,1,130.95,2,2,1,221,0,Lost,Very High
15844.0,1,134.0,130.74,11.89,,,2011-10-24 15:19:00,2011-10-24 15:19:00,0,,United Kingdom,46,1,130.74,4,2,1,421,1,Regular,Medium
17240.0,1,108.0,130.6,18.66,,,2010-04-22 15:44:00,2010-04-22 15:44:00,0,,United Kingdom,596,1,130.6,1,2,1,121,0,Lost,Very High
16410.0,1,348.0,130.32,26.06,,,2009-12-05 14:51:00,2009-12-05 14:51:00,0,,United Kingdom,734,1,130.32,1,2,1,121,0,Lost,Very High
16288.0,1,19.0,129.85,18.55,,,2010-08-26 14:45:00,2010-08-26 14:45:00,0,,United Kingdom,470,1,129.85,1,2,1,121,0,Lost,Very High
15317.0,1,45.0,129.75,25.95,,,2010-01-31 15:55:00,2010-01-31 15:55:00,0,,United Kingdom,677,1,129.75,1,2,1,121,0,Lost,Very High
17762.0,1,129.0,129.75,7.63,,,2010-09-09 17:40:00,2010-09-09 17:40:00,0,,United Kingdom,456,1,129.75,1,2,1,121,0,Lost,Very High
17847.0,2,29.0,129.69,14.41,0.0154,28.85,2010-03-04 12:57:00,2010-07-12 10:00:00,130,130.0,United Kingdom,516,2,129.69,1,3,1,131,0,Lost,Very High
14999.0,1,88.0,129.48,14.39,,,2010-04-26 10:47:00,2010-04-26 10:47:00,0,,United Kingdom,593,1,129.48,1,2,1,121,0,Lost,Very High
12555.0,1,1.0,129.23,129.23,,,2010-01-26 16:26:00,2010-01-26 16:26:00,0,,Spain,682,1,129.23,1,2,1,121,0,Lost,Very High
13071.0,1,30.0,129.22,10.77,,,2010-04-06 13:37:00,2010-04-06 13:37:00,0,,United Kingdom,612,1,129.22,1,2,1,121,0,Lost,Very High
17056.0,1,26.0,128.6,16.08,,,2009-12-01 12:55:00,2009-12-01 12:55:00,0,,United Kingdom,738,1,128.6,1,2,1,121,0,Lost,Very High
16828.0,2,59.0,128.5,16.06,0.1053,32.13,2011-08-19 13:24:00,2011-09-07 15:10:00,19,19.0,United Kingdom,93,2,128.5,3,3,1,331,1,Regular,High
17089.0,1,35.0,128.45,32.11,,,2010-11-18 15:33:00,2010-11-18 15:33:00,0,,United Kingdom,386,1,128.45,2,2,1,221,0,Lost,Very High
16251.0,1,44.0,128.31,6.42,,,2010-07-15 14:55:00,2010-07-15 14:55:00,0,,United Kingdom,512,1,128.31,1,2,1,121,0,Lost,Very High
15892.0,1,46.0,128.2,3.37,,,2010-02-08 16:23:00,2010-02-08 16:23:00,0,,United Kingdom,669,1,128.2,1,2,1,121,0,Lost,Very High
17297.0,1,65.0,128.18,2.62,,,2011-11-22 14:43:00,2011-11-22 14:43:00,0,,United Kingdom,17,1,128.18,5,2,1,521,1,Regular,Low
13666.0,5,54.0,127.9,6.73,0.0074,33.62,2009-12-04 10:48:00,2011-10-10 15:39:00,675,168.75,United Kingdom,60,5,127.9,3,4,1,341,1,Regular,Medium
13053.0,1,47.0,127.65,7.51,,,2010-03-28 11:28:00,2010-03-28 11:28:00,0,,United Kingdom,622,1,127.65,1,2,1,121,0,Lost,Very High
13586.0,1,38.0,127.28,6.36,,,2010-06-16 13:47:00,2010-06-16 13:47:00,0,,United Kingdom,541,1,127.28,1,2,1,121,0,Lost,Very High
15578.0,1,52.0,127.1,9.78,,,2011-06-30 13:03:00,2011-06-30 13:03:00,0,,United Kingdom,162,1,127.1,3,2,1,321,1,Regular,High
15923.0,1,122.0,127.08,6.05,,,2010-12-02 12:16:00,2010-12-02 12:16:00,0,,United Kingdom,373,1,127.08,2,2,1,221,0,Lost,Very High
16973.0,1,60.0,127.0,21.17,,,2010-11-18 13:56:00,2010-11-18 13:56:00,0,,United Kingdom,386,1,127.0,2,2,1,221,0,Lost,Very High
14751.0,2,65.0,126.45,18.06,0.0476,36.11,2009-12-13 14:08:00,2010-01-24 13:37:00,42,42.0,United Kingdom,684,2,126.45,1,3,1,131,0,Lost,Very High
15463.0,1,106.0,126.14,18.02,,,2011-11-10 12:57:00,2011-11-10 12:57:00,0,,United Kingdom,29,1,126.14,4,2,1,421,1,Regular,Low
16294.0,1,54.0,126.05,15.76,,,2010-08-20 12:01:00,2010-08-20 12:01:00,0,,United Kingdom,477,1,126.05,1,2,1,121,0,Lost,Very High
13794.0,1,63.0,126.03,14.0,,,2010-06-11 12:30:00,2010-06-11 12:30:00,0,,United Kingdom,547,1,126.03,1,2,1,121,0,Lost,Very High
17657.0,1,60.0,126.0,18.0,,,2010-10-05 14:52:00,2010-10-05 14:52:00,0,,United Kingdom,430,1,126.0,1,2,1,121,0,Lost,Very High
12814.0,1,49.0,125.92,62.96,,,2011-08-30 12:11:00,2011-08-30 12:11:00,0,,Poland,102,1,125.92,3,2,1,321,1,Regular,High
13522.0,1,44.0,125.8,25.16,,,2011-11-09 15:11:00,2011-11-09 15:11:00,0,,United Kingdom,30,1,125.8,4,2,1,421,1,Regular,Low
16925.0,1,123.0,125.65,6.98,,,2010-06-17 15:03:00,2010-06-17 15:03:00,0,,United Kingdom,540,1,125.65,1,2,1,121,0,Lost,Very High
15017.0,1,63.0,125.58,6.28,,,2011-11-06 10:33:00,2011-11-06 10:33:00,0,,United Kingdom,34,1,125.58,4,2,1,421,1,Regular,Medium
15731.0,1,122.0,125.3,15.66,,,2010-06-04 10:10:00,2010-06-04 10:10:00,0,,United Kingdom,554,1,125.3,1,2,1,121,0,Lost,Very High
13912.0,1,29.0,124.95,17.85,,,2010-10-12 08:43:00,2010-10-12 08:43:00,0,,United Kingdom,424,1,124.95,1,2,1,121,0,Lost,Very High
17148.0,1,82.0,124.88,13.88,,,2011-10-19 09:59:00,2011-10-19 09:59:00,0,,United Kingdom,52,1,124.88,4,2,1,421,1,Regular,Medium
17818.0,1,86.0,124.78,2.97,,,2009-12-02 11:34:00,2009-12-02 11:34:00,0,,United Kingdom,738,1,124.78,1,2,1,121,0,Lost,Very High
13312.0,1,41.0,124.75,24.95,,,2010-09-14 14:36:00,2010-09-14 14:36:00,0,,United Kingdom,451,1,124.75,1,2,1,121,0,Lost,Very High
16849.0,1,33.0,124.57,15.57,,,2011-06-06 09:16:00,2011-06-06 09:16:00,0,,United Kingdom,187,1,124.57,3,2,1,321,1,Regular,Very High
17316.0,1,44.0,124.45,3.56,,,2010-10-15 14:35:00,2010-10-15 14:35:00,0,,United Kingdom,420,1,124.45,1,2,1,121,0,Lost,Very High
18000.0,1,109.0,124.25,20.71,,,2010-05-24 17:34:00,2010-05-24 17:34:00,0,,United Kingdom,564,1,124.25,1,2,1,121,0,Lost,Very High
12773.0,1,109.0,124.25,20.71,,,2010-05-24 17:30:00,2010-05-24 17:30:00,0,,Portugal,564,1,124.25,1,2,1,121,0,Lost,Very High
15779.0,2,20.0,124.08,15.51,0.029,31.04,2010-06-25 15:55:00,2010-09-02 16:40:00,69,69.0,United Kingdom,463,2,124.08,1,3,1,131,0,Lost,Very High
13968.0,1,174.0,123.66,15.46,,,2010-10-12 13:22:00,2010-10-12 13:22:00,0,,United Kingdom,423,1,123.66,1,2,1,121,0,Lost,Very High
14187.0,1,50.0,123.5,15.44,,,2010-08-23 12:06:00,2010-08-23 12:06:00,0,,United Kingdom,474,1,123.5,1,2,1,121,0,Lost,Very High
16397.0,1,43.0,123.13,13.68,,,2010-03-21 15:36:00,2010-03-21 15:36:00,0,,United Kingdom,628,1,123.13,1,2,1,121,0,Lost,Very High
13876.0,1,36.0,122.7,17.53,,,2011-10-07 10:22:00,2011-10-07 10:22:00,0,,United Kingdom,64,1,122.7,3,2,1,321,1,Regular,Medium
13638.0,1,93.0,122.64,15.33,,,2011-11-24 10:38:00,2011-11-24 10:38:00,0,,United Kingdom,16,1,122.64,5,2,1,521,1,Regular,Low
12969.0,1,55.0,122.45,24.49,,,2010-04-16 10:50:00,2010-04-16 10:50:00,0,,United Kingdom,603,1,122.45,1,2,1,121,0,Lost,Very High
13084.0,1,144.0,122.4,61.2,,,2010-08-05 08:49:00,2010-08-05 08:49:00,0,,United Kingdom,492,1,122.4,1,2,1,121,0,Lost,Very High
16073.0,1,48.0,122.4,122.4,,,2011-02-15 15:41:00,2011-02-15 15:41:00,0,,United Kingdom,297,1,122.4,2,2,1,221,0,Lost,Very High
13244.0,1,38.0,121.74,4.51,,,2011-09-08 11:46:00,2011-09-08 11:46:00,0,,United Kingdom,93,1,121.74,3,2,1,321,1,Regular,High
13182.0,1,201.0,121.18,11.02,,,2011-10-25 13:46:00,2011-10-25 13:46:00,0,,United Kingdom,45,1,121.18,4,2,1,421,1,Regular,Medium
15049.0,1,63.0,121.17,40.39,,,2011-03-11 12:13:00,2011-03-11 12:13:00,0,,United Kingdom,274,1,121.17,2,2,1,221,0,Lost,Very High
17260.0,1,23.0,120.95,20.16,,,2010-10-24 13:21:00,2010-10-24 13:21:00,0,,United Kingdom,411,1,120.95,1,2,1,121,0,Lost,Very High
17446.0,2,198.0,120.9,13.43,0.0149,26.81,2011-02-02 14:40:00,2011-06-16 10:42:00,134,134.0,United Kingdom,177,2,120.9,3,3,1,331,1,Regular,High
14884.0,1,72.0,120.6,15.08,,,2010-02-08 12:56:00,2010-02-08 12:56:00,0,,United Kingdom,669,1,120.6,1,2,1,121,0,Lost,Very High
14165.0,1,53.0,120.44,5.02,,,2011-03-09 12:39:00,2011-03-09 12:39:00,0,,United Kingdom,276,1,120.44,2,2,1,221,0,Lost,Very High
14444.0,1,172.0,120.44,10.95,,,2010-09-09 18:56:00,2010-09-09 18:56:00,0,,United Kingdom,456,1,120.44,1,2,1,121,0,Lost,Very High
17543.0,1,62.0,120.05,9.23,,,2010-06-08 12:41:00,2010-06-08 12:41:00,0,,United Kingdom,550,1,120.05,1,2,1,121,0,Lost,Very High
18015.0,1,157.0,120.03,2.61,,,2011-12-05 14:49:00,2011-12-05 14:49:00,0,,United Kingdom,4,1,120.03,5,2,1,521,1,Regular,Low
14259.0,1,68.0,120.0,24.0,,,2011-07-21 10:44:00,2011-07-21 10:44:00,0,,United Kingdom,142,1,120.0,3,2,1,321,1,Regular,High
14453.0,1,49.0,119.93,5.45,,,2011-06-02 14:15:00,2011-06-02 14:15:00,0,,United Kingdom,190,1,119.93,2,2,1,221,1,Regular,Very High
15161.0,1,144.0,119.92,3.63,,,2010-11-16 16:08:00,2010-11-16 16:08:00,0,,United Kingdom,388,1,119.92,2,2,1,221,0,Lost,Very High
17541.0,1,44.0,119.86,3.87,,,2010-07-18 11:36:00,2010-07-18 11:36:00,0,,United Kingdom,510,1,119.86,1,2,1,121,0,Lost,Very High
17177.0,1,40.0,119.5,4.12,,,2010-07-22 14:53:00,2010-07-22 14:53:00,0,,United Kingdom,505,1,119.5,1,2,1,121,0,Lost,Very High
15843.0,1,27.0,118.95,14.87,,,2011-02-09 10:19:00,2011-02-09 10:19:00,0,,United Kingdom,304,1,118.95,2,2,1,221,0,Lost,Very High
17280.0,1,74.0,118.86,19.81,,,2010-09-27 16:46:00,2010-09-27 16:46:00,0,,United Kingdom,438,1,118.86,1,2,1,121,0,Lost,Very High
17079.0,1,24.0,118.8,59.4,,,2011-09-22 15:34:00,2011-09-22 15:34:00,0,,United Kingdom,78,1,118.8,3,2,1,321,1,Regular,Medium
14155.0,1,25.0,118.75,19.79,,,2011-03-18 14:13:00,2011-03-18 14:13:00,0,,United Kingdom,266,1,118.75,2,2,1,221,0,Lost,Very High
14076.0,1,79.0,118.67,2.7,,,2011-08-02 15:19:00,2011-08-02 15:19:00,0,,United Kingdom,129,1,118.67,3,2,1,321,1,Regular,High
12929.0,1,37.0,117.85,14.73,,,2011-02-01 12:08:00,2011-02-01 12:08:00,0,,United Kingdom,312,1,117.85,2,2,1,221,0,Lost,Very High
16291.0,1,1.0,117.72,117.72,,,2010-01-26 16:26:00,2010-01-26 16:26:00,0,,Portugal,682,1,117.72,1,2,1,121,0,Lost,Very High
17654.0,1,41.0,117.55,5.34,,,2011-03-07 13:17:00,2011-03-07 13:17:00,0,,United Kingdom,277,1,117.55,2,2,1,221,0,Lost,Very High
16959.0,1,49.0,117.35,16.76,,,2011-09-13 15:03:00,2011-09-13 15:03:00,0,,United Kingdom,87,1,117.35,3,2,1,321,1,Regular,Medium
14726.0,1,82.0,116.5,7.77,,,2010-02-23 12:35:00,2010-02-23 12:35:00,0,,United Kingdom,655,1,116.5,1,2,1,121,0,Lost,Very High
17117.0,1,68.0,116.2,12.91,,,2011-02-24 13:54:00,2011-02-24 13:54:00,0,,United Kingdom,288,1,116.2,2,2,1,221,0,Lost,Very High
14874.0,1,148.0,116.18,19.36,,,2010-06-22 14:58:00,2010-06-22 14:58:00,0,,United Kingdom,535,1,116.18,1,2,1,121,0,Lost,Very High
14143.0,1,30.0,115.8,16.54,,,2011-07-29 09:48:00,2011-07-29 09:48:00,0,,United Kingdom,134,1,115.8,3,2,1,321,1,Regular,High
16068.0,1,48.0,115.73,3.31,,,2010-04-25 11:52:00,2010-04-25 11:52:00,0,,United Kingdom,594,1,115.73,1,2,1,121,0,Lost,Very High
18027.0,1,78.0,115.31,5.49,,,2011-09-02 10:38:00,2011-09-02 10:38:00,0,,United Kingdom,99,1,115.31,3,2,1,321,1,Regular,High
18012.0,1,63.0,115.3,8.87,,,2009-12-16 13:16:00,2009-12-16 13:16:00,0,,United Kingdom,723,1,115.3,1,2,1,121,0,Lost,Very High
17401.0,1,34.0,114.85,9.57,,,2010-06-16 16:54:00,2010-06-16 16:54:00,0,,United Kingdom,541,1,114.85,1,2,1,121,0,Lost,Very High
17933.0,1,63.0,114.69,8.19,,,2010-03-17 15:11:00,2010-03-17 15:11:00,0,,United Kingdom,632,1,114.69,1,2,1,121,0,Lost,Very High
15905.0,1,82.0,114.69,5.21,,,2010-06-14 16:00:00,2010-06-14 16:00:00,0,,United Kingdom,543,1,114.69,1,2,1,121,0,Lost,Very High
13188.0,1,25.0,114.6,57.3,,,2011-11-28 15:28:00,2011-11-28 15:28:00,0,,United Kingdom,11,1,114.6,5,2,1,521,1,Regular,Low
16247.0,1,182.0,114.56,7.16,,,2011-06-22 14:23:00,2011-06-22 14:23:00,0,,United Kingdom,170,1,114.56,3,2,1,321,1,Regular,High
14632.0,1,96.0,114.56,14.32,,,2011-03-22 08:49:00,2011-03-22 08:49:00,0,,United Kingdom,263,1,114.56,2,2,1,221,0,Lost,Very High
14652.0,1,53.0,114.18,3.94,,,2011-09-23 14:21:00,2011-09-23 14:21:00,0,,United Kingdom,77,1,114.18,3,2,1,321,1,Regular,Medium
12938.0,1,140.0,114.14,12.68,,,2011-11-14 11:21:00,2011-11-14 11:21:00,0,,United Kingdom,26,1,114.14,4,2,1,421,1,Regular,Low
14582.0,1,73.0,114.11,19.02,,,2011-10-30 11:56:00,2011-10-30 11:56:00,0,,United Kingdom,41,1,114.11,4,2,1,421,1,Regular,Medium
17275.0,1,71.0,114.1,4.96,,,2010-11-21 13:26:00,2010-11-21 13:26:00,0,,United Kingdom,383,1,114.1,2,2,1,221,0,Lost,Very High
15056.0,1,69.0,113.65,18.94,,,2010-07-07 15:58:00,2010-07-07 15:58:00,0,,United Kingdom,520,1,113.65,1,2,1,121,0,Lost,Very High
14457.0,1,88.0,113.64,28.41,,,2011-02-02 09:39:00,2011-02-02 09:39:00,0,,United Kingdom,311,1,113.64,2,2,1,221,0,Lost,Very High
18105.0,1,46.0,113.48,6.3,,,2011-11-02 12:04:00,2011-11-02 12:04:00,0,,United Kingdom,38,1,113.48,4,2,1,421,1,Regular,Medium
16821.0,1,13.0,113.35,16.19,,,2010-11-23 10:04:00,2010-11-23 10:04:00,0,,United Kingdom,382,1,113.35,2,2,1,221,0,Lost,Very High
17784.0,1,72.0,112.86,4.91,,,2010-06-07 16:08:00,2010-06-07 16:08:00,0,,United Kingdom,550,1,112.86,1,2,1,121,0,Lost,Very High
18148.0,1,63.0,112.85,11.29,,,2010-03-03 11:40:00,2010-03-03 11:40:00,0,,United Kingdom,647,1,112.85,1,2,1,121,0,Lost,Very High
14689.0,1,76.0,112.8,8.68,,,2011-05-15 11:22:00,2011-05-15 11:22:00,0,,United Kingdom,209,1,112.8,2,2,1,221,1,Regular,Very High
16697.0,1,27.0,112.75,5.37,,,2011-04-12 17:12:00,2011-04-12 17:12:00,0,,United Kingdom,241,1,112.75,2,2,1,221,1,Regular,Very High
18129.0,1,48.0,112.55,8.04,,,2011-04-10 14:16:00,2011-04-10 14:16:00,0,,United Kingdom,243,1,112.55,2,2,1,221,1,Regular,Very High
13241.0,1,46.0,112.53,2.81,,,2010-10-24 11:17:00,2010-10-24 11:17:00,0,,United Kingdom,412,1,112.53,1,2,1,121,0,Lost,Very High
15610.0,1,66.0,112.46,18.74,,,2011-10-19 10:36:00,2011-10-19 10:36:00,0,,United Kingdom,52,1,112.46,4,2,1,421,1,Regular,Medium
13620.0,1,74.0,112.34,22.47,,,2010-06-29 15:02:00,2010-06-29 15:02:00,0,,United Kingdom,528,1,112.34,1,2,1,121,0,Lost,Very High
17900.0,2,73.0,112.2,18.7,,,2011-06-02 14:28:00,2011-06-02 14:38:00,0,0.0,United Kingdom,190,2,112.2,2,3,1,231,1,Regular,Very High
12756.0,1,144.0,112.08,28.02,,,2011-09-14 09:31:00,2011-09-14 09:31:00,0,,Japan,87,1,112.08,3,2,1,321,1,Regular,Medium
13193.0,1,46.0,112.08,4.48,,,2011-10-09 14:30:00,2011-10-09 14:30:00,0,,United Kingdom,61,1,112.08,3,2,1,321,1,Regular,Medium
14750.0,1,65.0,112.03,3.5,,,2009-12-03 17:57:00,2009-12-03 17:57:00,0,,United Kingdom,736,1,112.03,1,2,1,121,0,Lost,Very High
17957.0,1,287.0,111.68,3.6,,,2011-10-04 14:58:00,2011-10-04 14:58:00,0,,United Kingdom,66,1,111.68,3,2,1,321,1,Regular,Medium
14668.0,1,49.0,111.63,9.3,,,2010-09-20 15:03:00,2010-09-20 15:03:00,0,,United Kingdom,445,1,111.63,1,2,1,121,0,Lost,Very High
17304.0,1,73.0,111.5,22.3,,,2010-06-23 16:23:00,2010-06-23 16:23:00,0,,United Kingdom,534,1,111.5,1,2,1,121,0,Lost,Very High
17887.0,1,30.0,111.35,11.14,,,2011-08-02 17:29:00,2011-08-02 17:29:00,0,,United Kingdom,129,1,111.35,3,2,1,321,1,Regular,High
15352.0,1,40.0,111.15,3.27,,,2010-06-09 11:28:00,2010-06-09 11:28:00,0,,United Kingdom,549,1,111.15,1,2,1,121,0,Lost,Very High
17208.0,1,101.0,111.15,4.83,,,2010-11-09 12:50:00,2010-11-09 12:50:00,0,,United Kingdom,396,1,111.15,2,2,1,221,0,Lost,Very High
18120.0,1,31.0,111.15,6.54,,,2011-05-09 13:45:00,2011-05-09 13:45:00,0,,United Kingdom,214,1,111.15,2,2,1,221,1,Regular,Very High
14464.0,2,62.0,111.0,27.75,0.0339,55.5,2010-03-22 15:20:00,2010-05-20 18:00:00,59,59.0,United Kingdom,568,2,111.0,1,3,1,131,0,Lost,Very High
12692.0,1,36.0,110.95,8.53,,,2010-03-12 14:02:00,2010-03-12 14:02:00,0,,France,637,1,110.95,1,2,1,121,0,Lost,Very High
14509.0,1,38.0,110.95,4.44,,,2010-06-23 13:21:00,2010-06-23 13:21:00,0,,United Kingdom,534,1,110.95,1,2,1,121,0,Lost,Very High
15537.0,1,29.0,110.92,4.62,,,2011-06-29 13:10:00,2011-06-29 13:10:00,0,,United Kingdom,163,1,110.92,3,2,1,321,1,Regular,High
15853.0,1,135.0,110.8,3.69,,,2011-10-19 10:38:00,2011-10-19 10:38:00,0,,United Kingdom,52,1,110.8,4,2,1,421,1,Regular,Medium
18256.0,1,180.0,110.7,11.07,,,2010-11-17 08:53:00,2010-11-17 08:53:00,0,,United Kingdom,388,1,110.7,2,2,1,221,0,Lost,Very High
14787.0,1,59.0,110.65,7.38,,,2010-08-25 14:38:00,2010-08-25 14:38:00,0,,United Kingdom,471,1,110.65,1,2,1,121,0,Lost,Very High
16963.0,1,35.0,110.55,15.79,,,2011-06-05 13:48:00,2011-06-05 13:48:00,0,,United Kingdom,187,1,110.55,3,2,1,321,1,Regular,Very High
14641.0,1,90.0,110.46,15.78,,,2011-11-18 10:42:00,2011-11-18 10:42:00,0,,United Kingdom,22,1,110.46,4,2,1,421,1,Regular,Low
17836.0,1,88.0,110.21,4.59,,,2011-10-23 16:13:00,2011-10-23 16:13:00,0,,United Kingdom,47,1,110.21,4,2,1,421,1,Regular,Medium
17909.0,1,35.0,110.05,13.76,,,2009-12-02 13:10:00,2009-12-02 13:10:00,0,,United Kingdom,737,1,110.05,1,2,1,121,0,Lost,Very High
15851.0,1,67.0,109.73,13.72,,,2010-07-01 12:34:00,2010-07-01 12:34:00,0,,United Kingdom,527,1,109.73,1,2,1,121,0,Lost,Very High
14033.0,1,576.0,109.44,109.44,,,2010-06-02 15:10:00,2010-06-02 15:10:00,0,,United Kingdom,555,1,109.44,1,2,1,121,0,Lost,Very High
16363.0,1,52.0,109.36,21.87,,,2011-10-17 14:14:00,2011-10-17 14:14:00,0,,United Kingdom,53,1,109.36,4,2,1,421,1,Regular,Medium
16064.0,1,55.0,109.31,6.43,,,2009-12-14 16:11:00,2009-12-14 16:11:00,0,,United Kingdom,725,1,109.31,1,2,1,121,0,Lost,Very High
16664.0,1,24.0,109.2,13.65,,,2010-05-19 17:11:00,2010-05-19 17:11:00,0,,United Kingdom,569,1,109.2,1,2,1,121,0,Lost,Very High
14721.0,1,57.0,109.07,4.36,,,2010-11-25 13:08:00,2010-11-25 13:08:00,0,,United Kingdom,379,1,109.07,2,2,1,221,0,Lost,Very High
14345.0,1,50.0,108.98,18.16,,,2011-11-01 09:51:00,2011-11-01 09:51:00,0,,United Kingdom,39,1,108.98,4,2,1,421,1,Regular,Medium
13170.0,1,141.0,108.81,3.63,,,2011-11-13 12:19:00,2011-11-13 12:19:00,0,,United Kingdom,27,1,108.81,4,2,1,421,1,Regular,Low
15875.0,1,74.0,108.52,4.72,,,2010-03-03 16:51:00,2010-03-03 16:51:00,0,,United Kingdom,646,1,108.52,1,2,1,121,0,Lost,Very High
16106.0,1,74.0,108.38,18.06,,,2011-10-05 10:37:00,2011-10-05 10:37:00,0,,United Kingdom,66,1,108.38,3,2,1,321,1,Regular,Medium
14374.0,1,20.0,108.0,15.43,,,2010-06-16 14:25:00,2010-06-16 14:25:00,0,,United Kingdom,541,1,108.0,1,2,1,121,0,Lost,Very High
14661.0,1,35.0,107.95,26.99,,,2011-11-13 11:51:00,2011-11-13 11:51:00,0,,United Kingdom,27,1,107.95,4,2,1,421,1,Regular,Low
13580.0,1,45.0,107.75,21.55,,,2010-10-29 15:01:00,2010-10-29 15:01:00,0,,United Kingdom,406,1,107.75,2,2,1,221,0,Lost,Very High
14943.0,1,46.0,107.62,21.52,,,2010-02-14 16:04:00,2010-02-14 16:04:00,0,,United Kingdom,663,1,107.62,1,2,1,121,0,Lost,Very High
15395.0,1,17.0,107.45,15.35,,,2011-01-18 12:40:00,2011-01-18 12:40:00,0,,United Kingdom,326,1,107.45,2,2,1,221,0,Lost,Very High
16301.0,1,41.0,107.33,17.89,,,2009-12-03 10:20:00,2009-12-03 10:20:00,0,,United Kingdom,737,1,107.33,1,2,1,121,0,Lost,Very High
15328.0,1,88.0,107.24,13.41,,,2010-10-28 09:05:00,2010-10-28 09:05:00,0,,United Kingdom,408,1,107.24,2,2,1,221,0,Lost,Very High
17893.0,1,149.0,107.21,7.15,,,2011-04-28 13:50:00,2011-04-28 13:50:00,0,,United Kingdom,225,1,107.21,2,2,1,221,1,Regular,Very High
16047.0,1,1.0,107.14,107.14,,,2010-01-26 16:34:00,2010-01-26 16:34:00,0,,EIRE,682,1,107.14,1,2,1,121,0,Lost,Very High
15846.0,1,79.0,107.01,3.69,,,2010-11-19 14:40:00,2010-11-19 14:40:00,0,,United Kingdom,385,1,107.01,2,2,1,221,0,Lost,Very High
16630.0,1,72.0,106.8,26.7,,,2010-10-28 14:30:00,2010-10-28 14:30:00,0,,United Kingdom,407,1,106.8,2,2,1,221,0,Lost,Very High
16082.0,1,39.0,106.75,6.67,,,2010-02-07 15:16:00,2010-02-07 15:16:00,0,,United Kingdom,670,1,106.75,1,2,1,121,0,Lost,Very High
14637.0,1,100.0,106.68,15.24,,,2010-01-31 15:52:00,2010-01-31 15:52:00,0,,United Kingdom,677,1,106.68,1,2,1,121,0,Lost,Very High
15168.0,1,52.0,106.56,21.31,,,2011-11-14 11:26:00,2011-11-14 11:26:00,0,,United Kingdom,26,1,106.56,4,2,1,421,1,Regular,Low
15927.0,1,66.0,106.54,7.1,,,2010-03-02 13:25:00,2010-03-02 13:25:00,0,,United Kingdom,647,1,106.54,1,2,1,121,0,Lost,Very High
17791.0,1,46.0,106.1,10.61,,,2011-11-10 12:09:00,2011-11-10 12:09:00,0,,United Kingdom,30,1,106.1,4,2,1,421,1,Regular,Low
16581.0,1,134.0,105.84,11.76,,,2011-06-10 10:05:00,2011-06-10 10:05:00,0,,United Kingdom,183,1,105.84,3,2,1,321,1,Regular,Very High
18103.0,1,23.0,105.8,10.58,,,2010-06-08 13:36:00,2010-06-08 13:36:00,0,,United Kingdom,549,1,105.8,1,2,1,121,0,Lost,Very High
15642.0,1,270.0,105.78,17.63,,,2009-12-10 11:51:00,2009-12-10 11:51:00,0,,United Kingdom,730,1,105.78,1,2,1,121,0,Lost,Very High
14579.0,1,56.0,105.56,4.22,,,2010-10-03 14:36:00,2010-10-03 14:36:00,0,,United Kingdom,432,1,105.56,1,2,1,121,0,Lost,Very High
15340.0,1,76.0,105.5,15.07,,,2010-05-27 10:27:00,2010-05-27 10:27:00,0,,United Kingdom,562,1,105.5,1,2,1,121,0,Lost,Very High
14027.0,1,62.0,104.82,17.47,,,2011-10-10 09:01:00,2011-10-10 09:01:00,0,,United Kingdom,61,1,104.82,3,2,1,321,1,Regular,Medium
17328.0,1,86.0,104.7,17.45,,,2010-02-04 17:11:00,2010-02-04 17:11:00,0,,United Kingdom,673,1,104.7,1,2,1,121,0,Lost,Very High
16547.0,1,108.0,104.26,4.17,,,2010-06-11 13:02:00,2010-06-11 13:02:00,0,,United Kingdom,546,1,104.26,1,2,1,121,0,Lost,Very High
16375.0,2,74.0,104.0,8.0,,,2010-08-26 14:12:00,2010-08-26 14:25:00,0,0.0,United Kingdom,470,2,104.0,1,3,1,131,0,Lost,Very High
16896.0,1,18.0,103.95,5.78,,,2010-06-02 15:40:00,2010-06-02 15:40:00,0,,United Kingdom,555,1,103.95,1,2,1,121,0,Lost,Very High
14542.0,1,19.0,103.25,20.65,,,2011-06-07 08:19:00,2011-06-07 08:19:00,0,,United Kingdom,186,1,103.25,3,2,1,321,1,Regular,Very High
15924.0,1,103.0,102.82,6.85,,,2009-12-08 15:00:00,2009-12-08 15:00:00,0,,United Kingdom,731,1,102.82,1,2,1,121,0,Lost,Very High
18124.0,1,47.0,102.65,5.13,,,2010-08-24 17:21:00,2010-08-24 17:21:00,0,,United Kingdom,472,1,102.65,1,2,1,121,0,Lost,Very High
17467.0,1,20.0,102.6,25.65,,,2010-11-09 12:58:00,2010-11-09 12:58:00,0,,United Kingdom,395,1,102.6,2,2,1,221,0,Lost,Very High
14836.0,3,45.0,102.45,17.08,0.15,51.24,2011-11-09 13:26:00,2011-11-29 16:45:00,20,10.0,United Kingdom,10,3,102.45,5,3,1,531,1,Regular,Low
13829.0,1,12.0,102.0,102.0,,,2010-10-14 18:19:00,2010-10-14 18:19:00,0,,United Kingdom,421,1,102.0,1,2,1,121,0,Lost,Very High
15486.0,1,40.0,102.0,102.0,,,2010-06-30 13:15:00,2010-06-30 13:15:00,0,,United Kingdom,527,1,102.0,1,2,1,121,0,Lost,Very High
18068.0,1,6.0,101.7,101.7,,,2011-02-23 14:50:00,2011-02-23 14:50:00,0,,United Kingdom,289,1,101.7,2,2,1,221,0,Lost,Very High
16516.0,1,58.0,101.7,16.95,,,2011-11-09 14:59:00,2011-11-09 14:59:00,0,,United Kingdom,30,1,101.7,4,2,1,421,1,Regular,Low
16944.0,1,27.0,101.36,14.48,,,2010-04-09 11:03:00,2010-04-09 11:03:00,0,,United Kingdom,610,1,101.36,1,2,1,121,0,Lost,Very High
18086.0,1,106.0,101.34,14.48,,,2011-03-10 13:34:00,2011-03-10 13:34:00,0,,United Kingdom,274,1,101.34,2,2,1,221,0,Lost,Very High
18195.0,1,60.0,101.16,20.23,,,2010-11-17 15:03:00,2010-11-17 15:03:00,0,,United Kingdom,387,1,101.16,2,2,1,221,0,Lost,Very High
17741.0,2,114.0,101.1,16.85,0.013,33.73,2010-05-28 12:11:00,2010-10-29 11:59:00,154,154.0,United Kingdom,407,2,101.1,2,3,1,231,0,Lost,Very High
16498.0,2,45.0,100.97,6.73,2.0,13.46,2011-06-30 19:52:00,2011-07-01 15:07:00,1,1.0,United Kingdom,161,2,100.97,3,3,1,331,1,Regular,High
17493.0,1,62.0,100.91,12.61,,,2010-11-19 16:57:00,2010-11-19 16:57:00,0,,United Kingdom,385,1,100.91,2,2,1,221,0,Lost,Very High
14946.0,1,22.0,100.9,33.63,,,2011-11-25 13:33:00,2011-11-25 13:33:00,0,,United Kingdom,14,1,100.9,5,2,1,521,1,Regular,Low
17224.0,1,65.0,100.86,12.61,,,2010-07-26 13:30:00,2010-07-26 13:30:00,0,,United Kingdom,501,1,100.86,1,2,1,121,0,Lost,Very High
17427.0,1,34.0,100.8,50.4,,,2011-09-29 11:29:00,2011-09-29 11:29:00,0,,United Kingdom,72,1,100.8,3,2,1,321,1,Regular,Medium
14371.0,1,34.0,100.5,25.13,,,2011-02-17 16:35:00,2011-02-17 16:35:00,0,,United Kingdom,295,1,100.5,2,2,1,221,0,Lost,Very High
15635.0,1,5.0,100.35,50.18,,,2010-11-09 08:58:00,2010-11-09 08:58:00,0,,United Kingdom,396,1,100.35,2,2,1,221,0,Lost,Very High
17570.0,1,1.0,100.0,100.0,,,2010-11-23 11:56:00,2010-11-23 11:56:00,0,,United Kingdom,382,1,100.0,2,2,1,221,0,Lost,Very High
17939.0,1,40.0,99.14,8.26,,,2011-07-03 12:27:00,2011-07-03 12:27:00,0,,United Kingdom,160,1,99.14,3,2,1,321,1,Regular,High
12774.0,1,53.0,98.7,16.45,,,2010-06-22 10:38:00,2010-06-22 10:38:00,0,,Netherlands,536,1,98.7,1,2,1,121,0,Lost,Very High
17538.0,1,134.0,98.42,10.94,,,2011-11-14 12:12:00,2011-11-14 12:12:00,0,,United Kingdom,26,1,98.42,4,2,1,421,1,Regular,Low
16694.0,1,26.0,98.3,32.77,,,2009-12-16 15:45:00,2009-12-16 15:45:00,0,,United Kingdom,723,1,98.3,1,2,1,121,0,Lost,Very High
17395.0,1,66.0,97.5,32.5,,,2010-07-19 15:34:00,2010-07-19 15:34:00,0,,United Kingdom,508,1,97.5,1,2,1,121,0,Lost,Very High
12984.0,1,26.0,97.5,24.38,,,2011-11-21 12:37:00,2011-11-21 12:37:00,0,,United Kingdom,19,1,97.5,4,2,1,421,1,Regular,Low
14642.0,1,76.0,96.12,48.06,,,2011-10-12 11:08:00,2011-10-12 11:08:00,0,,United Kingdom,59,1,96.12,3,2,1,321,1,Regular,Medium
17816.0,6,80.0,96.11,2.14,0.0087,12.81,2009-12-15 15:27:00,2011-11-03 11:34:00,688,137.6,United Kingdom,37,6,96.11,4,4,1,441,1,Regular,Medium
13793.0,1,52.0,96.0,13.71,,,2010-03-03 08:25:00,2010-03-03 08:25:00,0,,United Kingdom,647,1,96.0,1,2,1,121,0,Lost,Very High
15583.0,1,56.0,95.96,2.46,,,2010-11-28 15:04:00,2010-11-28 15:04:00,0,,United Kingdom,376,1,95.96,2,2,1,221,0,Lost,Very High
17024.0,3,69.0,95.85,31.95,0.0268,95.9,2011-07-05 09:31:00,2011-10-25 13:47:00,112,56.0,United Kingdom,45,3,95.85,4,3,1,431,1,Regular,Medium
17895.0,1,127.0,95.45,6.36,,,2011-10-26 17:00:00,2011-10-26 17:00:00,0,,United Kingdom,44,1,95.45,4,2,1,421,1,Regular,Medium
18249.0,1,128.0,95.34,11.92,,,2011-11-22 15:07:00,2011-11-22 15:07:00,0,,United Kingdom,17,1,95.34,5,2,1,521,1,Regular,Low
12548.0,1,49.0,95.2,19.04,,,2011-06-26 15:35:00,2011-06-26 15:35:00,0,,Spain,166,1,95.2,3,2,1,321,1,Regular,High
15285.0,1,120.0,94.92,15.82,,,2010-10-28 09:46:00,2010-10-28 09:46:00,0,,United Kingdom,408,1,94.92,2,2,1,221,0,Lost,Very High
14833.0,1,58.0,94.8,13.54,,,2010-07-29 10:06:00,2010-07-29 10:06:00,0,,United Kingdom,499,1,94.8,1,2,1,121,0,Lost,Very High
15868.0,1,57.0,94.53,23.63,,,2010-05-05 14:11:00,2010-05-05 14:11:00,0,,United Kingdom,583,1,94.53,1,2,1,121,0,Lost,Very High
16339.0,1,21.0,94.05,5.23,,,2011-02-28 13:41:00,2011-02-28 13:41:00,0,,United Kingdom,284,1,94.05,2,2,1,221,0,Lost,Very High
15397.0,1,20.0,94.0,15.67,,,2011-02-23 09:25:00,2011-02-23 09:25:00,0,,United Kingdom,290,1,94.0,2,2,1,221,0,Lost,Very High
18033.0,1,252.0,93.82,2.84,,,2011-10-05 17:28:00,2011-10-05 17:28:00,0,,United Kingdom,65,1,93.82,3,2,1,321,1,Regular,Medium
14394.0,1,58.0,93.8,15.63,,,2010-05-24 10:43:00,2010-05-24 10:43:00,0,,United Kingdom,565,1,93.8,1,2,1,121,0,Lost,Very High
15305.0,1,40.0,93.6,18.72,,,2010-06-02 13:50:00,2010-06-02 13:50:00,0,,United Kingdom,555,1,93.6,1,2,1,121,0,Lost,Very High
15082.0,1,43.0,93.35,15.56,,,2010-02-09 10:23:00,2010-02-09 10:23:00,0,,United Kingdom,669,1,93.35,1,2,1,121,0,Lost,Very High
12992.0,1,21.0,93.35,15.56,,,2009-12-14 16:46:00,2009-12-14 16:46:00,0,,United Kingdom,725,1,93.35,1,2,1,121,0,Lost,Very High
16196.0,1,26.0,93.3,23.33,,,2010-08-08 11:40:00,2010-08-08 11:40:00,0,,United Kingdom,489,1,93.3,1,2,1,121,0,Lost,Very High
14865.0,4,204.0,92.52,15.42,0.0055,62.0,2009-12-01 16:05:00,2011-12-02 16:25:00,731,243.67,United Kingdom,7,4,92.52,5,4,1,541,1,Regular,Low
14054.0,1,62.0,92.46,15.41,,,2011-10-05 15:49:00,2011-10-05 15:49:00,0,,United Kingdom,65,1,92.46,3,2,1,321,1,Regular,Medium
16831.0,1,48.0,91.8,15.3,,,2010-05-24 09:08:00,2010-05-24 09:08:00,0,,United Kingdom,565,1,91.8,1,2,1,121,0,Lost,Very High
13160.0,1,56.0,91.8,22.95,,,2011-11-17 13:07:00,2011-11-17 13:07:00,0,,United Kingdom,22,1,91.8,4,2,1,421,1,Regular,Low
12659.0,1,105.0,91.68,18.34,,,2011-11-10 11:53:00,2011-11-10 11:53:00,0,,France,30,1,91.68,4,2,1,421,1,Regular,Low
13392.0,1,82.0,91.14,11.39,,,2010-01-31 13:34:00,2010-01-31 13:34:00,0,,United Kingdom,677,1,91.14,1,2,1,121,0,Lost,Very High
14786.0,1,112.0,90.96,12.99,,,2010-06-07 13:42:00,2010-06-07 13:42:00,0,,United Kingdom,550,1,90.96,1,2,1,121,0,Lost,Very High
13947.0,1,44.0,90.6,18.12,,,2011-10-05 14:42:00,2011-10-05 14:42:00,0,,United Kingdom,65,1,90.6,3,2,1,321,1,Regular,Medium
14435.0,1,282.0,90.42,30.14,,,2010-07-26 12:33:00,2010-07-26 12:33:00,0,,United Kingdom,502,1,90.42,1,2,1,121,0,Lost,Very High
16506.0,2,42.0,90.3,30.1,0.0952,60.18,2011-10-30 15:50:00,2011-11-20 12:17:00,21,21.0,United Kingdom,20,2,90.3,4,3,1,431,1,Regular,Low
16597.0,1,184.0,90.04,12.86,,,2011-12-05 15:44:00,2011-12-05 15:44:00,0,,United Kingdom,4,1,90.04,5,2,1,521,1,Regular,Low
14117.0,1,72.0,90.0,30.0,,,2011-07-19 09:49:00,2011-07-19 09:49:00,0,,United Kingdom,144,1,90.0,3,2,1,321,1,Regular,High
15686.0,1,72.0,90.0,90.0,,,2010-10-15 13:50:00,2010-10-15 13:50:00,0,,United Kingdom,420,1,90.0,1,2,1,121,0,Lost,Very High
14974.0,1,37.0,89.94,5.29,,,2011-11-02 13:01:00,2011-11-02 13:01:00,0,,United Kingdom,37,1,89.94,4,2,1,421,1,Regular,Medium
16061.0,1,19.0,89.65,29.88,,,2010-10-04 15:29:00,2010-10-04 15:29:00,0,,United Kingdom,431,1,89.65,1,2,1,121,0,Lost,Very High
13535.0,1,10.0,89.5,89.5,,,2010-11-02 11:49:00,2010-11-02 11:49:00,0,,United Kingdom,403,1,89.5,2,2,1,221,0,Lost,Very High
14760.0,1,40.0,89.2,17.84,,,2011-02-15 16:27:00,2011-02-15 16:27:00,0,,United Kingdom,297,1,89.2,2,2,1,221,0,Lost,Very High
12686.0,1,107.0,89.14,12.73,,,2010-12-03 09:51:00,2010-12-03 09:51:00,0,,France,372,1,89.14,2,2,1,221,0,Lost,Very High
13222.0,1,30.0,88.5,88.5,,,2010-05-11 13:54:00,2010-05-11 13:54:00,0,,United Kingdom,577,1,88.5,1,2,1,121,0,Lost,Very High
15603.0,2,128.0,88.48,22.12,0.0035,44.13,2010-03-01 16:02:00,2011-09-22 10:04:00,570,570.0,United Kingdom,79,2,88.48,3,3,1,331,1,Regular,Medium
15083.0,1,38.0,88.2,17.64,,,2011-03-28 12:18:00,2011-03-28 12:18:00,0,,United Kingdom,257,1,88.2,2,2,1,221,0,Lost,Very High
16564.0,1,40.0,87.8,17.56,,,2010-05-19 14:41:00,2010-05-19 14:41:00,0,,United Kingdom,569,1,87.8,1,2,1,121,0,Lost,Very High
17606.0,1,42.0,87.3,14.55,,,2009-12-02 13:32:00,2009-12-02 13:32:00,0,,United Kingdom,737,1,87.3,1,2,1,121,0,Lost,Very High
17763.0,4,41.0,86.15,6.15,0.0101,24.6,2010-02-18 14:32:00,2011-03-21 14:25:00,396,132.0,United Kingdom,263,4,86.15,2,4,1,241,0,Lost,Very High
13180.0,1,42.0,86.1,21.53,,,2010-04-11 13:37:00,2010-04-11 13:37:00,0,,United Kingdom,607,1,86.1,1,2,1,121,0,Lost,Very High
15541.0,1,49.0,85.13,2.94,,,2011-08-17 14:58:00,2011-08-17 14:58:00,0,,United Kingdom,114,1,85.13,3,2,1,321,1,Regular,High
13841.0,1,100.0,85.0,85.0,,,2011-04-01 12:10:00,2011-04-01 12:10:00,0,,United Kingdom,253,1,85.0,2,2,1,221,0,Lost,Very High
12401.0,1,11.0,84.3,16.86,,,2011-02-09 13:50:00,2011-02-09 13:50:00,0,,Belgium,303,1,84.3,2,2,1,221,0,Lost,Very High
15094.0,2,28.0,83.0,16.6,0.011,33.05,2010-03-05 12:56:00,2010-09-02 16:55:00,181,181.0,United Kingdom,463,2,83.0,1,3,1,131,0,Lost,Very High
14347.0,1,48.0,82.6,13.77,,,2009-12-03 10:49:00,2009-12-03 10:49:00,0,,United Kingdom,737,1,82.6,1,2,1,121,0,Lost,Very High
13469.0,1,52.0,82.4,13.73,,,2010-02-24 15:03:00,2010-02-24 15:03:00,0,,United Kingdom,653,1,82.4,1,2,1,121,0,Lost,Very High
16028.0,1,18.0,82.2,16.44,,,2010-04-23 11:45:00,2010-04-23 11:45:00,0,,United Kingdom,596,1,82.2,1,2,1,121,0,Lost,Very High
13215.0,1,96.0,81.6,81.6,,,2010-11-02 18:26:00,2010-11-02 18:26:00,0,,United Kingdom,402,1,81.6,2,2,1,221,0,Lost,Very High
13006.0,1,55.0,81.57,20.39,,,2011-10-14 13:49:00,2011-10-14 13:49:00,0,,United Kingdom,56,1,81.57,4,2,1,421,1,Regular,Medium
17620.0,1,60.0,81.44,20.36,,,2011-10-11 12:08:00,2011-10-11 12:08:00,0,,United Kingdom,60,1,81.44,3,2,1,321,1,Regular,Medium
17008.0,1,24.0,81.36,81.36,,,2010-10-06 15:19:00,2010-10-06 15:19:00,0,,United Kingdom,429,1,81.36,1,2,1,121,0,Lost,Very High
14717.0,1,32.0,81.3,7.39,,,2009-12-06 13:05:00,2009-12-06 13:05:00,0,,United Kingdom,733,1,81.3,1,2,1,121,0,Lost,Very High
15170.0,1,33.0,81.15,20.29,,,2010-10-29 10:34:00,2010-10-29 10:34:00,0,,United Kingdom,407,1,81.15,2,2,1,221,0,Lost,Very High
17336.0,1,48.0,81.12,81.12,,,2010-08-24 15:37:00,2010-08-24 15:37:00,0,,United Kingdom,472,1,81.12,1,2,1,121,0,Lost,Very High
16789.0,1,32.0,80.8,16.16,,,2011-12-01 15:12:00,2011-12-01 15:12:00,0,,United Kingdom,8,1,80.8,5,2,1,521,1,Regular,Low
17752.0,1,192.0,80.64,80.64,,,2010-12-15 16:19:00,2010-12-15 16:19:00,0,,United Kingdom,359,1,80.64,2,2,1,221,0,Lost,Very High
15833.0,1,24.0,80.4,16.08,,,2009-12-02 11:59:00,2009-12-02 11:59:00,0,,United Kingdom,738,1,80.4,1,2,1,121,0,Lost,Very High
15131.0,1,88.0,80.28,11.47,,,2010-11-10 12:07:00,2010-11-10 12:07:00,0,,United Kingdom,395,1,80.28,2,2,1,221,0,Lost,Very High
14190.0,1,2.0,79.9,79.9,,,2010-02-11 14:27:00,2010-02-11 14:27:00,0,,United Kingdom,666,1,79.9,1,2,1,121,0,Lost,Very High
16165.0,1,2.0,79.9,79.9,,,2010-07-22 14:17:00,2010-07-22 14:17:00,0,,United Kingdom,505,1,79.9,1,2,1,121,0,Lost,Very High
14007.0,1,16.0,79.48,15.9,,,2010-07-15 09:06:00,2010-07-15 09:06:00,0,,United Kingdom,513,1,79.48,1,2,1,121,0,Lost,Very High
15753.0,1,144.0,79.2,79.2,,,2011-02-08 12:41:00,2011-02-08 12:41:00,0,,United Kingdom,305,1,79.2,2,2,1,221,0,Lost,Very High
12570.0,1,1.0,77.52,77.52,,,2010-01-26 17:28:00,2010-01-26 17:28:00,0,,Spain,682,1,77.52,1,2,1,121,0,Lost,Very High
17942.0,1,38.0,77.5,38.75,,,2011-12-02 10:45:00,2011-12-02 10:45:00,0,,United Kingdom,8,1,77.5,5,2,1,521,1,Regular,Low
14785.0,2,84.0,77.4,25.8,0.4,51.6,2011-11-24 13:40:00,2011-11-29 13:21:00,5,5.0,United Kingdom,10,2,77.4,5,3,1,531,1,Regular,Low
13132.0,1,20.0,77.3,25.77,,,2011-03-23 12:44:00,2011-03-23 12:44:00,0,,United Kingdom,262,1,77.3,2,2,1,221,0,Lost,Very High
16867.0,1,58.0,76.74,12.79,,,2010-01-19 09:11:00,2010-01-19 09:11:00,0,,United Kingdom,690,1,76.74,1,2,1,121,0,Lost,Very High
14373.0,1,17.0,76.55,19.14,,,2010-12-16 15:40:00,2010-12-16 15:40:00,0,,United Kingdom,358,1,76.55,2,2,1,221,0,Lost,Very High
14613.0,1,72.0,76.32,76.32,,,2010-01-28 13:02:00,2010-01-28 13:02:00,0,,United Kingdom,680,1,76.32,1,2,1,121,0,Lost,Very High
15668.0,1,72.0,76.32,76.32,,,2011-05-06 10:39:00,2011-05-06 10:39:00,0,,United Kingdom,218,1,76.32,2,2,1,221,1,Regular,Very High
14090.0,1,72.0,76.32,76.32,,,2011-01-19 10:51:00,2011-01-19 10:51:00,0,,United Kingdom,325,1,76.32,2,2,1,221,0,Lost,Very High
18113.0,1,72.0,76.32,76.32,,,2010-12-06 12:31:00,2010-12-06 12:31:00,0,,United Kingdom,369,1,76.32,2,2,1,221,0,Lost,Very High
13219.0,1,11.0,76.23,6.93,,,2010-03-31 14:18:00,2010-03-31 14:18:00,0,,United Kingdom,618,1,76.23,1,2,1,121,0,Lost,Very High
17628.0,1,79.0,75.75,15.15,,,2011-09-19 15:21:00,2011-09-19 15:21:00,0,,United Kingdom,81,1,75.75,3,2,1,321,1,Regular,Medium
16610.0,1,66.0,75.66,12.61,,,2011-05-04 13:13:00,2011-05-04 13:13:00,0,,United Kingdom,219,1,75.66,2,2,1,221,1,Regular,Very High
14559.0,1,72.0,75.6,37.8,,,2010-11-14 16:05:00,2010-11-14 16:05:00,0,,United Kingdom,390,1,75.6,2,2,1,221,0,Lost,Very High
17192.0,1,45.0,75.28,3.76,,,2010-06-21 16:07:00,2010-06-21 16:07:00,0,,United Kingdom,536,1,75.28,1,2,1,121,0,Lost,Very High
16420.0,1,120.0,75.0,37.5,,,2010-11-08 15:15:00,2010-11-08 15:15:00,0,,United Kingdom,396,1,75.0,2,2,1,221,0,Lost,Very High
17944.0,1,84.0,74.99,3.0,,,2010-10-12 16:25:00,2010-10-12 16:25:00,0,,United Kingdom,423,1,74.99,1,2,1,121,0,Lost,Very High
13095.0,1,144.0,74.4,12.4,,,2011-09-30 12:03:00,2011-09-30 12:03:00,0,,United Kingdom,71,1,74.4,3,2,1,321,1,Regular,Medium
12506.0,1,23.0,73.5,3.2,,,2011-04-21 08:54:00,2011-04-21 08:54:00,0,,France,233,1,73.5,2,2,1,221,1,Regular,Very High
18032.0,1,42.0,73.5,14.7,,,2011-01-09 15:32:00,2011-01-09 15:32:00,0,,United Kingdom,334,1,73.5,2,2,1,221,0,Lost,Very High
16171.0,1,24.0,73.2,24.4,,,2011-10-11 14:51:00,2011-10-11 14:51:00,0,,United Kingdom,59,1,73.2,3,2,1,321,1,Regular,Medium
17906.0,1,26.0,72.9,6.08,,,2011-04-06 17:25:00,2011-04-06 17:25:00,0,,United Kingdom,247,1,72.9,2,2,1,221,1,Regular,Very High
13105.0,1,100.0,72.0,72.0,,,2010-09-29 13:41:00,2010-09-29 13:41:00,0,,United Kingdom,436,1,72.0,1,2,1,121,0,Lost,Very High
16459.0,1,59.0,71.79,14.36,,,2009-12-10 12:42:00,2009-12-10 12:42:00,0,,United Kingdom,730,1,71.79,1,2,1,121,0,Lost,Very High
13938.0,1,70.0,71.66,10.24,,,2011-11-04 14:37:00,2011-11-04 14:37:00,0,,United Kingdom,35,1,71.66,4,2,1,421,1,Regular,Medium
17747.0,1,12.0,71.4,71.4,,,2011-08-19 08:13:00,2011-08-19 08:13:00,0,,United Kingdom,113,1,71.4,3,2,1,321,1,Regular,High
13185.0,1,12.0,71.4,71.4,,,2011-03-17 11:56:00,2011-03-17 11:56:00,0,,United Kingdom,268,1,71.4,2,2,1,221,0,Lost,Very High
16970.0,1,12.0,71.4,35.7,,,2010-03-23 13:50:00,2010-03-23 13:50:00,0,,United Kingdom,626,1,71.4,1,2,1,121,0,Lost,Very High
13915.0,1,24.0,70.8,35.4,,,2010-11-10 15:17:00,2010-11-10 15:17:00,0,,United Kingdom,394,1,70.8,2,2,1,221,0,Lost,Very High
15564.0,2,42.0,70.74,17.69,0.0094,35.42,2010-02-01 15:58:00,2010-09-02 15:52:00,213,213.0,United Kingdom,463,2,70.74,1,3,1,131,0,Lost,Very High
12568.0,1,48.0,70.0,14.0,,,2010-03-05 09:15:00,2010-03-05 09:15:00,0,,Germany,645,1,70.0,1,2,1,121,0,Lost,Very High
13172.0,1,48.0,69.6,69.6,,,2010-11-04 15:10:00,2010-11-04 15:10:00,0,,United Kingdom,400,1,69.6,2,2,1,221,0,Lost,Very High
14906.0,1,1.0,68.44,68.44,,,2010-09-20 16:30:00,2010-09-20 16:30:00,0,,United Kingdom,445,1,68.44,1,2,1,121,0,Lost,Very High
12861.0,1,27.0,68.25,17.06,,,2010-03-30 11:39:00,2010-03-30 11:39:00,0,,United Kingdom,620,1,68.25,1,2,1,121,0,Lost,Very High
17249.0,1,79.0,68.03,2.52,,,2010-10-07 11:33:00,2010-10-07 11:33:00,0,,United Kingdom,429,1,68.03,1,2,1,121,0,Lost,Very High
14393.0,1,13.0,67.95,13.59,,,2011-05-05 18:16:00,2011-05-05 18:16:00,0,,United Kingdom,218,1,67.95,2,2,1,221,1,Regular,Very High
17532.0,1,30.0,65.34,16.34,,,2010-11-19 08:13:00,2010-11-19 08:13:00,0,,United Kingdom,386,1,65.34,2,2,1,221,0,Lost,Very High
13022.0,1,35.0,65.3,13.06,,,2010-10-06 10:50:00,2010-10-06 10:50:00,0,,Belgium,430,1,65.3,1,2,1,121,0,Lost,Very High
13130.0,1,32.0,64.0,32.0,,,2011-09-06 15:30:00,2011-09-06 15:30:00,0,,United Kingdom,94,1,64.0,3,2,1,321,1,Regular,High
16238.0,1,85.0,63.66,10.61,,,2010-10-13 12:36:00,2010-10-13 12:36:00,0,,United Kingdom,423,1,63.66,1,2,1,121,0,Lost,Very High
17216.0,1,21.0,63.6,4.89,,,2010-06-03 13:03:00,2010-06-03 13:03:00,0,,United Kingdom,554,1,63.6,1,2,1,121,0,Lost,Very High
17263.0,1,36.0,63.44,2.76,,,2011-05-15 14:32:00,2011-05-15 14:32:00,0,,United Kingdom,208,1,63.44,2,2,1,221,1,Regular,Very High
15470.0,1,232.0,63.42,15.85,,,2010-05-13 09:35:00,2010-05-13 09:35:00,0,,United Kingdom,576,1,63.42,1,2,1,121,0,Lost,Very High
12404.0,1,1.0,63.24,63.24,,,2010-01-26 16:25:00,2010-01-26 16:25:00,0,,Finland,682,1,63.24,1,2,1,121,0,Lost,Very High
16058.0,1,18.0,62.7,31.35,,,2010-10-29 16:48:00,2010-10-29 16:48:00,0,,United Kingdom,406,1,62.7,2,2,1,221,0,Lost,Very High
13218.0,1,88.0,62.64,12.53,,,2011-08-04 16:59:00,2011-08-04 16:59:00,0,,United Kingdom,127,1,62.64,3,2,1,321,1,Regular,High
14650.0,1,22.0,62.5,15.63,,,2010-04-29 20:27:00,2010-04-29 20:27:00,0,,United Kingdom,589,1,62.5,1,2,1,121,0,Lost,Very High
15516.0,3,27.0,62.43,4.16,1.5,12.48,2011-10-24 11:33:00,2011-10-26 10:51:00,2,1.0,United Kingdom,45,3,62.43,4,3,1,431,1,Regular,Medium
13380.0,1,48.0,62.4,20.8,,,2010-10-03 10:18:00,2010-10-03 10:18:00,0,,United Kingdom,433,1,62.4,1,2,1,121,0,Lost,Very High
13303.0,1,26.0,61.72,15.43,,,2010-11-04 14:55:00,2010-11-04 14:55:00,0,,United Kingdom,400,1,61.72,2,2,1,221,0,Lost,Very High
13818.0,1,60.0,61.28,12.26,,,2010-10-06 12:35:00,2010-10-06 12:35:00,0,,United Kingdom,430,1,61.28,1,2,1,121,0,Lost,Very High
15375.0,1,84.0,60.96,10.16,,,2010-01-18 15:38:00,2010-01-18 15:38:00,0,,United Kingdom,690,1,60.96,1,2,1,121,0,Lost,Very High
16605.0,1,144.0,60.48,60.48,,,2009-12-15 19:03:00,2009-12-15 19:03:00,0,,United Kingdom,724,1,60.48,1,2,1,121,0,Lost,Very High
15250.0,1,48.0,60.0,20.0,,,2010-03-09 07:35:00,2010-03-09 07:35:00,0,,United Kingdom,641,1,60.0,1,2,1,121,0,Lost,Very High
17174.0,1,41.0,59.9,14.98,,,2011-05-06 11:47:00,2011-05-06 11:47:00,0,,United Kingdom,218,1,59.9,2,2,1,221,1,Regular,Very High
13391.0,1,4.0,59.8,59.8,,,2011-05-20 10:50:00,2011-05-20 10:50:00,0,,United Kingdom,204,1,59.8,2,2,1,221,1,Regular,Very High
13682.0,1,10.0,59.5,19.83,,,2011-06-05 14:06:00,2011-06-05 14:06:00,0,,United Kingdom,187,1,59.5,3,2,1,321,1,Regular,Very High
15233.0,1,12.0,59.4,59.4,,,2010-11-03 13:36:00,2010-11-03 13:36:00,0,,United Kingdom,401,1,59.4,2,2,1,221,0,Lost,Very High
15371.0,1,12.0,59.4,59.4,,,2010-02-15 13:14:00,2010-02-15 13:14:00,0,,United Kingdom,662,1,59.4,1,2,1,121,0,Lost,Very High
14384.0,1,30.0,58.5,19.5,,,2010-07-27 09:53:00,2010-07-27 09:53:00,0,,United Kingdom,501,1,58.5,1,2,1,121,0,Lost,Very High
12466.0,1,1.0,56.73,56.73,,,2010-01-26 16:26:00,2010-01-26 16:26:00,0,,France,682,1,56.73,1,2,1,121,0,Lost,Very High
17775.0,1,72.0,56.4,18.8,,,2011-03-30 10:50:00,2011-03-30 10:50:00,0,,United Kingdom,255,1,56.4,2,2,1,221,0,Lost,Very High
15899.0,1,39.0,56.25,14.06,,,2010-12-06 10:36:00,2010-12-06 10:36:00,0,,United Kingdom,369,1,56.25,2,2,1,221,0,Lost,Very High
13366.0,1,144.0,56.16,56.16,,,2011-10-20 13:37:00,2011-10-20 13:37:00,0,,United Kingdom,50,1,56.16,4,2,1,421,1,Regular,Medium
15685.0,1,36.0,55.98,3.29,,,2010-09-15 13:43:00,2010-09-15 13:43:00,0,,United Kingdom,450,1,55.98,1,2,1,121,0,Lost,Very High
12776.0,1,46.0,55.5,13.88,,,2010-02-10 12:11:00,2010-02-10 12:11:00,0,,Portugal,668,1,55.5,1,2,1,121,0,Lost,Very High
17494.0,1,26.0,54.7,18.23,,,2010-07-26 10:06:00,2010-07-26 10:06:00,0,,United Kingdom,502,1,54.7,1,2,1,121,0,Lost,Very High
12860.0,1,26.0,54.22,3.39,,,2010-01-15 15:22:00,2010-01-15 15:22:00,0,,United Kingdom,693,1,54.22,1,2,1,121,0,Lost,Very High
13306.0,1,74.0,53.65,13.41,,,2010-10-05 14:55:00,2010-10-05 14:55:00,0,,United Kingdom,430,1,53.65,1,2,1,121,0,Lost,Very High
16349.0,1,9.0,53.5,5.94,,,2011-02-22 12:40:00,2011-02-22 12:40:00,0,,United Kingdom,291,1,53.5,2,2,1,221,0,Lost,Very High
17599.0,1,11.0,52.05,17.35,,,2010-08-19 12:50:00,2010-08-19 12:50:00,0,,United Kingdom,478,1,52.05,1,2,1,121,0,Lost,Very High
15313.0,1,25.0,52.0,52.0,,,2011-08-21 16:02:00,2011-08-21 16:02:00,0,,United Kingdom,110,1,52.0,3,2,1,321,1,Regular,High
16786.0,1,72.0,51.84,51.84,,,2010-11-11 08:25:00,2010-11-11 08:25:00,0,,United Kingdom,394,1,51.84,2,2,1,221,0,Lost,Very High
17844.0,1,52.0,51.56,10.31,,,2011-08-25 11:27:00,2011-08-25 11:27:00,0,,Canada,107,1,51.56,3,2,1,321,1,Regular,High
13254.0,1,43.0,51.41,12.85,,,2010-11-28 15:42:00,2010-11-28 15:42:00,0,,United Kingdom,376,1,51.41,2,2,1,221,0,Lost,Very High
14351.0,1,12.0,51.0,51.0,,,2011-06-28 11:56:00,2011-06-28 11:56:00,0,,United Kingdom,165,1,51.0,3,2,1,321,1,Regular,High
13011.0,1,13.0,50.55,16.85,,,2010-12-02 17:22:00,2010-12-02 17:22:00,0,,United Kingdom,372,1,50.55,2,2,1,221,0,Lost,Very High
14743.0,1,40.0,50.48,16.83,,,2010-04-26 10:26:00,2010-04-26 10:26:00,0,,United Kingdom,593,1,50.48,1,2,1,121,0,Lost,Very High
18184.0,1,60.0,49.8,49.8,,,2011-11-24 15:28:00,2011-11-24 15:28:00,0,,United Kingdom,15,1,49.8,5,2,1,521,1,Regular,Low
14380.0,1,1.0,48.96,48.96,,,2010-01-26 17:11:00,2010-01-26 17:11:00,0,,United Kingdom,682,1,48.96,1,2,1,121,0,Lost,Very High
16530.0,1,17.0,48.35,16.12,,,2010-02-09 15:30:00,2010-02-09 15:30:00,0,,United Kingdom,668,1,48.35,1,2,1,121,0,Lost,Very High
16257.0,1,2.0,46.95,23.48,,,2011-06-16 10:11:00,2011-06-16 10:11:00,0,,United Kingdom,177,1,46.95,3,2,1,321,1,Regular,High
13438.0,1,10.0,46.5,46.5,,,2010-06-10 18:46:00,2010-06-10 18:46:00,0,,United Kingdom,547,1,46.5,1,2,1,121,0,Lost,Very High
15698.0,1,60.0,46.2,23.1,,,2010-03-25 17:38:00,2010-03-25 17:38:00,0,,United Kingdom,624,1,46.2,1,2,1,121,0,Lost,Very High
12496.0,2,30.0,45.34,4.53,,,2010-03-29 13:57:00,2010-03-29 14:06:00,0,0.0,Spain,620,2,45.34,1,3,1,131,0,Lost,Very High
15672.0,1,10.0,45.3,15.1,,,2009-12-14 16:52:00,2009-12-14 16:52:00,0,,United Kingdom,725,1,45.3,1,2,1,121,0,Lost,Very High
17916.0,2,90.0,43.87,2.31,0.019,4.61,2009-12-06 14:10:00,2010-03-21 12:26:00,105,105.0,United Kingdom,629,2,43.87,1,3,1,131,0,Lost,Very High
14300.0,1,32.0,43.2,14.4,,,2011-11-21 08:57:00,2011-11-21 08:57:00,0,,United Kingdom,19,1,43.2,4,2,1,421,1,Regular,Low
13913.0,1,10.0,42.22,14.07,,,2010-07-21 10:11:00,2010-07-21 10:11:00,0,,United Kingdom,507,1,42.22,1,2,1,121,0,Lost,Very High
13906.0,1,100.0,42.0,42.0,,,2010-10-26 15:00:00,2010-10-26 15:00:00,0,,United Kingdom,409,1,42.0,2,2,1,221,0,Lost,Very High
16219.0,1,48.0,40.8,40.8,,,2010-07-27 11:44:00,2010-07-27 11:44:00,0,,United Kingdom,501,1,40.8,1,2,1,121,0,Lost,Very High
14266.0,1,24.0,40.56,40.56,,,2010-10-07 13:32:00,2010-10-07 13:32:00,0,,United Kingdom,428,1,40.56,1,2,1,121,0,Lost,Very High
15178.0,1,30.0,40.5,13.5,,,2011-03-24 15:12:00,2011-03-24 15:12:00,0,,United Kingdom,260,1,40.5,2,2,1,221,0,Lost,Very High
14086.0,1,1.0,39.95,39.95,,,2010-09-03 10:52:00,2010-09-03 10:52:00,0,,United Kingdom,463,1,39.95,1,2,1,121,0,Lost,Very High
14589.0,1,5.0,39.75,13.25,,,2010-12-03 11:42:00,2010-12-03 11:42:00,0,,United Kingdom,372,1,39.75,2,2,1,221,0,Lost,Very High
16659.0,1,72.0,39.12,19.56,,,2011-06-03 15:03:00,2011-06-03 15:03:00,0,,United Kingdom,189,1,39.12,2,2,1,221,1,Regular,Very High
17246.0,2,36.0,38.92,6.49,0.0104,12.96,2009-12-01 17:45:00,2010-06-11 12:36:00,192,192.0,United Kingdom,547,2,38.92,1,3,1,131,0,Lost,Very High
18019.0,1,7.0,38.45,7.69,,,2011-10-19 12:10:00,2011-10-19 12:10:00,0,,United Kingdom,52,1,38.45,4,2,1,421,1,Regular,Medium
15455.0,1,3.0,38.25,19.13,,,2010-04-21 12:43:00,2010-04-21 12:43:00,0,,United Kingdom,598,1,38.25,1,2,1,121,0,Lost,Very High
15693.0,1,30.0,37.5,37.5,,,2010-02-18 14:37:00,2010-02-18 14:37:00,0,,United Kingdom,659,1,37.5,1,2,1,121,0,Lost,Very High
16162.0,1,4.0,37.4,18.7,,,2011-04-01 15:03:00,2011-04-01 15:03:00,0,,United Kingdom,252,1,37.4,2,2,1,221,0,Lost,Very High
17352.0,1,15.0,36.25,7.25,,,2010-01-12 16:13:00,2010-01-12 16:13:00,0,,United Kingdom,696,1,36.25,1,2,1,121,0,Lost,Very High
14993.0,1,21.0,36.13,3.61,,,2010-05-25 12:47:00,2010-05-25 12:47:00,0,,United Kingdom,564,1,36.13,1,2,1,121,0,Lost,Very High
15940.0,1,4.0,35.8,35.8,,,2011-02-01 16:18:00,2011-02-01 16:18:00,0,,United Kingdom,311,1,35.8,2,2,1,221,0,Lost,Very High
16417.0,1,6.0,35.7,35.7,,,2010-08-04 09:08:00,2010-08-04 09:08:00,0,,United Kingdom,493,1,35.7,1,2,1,121,0,Lost,Very High
14576.0,1,12.0,35.4,35.4,,,2010-12-02 17:51:00,2010-12-02 17:51:00,0,,United Kingdom,372,1,35.4,2,2,1,221,0,Lost,Very High
17831.0,1,12.0,35.4,17.7,,,2011-11-06 15:09:00,2011-11-06 15:09:00,0,,United Kingdom,33,1,35.4,4,2,1,421,1,Regular,Medium
17533.0,1,24.0,34.8,34.8,,,2010-10-01 09:14:00,2010-10-01 09:14:00,0,,United Kingdom,435,1,34.8,1,2,1,121,0,Lost,Very High
15744.0,1,120.0,34.8,11.6,,,2011-09-23 09:52:00,2011-09-23 09:52:00,0,,United Kingdom,78,1,34.8,3,2,1,321,1,Regular,Medium
15871.0,1,5.0,33.1,6.62,,,2010-09-28 14:16:00,2010-09-28 14:16:00,0,,United Kingdom,437,1,33.1,1,2,1,121,0,Lost,Very High
16941.0,1,12.0,33.0,16.5,,,2010-04-07 11:13:00,2010-04-07 11:13:00,0,,United Kingdom,612,1,33.0,1,2,1,121,0,Lost,Very High
14977.0,1,17.0,31.93,7.98,,,2009-12-14 10:37:00,2009-12-14 10:37:00,0,,United Kingdom,726,1,31.93,1,2,1,121,0,Lost,Very High
17129.0,1,5.0,31.85,15.93,,,2010-07-07 13:46:00,2010-07-07 13:46:00,0,,United Kingdom,520,1,31.85,1,2,1,121,0,Lost,Very High
16454.0,4,9.0,30.95,7.74,0.0071,31.16,2010-04-07 15:54:00,2011-10-26 11:40:00,567,189.0,United Kingdom,45,4,30.95,4,4,1,441,1,Regular,Medium
13120.0,1,12.0,30.6,30.6,,,2011-04-15 10:19:00,2011-04-15 10:19:00,0,,United Kingdom,239,1,30.6,2,2,1,221,1,Regular,Very High
14144.0,1,12.0,30.6,30.6,,,2010-08-10 15:17:00,2010-08-10 15:17:00,0,,United Kingdom,486,1,30.6,1,2,1,121,0,Lost,Very High
16548.0,1,6.0,30.15,5.03,,,2010-04-19 16:15:00,2010-04-19 16:15:00,0,,United Kingdom,599,1,30.15,1,2,1,121,0,Lost,Very High
15575.0,1,6.0,30.1,10.03,,,2010-03-30 12:50:00,2010-03-30 12:50:00,0,,United Kingdom,620,1,30.1,1,2,1,121,0,Lost,Very High
15657.0,1,24.0,30.0,30.0,,,2011-11-17 12:19:00,2011-11-17 12:19:00,0,,United Kingdom,23,1,30.0,4,2,1,421,1,Regular,Low
17319.0,1,14.0,29.1,9.7,,,2010-02-08 15:47:00,2010-02-08 15:47:00,0,,United Kingdom,669,1,29.1,1,2,1,121,0,Lost,Very High
17102.0,1,2.0,25.5,25.5,,,2011-03-23 10:08:00,2011-03-23 10:08:00,0,,United Kingdom,262,1,25.5,2,2,1,221,0,Lost,Very High
15284.0,1,5.0,24.75,24.75,,,2010-07-27 13:25:00,2010-07-27 13:25:00,0,,United Kingdom,500,1,24.75,1,2,1,121,0,Lost,Very High
14610.0,2,15.0,24.35,2.44,0.0168,4.88,2010-07-13 16:06:00,2010-11-09 10:58:00,119,119.0,United Kingdom,396,2,24.35,2,3,1,231,0,Lost,Very High
16537.0,1,59.0,23.35,5.84,,,2010-03-08 13:41:00,2010-03-08 13:41:00,0,,United Kingdom,641,1,23.35,1,2,1,121,0,Lost,Very High
12606.0,1,1.0,21.0,21.0,,,2010-01-26 16:23:00,2010-01-26 16:23:00,0,,Spain,682,1,21.0,1,2,1,121,0,Lost,Very High
16953.0,1,10.0,20.8,20.8,,,2011-11-09 15:54:00,2011-11-09 15:54:00,0,,United Kingdom,30,1,20.8,4,2,1,421,1,Regular,Low
17986.0,1,10.0,20.8,20.8,,,2011-10-14 14:22:00,2011-10-14 14:22:00,0,,United Kingdom,56,1,20.8,4,2,1,421,1,Regular,Medium
13112.0,1,11.0,20.6,10.3,,,2010-06-16 17:03:00,2010-06-16 17:03:00,0,,United Kingdom,541,1,20.6,1,2,1,121,0,Lost,Very High
15999.0,1,24.0,20.4,20.4,,,2009-12-04 12:31:00,2009-12-04 12:31:00,0,,United Kingdom,736,1,20.4,1,2,1,121,0,Lost,Very High
13163.0,1,3.0,17.65,8.82,,,2010-04-08 16:21:00,2010-04-08 16:21:00,0,,United Kingdom,610,1,17.65,1,2,1,121,0,Lost,Very High
16093.0,1,20.0,17.0,17.0,,,2011-08-25 11:09:00,2011-08-25 11:09:00,0,,United Kingdom,107,1,17.0,3,2,1,321,1,Regular,High
12846.0,1,1.0,15.58,15.58,,,2010-01-26 16:29:00,2010-01-26 16:29:00,0,,United Kingdom,682,1,15.58,1,2,1,121,0,Lost,Very High
14580.0,1,3.0,14.85,14.85,,,2010-07-09 15:20:00,2010-07-09 15:20:00,0,,United Kingdom,518,1,14.85,1,2,1,121,0,Lost,Very High
14900.0,1,48.0,13.92,13.92,,,2010-07-05 15:09:00,2010-07-05 15:09:00,0,,United Kingdom,522,1,13.92,1,2,1,121,0,Lost,Very High
16878.0,1,12.0,13.3,4.43,,,2011-09-16 17:39:00,2011-09-16 17:39:00,0,,United Kingdom,84,1,13.3,3,2,1,321,1,Regular,Medium
17956.0,1,1.0,12.75,12.75,,,2011-04-04 13:47:00,2011-04-04 13:47:00,0,,United Kingdom,249,1,12.75,2,2,1,221,0,Lost,Very High
17378.0,1,1.0,10.95,10.95,,,2010-11-30 18:46:00,2010-11-30 18:46:00,0,,United Kingdom,374,1,10.95,2,2,1,221,0,Lost,Very High
18115.0,1,3.0,9.7,3.23,,,2010-01-11 11:57:00,2010-01-11 11:57:00,0,,United Kingdom,698,1,9.7,1,2,1,121,0,Lost,Very High
15040.0,1,1.0,7.49,7.49,,,2010-06-16 11:40:00,2010-06-16 11:40:00,0,,United Kingdom,542,1,7.49,1,2,1,121,0,Lost,Very High
15913.0,1,3.0,6.3,6.3,,,2010-06-23 16:31:00,2010-06-23 16:31:00,0,,United Kingdom,534,1,6.3,1,2,1,121,0,Lost,Very High
14792.0,1,2.0,6.2,3.1,,,2011-10-07 09:19:00,2011-10-07 09:19:00,0,,United Kingdom,64,1,6.2,3,2,1,321,1,Regular,Medium
16738.0,1,3.0,3.75,3.75,,,2011-02-15 09:46:00,2011-02-15 09:46:00,0,,United Kingdom,298,1,3.75,2,2,1,221,0,Lost,Very High
13788.0,1,1.0,3.75,3.75,,,2010-07-22 15:50:00,2010-07-22 15:50:00,0,,United Kingdom,505,1,3.75,1,2,1,121,0,Lost,Very High
14095.0,1,1.0,2.95,2.95,,,2009-12-17 12:49:00,2009-12-17 12:49:00,0,,United Kingdom,723,1,2.95,1,2,1,121,0,Lost,Very High
